Date,Open,High,Low,Close,Adj Close,Volume
2000-06-05,3773.239990,3875.659912,3765.600098,3821.760010,3821.760010,1455960000
2000-06-06,3825.979980,3884.010010,3749.179932,3756.370117,3756.370117,1603060000
2000-06-07,3766.550049,3839.370117,3725.870117,3839.260010,3839.260010,1431220000
2000-06-08,3886.040039,3890.020020,3797.409912,3825.560059,3825.560059,1399250000
2000-06-09,3892.750000,3893.669922,3847.709961,3874.840088,3874.840088,1268720000
2000-06-12,3892.050049,3892.050049,3767.879883,3767.909912,3767.909912,1281000000
2000-06-13,3743.909912,3851.429932,3695.350098,3851.060059,3851.060059,1398790000
2000-06-14,3875.040039,3883.340088,3797.000000,3797.409912,3797.409912,1400300000
2000-06-15,3802.189941,3849.939941,3763.739990,3845.739990,3845.739990,1426630000
2000-06-16,3877.070068,3883.149902,3822.340088,3860.560059,3860.560059,1501190000
2000-06-19,3818.649902,3990.790039,3818.649902,3989.830078,3989.830078,1411400000
2000-06-20,4003.090088,4050.580078,3982.229980,4013.360107,4013.360107,1694520000
2000-06-21,3965.370117,4073.159912,3961.300049,4064.010010,4064.010010,1541900000
2000-06-22,4073.729980,4073.729980,3936.840088,3936.840088,3936.840088,1639540000
2000-06-23,3950.050049,3957.679932,3830.229980,3845.340088,3845.340088,1344960000
2000-06-26,3884.649902,3935.120117,3852.409912,3912.120117,3912.120117,1316960000
2000-06-27,3904.399902,3945.750000,3858.949951,3858.959961,3858.959961,1476020000
2000-06-28,3877.770020,3974.479980,3872.169922,3940.340088,3940.340088,1660130000
2000-06-29,3900.290039,3929.100098,3838.850098,3877.229980,3877.229980,1550990000
2000-06-30,3889.510010,3967.489990,3889.330078,3966.110107,3966.110107,2066390000
2000-07-03,3950.590088,3995.850098,3942.929932,3991.929932,3991.929932,600810000
2000-07-05,3949.760010,3950.189941,3859.199951,3863.100098,3863.100098,1342600000
2000-07-06,3872.909912,3961.100098,3820.340088,3960.570068,3960.570068,1482480000
2000-07-07,3978.379883,4054.050049,3960.810059,4023.199951,4023.199951,1486480000
2000-07-10,3993.620117,4028.540039,3976.199951,3980.290039,3980.290039,1395950000
2000-07-11,3970.419922,4029.300049,3936.750000,3956.419922,3956.419922,1714500000
2000-07-12,4024.590088,4103.649902,4001.729980,4099.589844,4099.589844,1775980000
2000-07-13,4128.810059,4193.240234,4111.160156,4174.859863,4174.859863,1881560000
2000-07-14,4221.799805,4252.220215,4174.600098,4246.180176,4246.180176,1678610000
2000-07-17,4243.549805,4289.060059,4215.859863,4274.669922,4274.669922,1584500000
2000-07-18,4233.490234,4237.850098,4161.890137,4177.169922,4177.169922,1501970000
2000-07-19,4154.370117,4159.390137,4047.429932,4055.629883,4055.629883,1445310000
2000-07-20,4106.629883,4184.560059,4106.629883,4184.560059,4184.560059,1719880000
2000-07-21,4154.000000,4163.339844,4093.760010,4094.449951,4094.449951,1545940000
2000-07-24,4109.649902,4125.799805,3976.510010,3981.570068,3981.570068,1460690000
2000-07-25,4015.409912,4034.800049,3955.360107,4029.570068,4029.570068,1471000000
2000-07-26,3998.030029,4002.699951,3906.550049,3987.719971,3987.719971,1754760000
2000-07-27,3938.139893,3954.959961,3841.620117,3842.229980,3842.229980,1791100000
2000-07-28,3855.100098,3867.800049,3642.280029,3663.000000,3663.000000,1769410000
2000-07-31,3692.429932,3767.889893,3615.790039,3766.989990,3766.989990,1512580000
2000-08-01,3760.949951,3766.919922,3682.449951,3685.520020,3685.520020,1341460000
2000-08-02,3684.120117,3753.949951,3651.810059,3658.459961,3658.459961,1476820000
2000-08-03,3554.679932,3761.070068,3521.139893,3759.879883,3759.879883,1828860000
2000-08-04,3812.310059,3846.979980,3751.219971,3787.360107,3787.360107,1438850000
2000-08-07,3819.379883,3870.260010,3795.610107,3862.989990,3862.989990,1319680000
2000-08-08,3850.870117,3893.050049,3839.580078,3848.550049,3848.550049,1461590000
2000-08-09,3915.260010,3936.459961,3849.770020,3853.500000,3853.500000,1517650000
2000-08-10,3843.580078,3847.290039,3759.989990,3759.989990,3759.989990,1349670000
2000-08-11,3741.620117,3789.979980,3686.860107,3789.469971,3789.469971,1333260000
2000-08-14,3804.689941,3850.270020,3767.370117,3849.689941,3849.689941,1232060000
2000-08-15,3846.830078,3888.919922,3831.959961,3851.659912,3851.659912,1353620000
2000-08-16,3878.580078,3914.840088,3844.169922,3861.199951,3861.199951,1401380000
2000-08-17,3858.879883,3947.050049,3857.750000,3940.870117,3940.870117,1440370000
2000-08-18,3958.699951,3980.260010,3925.949951,3930.340088,3930.340088,1447920000
2000-08-21,3966.229980,3985.620117,3917.939941,3953.149902,3953.149902,1269330000
2000-08-22,3970.159912,4011.149902,3957.850098,3958.209961,3958.209961,1413190000
2000-08-23,3935.510010,4011.760010,3902.110107,4011.010010,4011.010010,1461790000
2000-08-24,4020.989990,4055.439941,4004.770020,4053.280029,4053.280029,1546950000
2000-08-25,4049.840088,4083.120117,4025.590088,4042.679932,4042.679932,1285820000
2000-08-28,4049.179932,4097.330078,4048.010010,4070.590088,4070.590088,1373010000
2000-08-29,4074.209961,4093.879883,4056.260010,4082.169922,4082.169922,1489470000
2000-08-30,4076.500000,4115.990234,4065.820068,4103.810059,4103.810059,1537020000
2000-08-31,4127.189941,4208.729980,4127.189941,4206.350098,4206.350098,1903150000
2000-09-01,4252.149902,4259.870117,4192.890137,4234.330078,4234.330078,1472940000
2000-09-05,4205.939941,4206.509766,4143.180176,4143.180176,4143.180176,1668120000
2000-09-06,4136.839844,4136.839844,4013.340088,4013.340088,4013.340088,1757190000
2000-09-07,4047.020020,4105.540039,4035.120117,4098.350098,4098.350098,1634610000
2000-09-08,4081.959961,4081.959961,3977.469971,3978.409912,3978.409912,1508550000
2000-09-11,3961.159912,4008.459961,3880.689941,3896.350098,3896.350098,1483670000
2000-09-12,3925.419922,3958.360107,3834.340088,3849.510010,3849.510010,1596640000
2000-09-13,3794.919922,3895.810059,3794.290039,3893.889893,3893.889893,1656550000
2000-09-14,3963.100098,3984.330078,3897.179932,3913.860107,3913.860107,1699480000
2000-09-15,3905.090088,3905.090088,3806.879883,3835.229980,3835.229980,1777540000
2000-09-18,3838.629883,3862.320068,3702.540039,3726.520020,3726.520020,1613970000
2000-09-19,3766.040039,3865.850098,3740.649902,3865.639893,3865.639893,1707400000
2000-09-20,3863.080078,3913.870117,3795.080078,3897.439941,3897.439941,1802040000
2000-09-21,3864.600098,3892.399902,3813.120117,3828.870117,3828.870117,1616010000
2000-09-22,3616.159912,3803.760010,3614.659912,3803.760010,3803.760010,2164340000
2000-09-25,3852.530029,3868.110107,3737.500000,3741.219971,3741.219971,1774680000
2000-09-26,3762.649902,3795.790039,3677.729980,3689.100098,3689.100098,1825900000
2000-09-27,3740.620117,3750.610107,3622.659912,3656.300049,3656.300049,1948200000
2000-09-28,3638.939941,3778.379883,3626.550049,3778.320068,3778.320068,2001450000
2000-09-29,3749.270020,3751.330078,3670.310059,3672.820068,3672.820068,2018050000
2000-10-02,3714.479980,3714.479980,3559.840088,3568.899902,3568.899902,1799220000
2000-10-03,3624.929932,3639.290039,3454.649902,3455.830078,3455.830078,1958840000
2000-10-04,3440.600098,3532.429932,3382.530029,3523.100098,3523.100098,2129330000
2000-10-05,3499.959961,3549.010010,3459.580078,3472.100098,3472.100098,1872960000
2000-10-06,3477.699951,3505.810059,3314.909912,3361.010010,3361.010010,1870690000
2000-10-09,3352.149902,3376.919922,3233.189941,3355.560059,3355.560059,1437770000
2000-10-10,3326.889893,3383.399902,3229.010010,3240.540039,3240.540039,1874430000
2000-10-11,3152.330078,3258.239990,3103.530029,3168.489990,3168.489990,2340450000
2000-10-12,3241.260010,3249.110107,3071.250000,3074.679932,3074.679932,2128660000
2000-10-13,3054.550049,3316.969971,3054.550049,3316.770020,3316.770020,2070750000
2000-10-16,3315.479980,3339.850098,3262.370117,3290.280029,3290.280029,1788600000
2000-10-17,3335.399902,3348.610107,3173.679932,3213.959961,3213.959961,1936790000
2000-10-18,3106.949951,3257.810059,3026.110107,3171.560059,3171.560059,2519920000
2000-10-19,3330.250000,3423.449951,3314.889893,3418.600098,3418.600098,2343470000
2000-10-20,3402.959961,3535.110107,3401.879883,3483.139893,3483.139893,2171490000
2000-10-23,3483.379883,3523.689941,3432.439941,3468.689941,3468.689941,1690110000
2000-10-24,3495.449951,3526.709961,3401.050049,3419.790039,3419.790039,1880860000
2000-10-25,3347.239990,3376.330078,3210.739990,3229.570068,3229.570068,2170930000
2000-10-26,3245.399902,3286.290039,3081.360107,3272.179932,3272.179932,2292490000
2000-10-27,3320.689941,3362.260010,3231.629883,3278.360107,3278.360107,1963390000
2000-10-30,3243.879883,3279.719971,3149.239990,3191.399902,3191.399902,1741440000
2000-10-31,3223.439941,3379.080078,3223.439941,3369.629883,3369.629883,2146420000
2000-11-01,3316.510010,3396.719971,3289.459961,3333.389893,3333.389893,2024380000
2000-11-02,3387.280029,3433.159912,3370.020020,3429.020020,3429.020020,2226920000
2000-11-03,3447.320068,3468.590088,3401.770020,3451.580078,3451.580078,1846200000
2000-11-06,3469.350098,3480.010010,3412.979980,3416.209961,3416.209961,1608520000
2000-11-07,3399.280029,3435.129883,3360.260010,3415.790039,3415.790039,1700120000
2000-11-08,3426.290039,3429.120117,3231.280029,3231.699951,3231.699951,1678000000
2000-11-09,3174.899902,3230.000000,3087.060059,3200.350098,3200.350098,1942770000
2000-11-10,3122.110107,3141.350098,3028.919922,3028.989990,3028.989990,1779930000
2000-11-13,2956.090088,3063.310059,2859.389893,2966.719971,2966.719971,2048330000
2000-11-14,3069.810059,3145.300049,3059.879883,3138.270020,3138.270020,1785310000
2000-11-15,3137.610107,3208.949951,3104.570068,3165.489990,3165.489990,1705940000
2000-11-16,3121.800049,3175.629883,3031.760010,3031.879883,3031.879883,1523710000
2000-11-17,3044.449951,3090.969971,2967.169922,3027.189941,3027.189941,1760850000
2000-11-20,2943.110107,2949.500000,2860.489990,2875.639893,2875.639893,1716290000
2000-11-21,2892.030029,2921.800049,2845.169922,2871.449951,2871.449951,1749380000
2000-11-22,2828.139893,2872.639893,2754.139893,2755.340088,2755.340088,1885130000
2000-11-24,2823.479980,2904.459961,2820.909912,2904.379883,2904.379883,781600000
2000-11-27,2979.929932,2998.750000,2874.709961,2880.489990,2880.489990,1706570000
2000-11-28,2873.729980,2891.399902,2734.459961,2734.979980,2734.979980,1919970000
2000-11-29,2748.179932,2770.179932,2642.889893,2706.929932,2706.929932,2055720000
2000-11-30,2599.040039,2641.750000,2523.040039,2597.929932,2597.929932,2736270000
2000-12-01,2644.090088,2749.060059,2604.270020,2645.290039,2645.290039,2221970000
2000-12-04,2662.560059,2671.179932,2567.179932,2615.750000,2615.750000,1860480000
2000-12-05,2702.719971,2889.800049,2694.409912,2889.800049,2889.800049,2474670000
2000-12-06,2878.870117,2916.199951,2781.239990,2796.500000,2796.500000,2308280000
2000-12-07,2748.290039,2794.530029,2707.959961,2752.659912,2752.659912,1756810000
2000-12-08,2857.929932,2929.949951,2844.929932,2917.429932,2917.429932,2328650000
2000-12-11,2936.600098,3028.750000,2901.479980,3015.100098,3015.100098,2447760000
2000-12-12,2994.060059,3002.530029,2930.989990,2931.770020,2931.770020,1919030000
2000-12-13,2996.570068,3001.719971,2814.129883,2822.770020,2822.770020,2042250000
2000-12-14,2820.479980,2847.370117,2727.260010,2728.510010,2728.510010,1770640000
2000-12-15,2688.659912,2697.929932,2596.030029,2653.270020,2653.270020,2770690000
2000-12-18,2698.719971,2726.199951,2597.469971,2624.520020,2624.520020,2065990000
2000-12-19,2617.060059,2696.610107,2509.760010,2511.709961,2511.709961,2317200000
2000-12-20,2410.959961,2432.830078,2312.510010,2332.780029,2332.780029,2855150000
2000-12-21,2310.209961,2423.709961,2288.159912,2340.120117,2340.120117,2686970000
2000-12-22,2397.669922,2517.929932,2397.669922,2517.020020,2517.020020,2235410000
2000-12-26,2518.290039,2548.750000,2436.189941,2493.520020,2493.520020,1558700000
2000-12-27,2471.330078,2539.520020,2450.219971,2539.350098,2539.350098,2002650000
2000-12-28,2517.899902,2571.520020,2514.560059,2557.760010,2557.760010,2192130000
2000-12-29,2552.679932,2577.020020,2456.540039,2470.520020,2470.520020,2531760000
2001-01-02,2474.159912,2474.159912,2273.070068,2291.860107,2291.860107,1918930000
2001-01-03,2254.560059,2618.030029,2251.709961,2616.689941,2616.689941,3188000000
2001-01-04,2593.959961,2644.800049,2549.830078,2566.830078,2566.830078,2610680000
2001-01-05,2573.110107,2574.620117,2395.389893,2407.649902,2407.649902,2104670000
2001-01-08,2388.719971,2397.060059,2299.649902,2395.919922,2395.919922,1850590000
2001-01-09,2424.689941,2474.159912,2406.080078,2441.300049,2441.300049,1975130000
2001-01-10,2392.709961,2525.280029,2376.489990,2524.179932,2524.179932,2470350000
2001-01-11,2495.590088,2661.929932,2495.010010,2640.570068,2640.570068,2842640000
2001-01-12,2639.560059,2699.870117,2589.629883,2626.500000,2626.500000,2518850000
2001-01-16,2631.489990,2638.219971,2576.949951,2618.550049,2618.550049,2073940000
2001-01-17,2710.530029,2756.629883,2668.479980,2682.780029,2682.780029,2819190000
2001-01-18,2696.739990,2769.979980,2661.260010,2768.489990,2768.489990,2558710000
2001-01-19,2838.360107,2841.250000,2752.060059,2770.379883,2770.379883,2697190000
2001-01-22,2759.100098,2789.629883,2722.959961,2757.909912,2757.909912,2037140000
2001-01-23,2759.260010,2845.389893,2736.280029,2840.389893,2840.389893,2278470000
2001-01-24,2850.739990,2892.360107,2828.320068,2859.149902,2859.149902,2567320000
2001-01-25,2836.350098,2849.560059,2753.370117,2754.280029,2754.280029,2298150000
2001-01-26,2705.389893,2785.620117,2686.649902,2781.300049,2781.300049,2268800000
2001-01-29,2757.290039,2840.020020,2742.500000,2838.340088,2838.340088,1970130000
2001-01-30,2845.010010,2861.709961,2817.129883,2838.350098,2838.350098,2073590000
2001-01-31,2848.110107,2872.469971,2772.350098,2772.729980,2772.729980,2277310000
2001-02-01,2771.570068,2796.889893,2742.439941,2782.790039,2782.790039,1776260000
2001-02-02,2782.929932,2791.580078,2660.110107,2660.500000,2660.500000,1706900000
2001-02-05,2639.649902,2656.020020,2596.729980,2643.209961,2643.209961,1648760000
2001-02-06,2641.909912,2705.590088,2640.229980,2664.489990,2664.489990,1788920000
2001-02-07,2615.939941,2636.070068,2554.760010,2607.820068,2607.820068,2056920000
2001-02-08,2625.780029,2651.840088,2562.020020,2562.060059,2562.060059,1852360000
2001-02-09,2542.239990,2542.620117,2455.870117,2470.969971,2470.969971,1881910000
2001-02-12,2458.649902,2508.270020,2435.360107,2489.659912,2489.659912,1751220000
2001-02-13,2510.840088,2554.649902,2427.469971,2427.719971,2427.719971,1728550000
2001-02-14,2437.679932,2493.110107,2388.399902,2491.399902,2491.399902,1987350000
2001-02-15,2536.629883,2593.090088,2536.629883,2552.909912,2552.909912,2106930000
2001-02-16,2444.600098,2457.649902,2397.429932,2425.379883,2425.379883,1892200000
2001-02-20,2439.570068,2442.989990,2317.770020,2318.350098,2318.350098,1878340000
2001-02-21,2281.790039,2353.510010,2257.149902,2268.939941,2268.939941,2019740000
2001-02-22,2272.129883,2291.689941,2185.909912,2244.959961,2244.959961,2483470000
2001-02-23,2221.270020,2264.679932,2156.290039,2262.510010,2262.510010,2237910000
2001-02-26,2287.879883,2309.729980,2238.639893,2308.500000,2308.500000,1739060000
2001-02-27,2286.639893,2300.179932,2206.719971,2207.820068,2207.820068,1808540000
2001-02-28,2223.879883,2238.060059,2127.500000,2151.830078,2151.830078,2082700000
2001-03-01,2126.300049,2184.409912,2071.030029,2183.370117,2183.370117,2256880000
2001-03-02,2111.229980,2197.850098,2091.550049,2117.629883,2117.629883,2374100000
2001-03-05,2142.750000,2163.090088,2127.959961,2142.919922,2142.919922,1495750000
2001-03-06,2204.300049,2243.780029,2202.699951,2204.429932,2204.429932,1986380000
2001-03-07,2241.229980,2243.750000,2201.409912,2223.919922,2223.919922,1774410000
2001-03-08,2211.300049,2219.870117,2161.409912,2168.729980,2168.729980,1759140000
2001-03-09,2124.110107,2124.110107,2041.780029,2052.780029,2052.780029,1962120000
2001-03-12,2001.680054,2004.089966,1922.780029,1923.380005,1923.380005,2149820000
2001-03-13,1948.699951,2015.349976,1932.630005,2014.780029,2014.780029,2096420000
2001-03-14,1948.560059,2028.530029,1933.400024,1972.089966,1972.089966,2147220000
2001-03-15,2023.790039,2030.729980,1939.380005,1940.709961,1940.709961,1963770000
2001-03-16,1914.579956,1940.709961,1877.689941,1890.910034,1890.910034,2102270000
2001-03-19,1901.449951,1953.079956,1867.579956,1951.180054,1951.180054,1774570000
2001-03-20,1964.449951,1974.140015,1857.410034,1857.439941,1857.439941,2016500000
2001-03-21,1862.739990,1896.209961,1820.750000,1830.229980,1830.229980,2109190000
2001-03-22,1845.339966,1898.099976,1794.209961,1897.699951,1897.699951,2504770000
2001-03-23,1938.910034,1952.920044,1891.989990,1928.680054,1928.680054,2284560000
2001-03-26,1957.709961,1960.680054,1909.420044,1918.489990,1918.489990,1719620000
2001-03-27,1922.699951,1979.750000,1907.160034,1972.229980,1972.229980,1951410000
2001-03-28,1925.300049,1925.300049,1852.959961,1854.130005,1854.130005,2072260000
2001-03-29,1838.439941,1876.739990,1802.760010,1820.569946,1820.569946,2079050000
2001-03-30,1830.420044,1855.579956,1794.300049,1840.260010,1840.260010,2139050000
2001-04-02,1835.219971,1852.489990,1769.660034,1782.969971,1782.969971,1848350000
2001-04-03,1758.180054,1759.010010,1660.920044,1673.000000,1673.000000,2573410000
2001-04-04,1668.369995,1698.209961,1619.579956,1638.800049,1638.800049,2465470000
2001-04-05,1709.910034,1785.729980,1706.099976,1785.000000,1785.000000,2333000000
2001-04-06,1756.109985,1756.109985,1700.199951,1720.359985,1720.359985,1835720000
2001-04-09,1739.660034,1757.380005,1710.760010,1745.709961,1745.709961,1448830000
2001-04-10,1771.680054,1868.099976,1771.680054,1852.030029,1852.030029,2203460000
2001-04-11,1929.930054,1948.079956,1884.949951,1898.949951,1898.949951,2372010000
2001-04-12,1881.189941,1961.569946,1868.760010,1961.430054,1961.430054,1902800000
2001-04-16,1934.699951,1946.920044,1891.880005,1909.569946,1909.569946,1571910000
2001-04-17,1872.349976,1941.569946,1869.339966,1923.219971,1923.219971,1900580000
2001-04-18,2005.060059,2129.310059,1995.910034,2079.439941,2079.439941,3195650000
2001-04-19,2100.879883,2182.139893,2082.239990,2182.139893,2182.139893,2788870000
2001-04-20,2171.899902,2202.860107,2135.320068,2163.409912,2163.409912,2544420000
2001-04-23,2118.360107,2118.770020,2046.839966,2059.320068,2059.320068,1845630000
2001-04-24,2055.320068,2095.889893,2012.369995,2016.609985,2016.609985,1983330000
2001-04-25,2013.420044,2066.969971,2000.829956,2059.800049,2059.800049,1978940000
2001-04-26,2086.040039,2095.830078,2032.380005,2034.880005,2034.880005,2028800000
2001-04-27,2070.239990,2082.639893,2046.709961,2075.679932,2075.679932,1801600000
2001-04-30,2113.110107,2159.080078,2097.580078,2116.239990,2116.239990,2027180000
2001-05-01,2116.239990,2168.419922,2088.610107,2168.239990,2168.239990,1922520000
2001-05-02,2205.250000,2232.659912,2175.129883,2220.600098,2220.600098,2584140000
2001-05-03,2183.070068,2183.070068,2129.070068,2146.199951,2146.199951,2010880000
2001-05-04,2102.610107,2191.929932,2089.229980,2191.530029,2191.530029,2057110000
2001-05-07,2194.040039,2215.370117,2166.510010,2173.570068,2173.570068,1749600000
2001-05-08,2209.010010,2210.449951,2165.370117,2198.770020,2198.770020,1892280000
2001-05-09,2162.300049,2189.030029,2141.429932,2156.629883,2156.629883,1793520000
2001-05-10,2195.520020,2197.030029,2128.689941,2128.860107,2128.860107,1741690000
2001-05-11,2130.739990,2140.370117,2097.360107,2107.429932,2107.429932,1430930000
2001-05-14,2105.360107,2105.379883,2052.409912,2081.919922,2081.919922,1338540000
2001-05-15,2086.979980,2125.320068,2077.500000,2085.580078,2085.580078,1710620000
2001-05-16,2067.600098,2171.219971,2057.989990,2166.439941,2166.439941,2078580000
2001-05-17,2170.010010,2216.360107,2167.719971,2193.679932,2193.679932,2154310000
2001-05-18,2182.560059,2205.649902,2172.479980,2198.879883,2198.879883,1792620000
2001-05-21,2201.449951,2305.729980,2198.139893,2305.590088,2305.590088,2311480000
2001-05-22,2319.179932,2328.050049,2291.909912,2313.850098,2313.850098,2314800000
2001-05-23,2299.750000,2299.750000,2243.459961,2243.479980,2243.479980,1886790000
2001-05-24,2250.040039,2282.189941,2226.260010,2282.020020,2282.020020,1864570000
2001-05-25,2281.179932,2282.429932,2242.860107,2251.030029,2251.030029,1385410000
2001-05-29,2239.919922,2239.919922,2170.580078,2175.540039,2175.540039,1621060000
2001-05-30,2136.949951,2137.669922,2077.979980,2084.500000,2084.500000,1991230000
2001-05-31,2092.530029,2140.070068,2092.479980,2110.489990,2110.489990,1833070000
2001-06-01,2131.120117,2157.800049,2101.260010,2149.439941,2149.439941,1555300000
2001-06-04,2164.699951,2174.159912,2136.629883,2155.929932,2155.929932,1320350000
2001-06-05,2167.310059,2244.229980,2167.239990,2233.659912,2233.659912,1845100000
2001-06-06,2239.860107,2249.719971,2204.879883,2217.729980,2217.729980,1771940000
2001-06-07,2208.030029,2264.580078,2205.850098,2264.000000,2264.000000,1660520000
2001-06-08,2263.750000,2263.750000,2202.270020,2215.100098,2215.100098,1437730000
2001-06-11,2205.409912,2205.409912,2150.750000,2170.780029,2170.780029,1418630000
2001-06-12,2133.560059,2184.199951,2105.260010,2169.949951,2169.949951,1713560000
2001-06-13,2175.620117,2187.159912,2121.379883,2121.659912,2121.659912,1546790000
2001-06-14,2100.739990,2101.050049,2043.359985,2044.069946,2044.069946,1763760000
2001-06-15,2017.800049,2048.320068,1992.390015,2028.430054,2028.430054,2109340000
2001-06-18,2035.339966,2046.630005,1987.170044,1988.630005,1988.630005,1567770000
2001-06-19,2046.040039,2057.189941,1978.250000,1992.660034,1992.660034,1980650000
2001-06-20,1974.109985,2032.670044,1973.699951,2031.239990,2031.239990,2110760000
2001-06-21,2026.300049,2077.429932,2014.329956,2058.760010,2058.760010,2180500000
2001-06-22,2062.000000,2074.830078,2028.069946,2034.839966,2034.839966,1714580000
2001-06-25,2054.340088,2060.060059,2026.400024,2050.870117,2050.870117,1481730000
2001-06-26,2022.859985,2068.149902,2017.339966,2064.620117,2064.620117,1657380000
2001-06-27,2068.290039,2084.399902,2048.879883,2074.739990,2074.739990,1716400000
2001-06-28,2096.879883,2157.320068,2096.879883,2125.459961,2125.459961,1952960000
2001-06-29,2129.889893,2180.110107,2118.110107,2160.540039,2160.540039,2071630000
2001-07-02,2156.760010,2181.050049,2140.649902,2148.719971,2148.719971,1513420000
2001-07-03,2137.100098,2148.179932,2123.750000,2140.800049,2140.800049,868430000
2001-07-05,2122.889893,2130.959961,2079.830078,2080.110107,2080.110107,1290680000
2001-07-06,2060.729980,2060.729980,2001.819946,2004.160034,2004.160034,1441420000
2001-07-09,2010.969971,2038.170044,2000.079956,2026.709961,2026.709961,1399630000
2001-07-10,2043.609985,2045.119995,1960.150024,1962.790039,1962.790039,1663970000
2001-07-11,1954.719971,1975.790039,1934.670044,1972.040039,1972.040039,1770290000
2001-07-12,2033.219971,2080.129883,2031.839966,2075.739990,2075.739990,1888690000
2001-07-13,2068.219971,2105.149902,2055.560059,2084.790039,2084.790039,1561760000
2001-07-16,2078.530029,2091.679932,2025.410034,2029.119995,2029.119995,1489350000
2001-07-17,2017.469971,2067.439941,2006.800049,2067.320068,2067.320068,1695690000
2001-07-18,2035.089966,2056.060059,2003.949951,2016.170044,2016.170044,1738120000
2001-07-19,2042.319946,2079.330078,2027.109985,2046.589966,2046.589966,1906220000
2001-07-20,2015.229980,2035.520020,2009.560059,2029.369995,2029.369995,1642120000
2001-07-23,2043.839966,2047.849976,1987.510010,1988.560059,1988.560059,1356540000
2001-07-24,1980.369995,1994.030029,1939.280029,1959.239990,1959.239990,1601500000
2001-07-25,1962.680054,1984.979980,1942.579956,1984.319946,1984.319946,1675490000
2001-07-26,1980.030029,2025.880005,1963.209961,2022.959961,2022.959961,1765390000
2001-07-27,2020.579956,2039.150024,2009.939941,2029.069946,2029.069946,1583800000
2001-07-30,2034.109985,2039.010010,2009.939941,2017.839966,2017.839966,1338230000
2001-07-31,2023.969971,2057.100098,2014.060059,2027.130005,2027.130005,1621790000
2001-08-01,2051.560059,2078.360107,2045.130005,2068.379883,2068.379883,1784220000
2001-08-02,2092.520020,2103.159912,2061.750000,2087.379883,2087.379883,1675930000
2001-08-03,2079.149902,2079.149902,2047.619995,2066.330078,2066.330078,1245120000
2001-08-06,2047.859985,2053.600098,2032.510010,2034.260010,2034.260010,1106550000
2001-08-07,2026.839966,2043.479980,2013.750000,2027.790039,2027.790039,1318020000
2001-08-08,2015.750000,2038.640015,1958.670044,1966.359985,1966.359985,1661690000
2001-08-09,1962.479980,1971.609985,1941.239990,1963.319946,1963.319946,1457150000
2001-08-10,1957.339966,1967.030029,1915.989990,1956.469971,1956.469971,1372690000
2001-08-13,1963.040039,1986.329956,1951.459961,1982.250000,1982.250000,1147040000
2001-08-14,1990.829956,1998.589966,1961.530029,1964.530029,1964.530029,1231860000
2001-08-15,1964.199951,1975.180054,1918.739990,1918.890015,1918.890015,1463930000
2001-08-16,1899.900024,1930.459961,1879.069946,1930.319946,1930.319946,1613790000
2001-08-17,1895.420044,1903.729980,1862.760010,1867.010010,1867.010010,1301510000
2001-08-20,1866.290039,1881.619995,1854.959961,1881.349976,1881.349976,1165790000
2001-08-21,1883.439941,1893.390015,1831.280029,1831.300049,1831.300049,1325960000
2001-08-22,1851.750000,1860.020020,1817.699951,1860.010010,1860.010010,1550540000
2001-08-23,1857.520020,1883.479980,1842.510010,1842.969971,1842.969971,1456290000
2001-08-24,1863.319946,1916.829956,1857.729980,1916.800049,1916.800049,1495650000
2001-08-27,1912.699951,1933.939941,1897.630005,1912.410034,1912.410034,1195290000
2001-08-28,1912.670044,1916.280029,1864.719971,1864.979980,1864.979980,1433940000
2001-08-29,1875.439941,1879.760010,1833.650024,1843.170044,1843.170044,1466700000
2001-08-30,1817.189941,1833.290039,1777.109985,1791.680054,1791.680054,1734810000
2001-08-31,1784.260010,1817.719971,1782.099976,1805.430054,1805.430054,1232880000
2001-09-04,1802.290039,1836.189941,1770.760010,1770.780029,1770.780029,1536580000
2001-09-05,1771.750000,1782.500000,1715.859985,1759.010010,1759.010010,1950580000
2001-09-06,1736.199951,1753.829956,1702.920044,1705.640015,1705.640015,1887800000
2001-09-07,1694.020020,1724.569946,1676.420044,1687.699951,1687.699951,1712760000
2001-09-10,1673.780029,1702.119995,1669.939941,1695.380005,1695.380005,1612970000
2001-09-17,1613.829956,1629.099976,1579.280029,1579.550049,1579.550049,2254620000
2001-09-18,1591.770020,1605.060059,1548.849976,1555.079956,1555.079956,1864980000
2001-09-19,1560.520020,1568.219971,1451.310059,1527.800049,1527.800049,2464030000
2001-09-20,1494.939941,1513.239990,1467.099976,1470.930054,1470.930054,2804660000
2001-09-21,1395.790039,1454.040039,1387.060059,1423.189941,1423.189941,2588150000
2001-09-24,1459.469971,1507.510010,1459.469971,1499.400024,1499.400024,2052290000
2001-09-25,1505.520020,1528.329956,1480.689941,1501.640015,1501.640015,2181960000
2001-09-26,1514.760010,1516.119995,1458.339966,1464.040039,1464.040039,1760620000
2001-09-27,1456.800049,1465.699951,1418.150024,1460.709961,1460.709961,2043090000
2001-09-28,1472.560059,1499.579956,1466.780029,1498.800049,1498.800049,2114360000
2001-10-01,1491.449951,1491.449951,1458.410034,1480.459961,1480.459961,1505140000
2001-10-02,1479.010010,1504.239990,1473.130005,1492.329956,1492.329956,1784730000
2001-10-03,1479.270020,1595.479980,1473.219971,1580.810059,1580.810059,2713300000
2001-10-04,1602.599976,1641.560059,1581.079956,1597.310059,1597.310059,2558580000
2001-10-05,1586.400024,1608.760010,1548.810059,1605.300049,1605.300049,1836380000
2001-10-08,1582.930054,1621.109985,1574.650024,1605.949951,1605.949951,1417520000
2001-10-09,1604.109985,1607.199951,1565.969971,1570.189941,1570.189941,1527430000
2001-10-10,1563.959961,1626.989990,1558.810059,1626.260010,1626.260010,1857510000
2001-10-11,1649.550049,1701.479980,1649.550049,1701.469971,1701.469971,2532940000
2001-10-12,1690.209961,1707.430054,1651.239990,1703.400024,1703.400024,2185970000
2001-10-15,1684.040039,1698.239990,1663.780029,1696.310059,1696.310059,1586210000
2001-10-16,1704.750000,1722.849976,1690.540039,1722.069946,1722.069946,1843310000
2001-10-17,1752.939941,1754.010010,1646.339966,1646.339966,1646.339966,2292410000
2001-10-18,1648.689941,1668.000000,1634.719971,1652.719971,1652.719971,1793870000
2001-10-19,1644.489990,1675.199951,1628.239990,1671.310059,1671.310059,1591110000
2001-10-22,1666.079956,1708.089966,1660.219971,1708.079956,1708.079956,1530830000
2001-10-23,1720.540039,1739.469971,1695.219971,1704.439941,1704.439941,1839490000
2001-10-24,1707.520020,1736.170044,1697.689941,1731.540039,1731.540039,1895000000
2001-10-25,1708.489990,1775.510010,1683.609985,1775.469971,1775.469971,2259620000
2001-10-26,1763.780029,1792.869995,1763.000000,1768.959961,1768.959961,1999200000
2001-10-29,1763.420044,1767.969971,1699.400024,1699.520020,1699.520020,1659170000
2001-10-30,1682.300049,1686.680054,1646.300049,1667.410034,1667.410034,1778560000
2001-10-31,1690.119995,1721.689941,1677.709961,1690.199951,1690.199951,1897610000
2001-11-01,1705.520020,1746.650024,1683.989990,1746.300049,1746.300049,1784910000
2001-11-02,1741.369995,1759.650024,1726.609985,1745.729980,1745.729980,1643860000
2001-11-05,1768.290039,1801.550049,1768.290039,1793.650024,1793.650024,1734250000
2001-11-06,1786.920044,1835.489990,1777.910034,1835.079956,1835.079956,1945510000
2001-11-07,1821.040039,1868.310059,1820.280029,1837.530029,1837.530029,2065810000
2001-11-08,1855.680054,1888.390015,1816.560059,1827.770020,1827.770020,2300720000
2001-11-09,1824.729980,1838.380005,1809.290039,1828.479980,1828.479980,1524360000
2001-11-12,1826.250000,1848.000000,1782.479980,1840.130005,1840.130005,1594470000
2001-11-13,1871.469971,1893.920044,1867.270020,1892.109985,1892.109985,2189000000
2001-11-14,1910.449951,1922.449951,1875.270020,1903.189941,1903.189941,2175590000
2001-11-15,1891.359985,1922.119995,1882.839966,1900.569946,1900.569946,2025550000
2001-11-16,1903.479980,1908.209961,1882.530029,1898.579956,1898.579956,1714140000
2001-11-19,1912.479980,1934.699951,1905.359985,1934.420044,1934.420044,1924900000
2001-11-20,1926.469971,1930.209961,1877.790039,1880.510010,1880.510010,1988580000
2001-11-21,1873.599976,1884.489990,1853.670044,1875.050049,1875.050049,1577590000
2001-11-23,1878.910034,1905.579956,1873.640015,1903.199951,1903.199951,569820000
2001-11-26,1914.530029,1941.310059,1906.890015,1941.229980,1941.229980,1734130000
2001-11-27,1931.589966,1965.089966,1902.890015,1935.969971,1935.969971,2137420000
2001-11-28,1921.599976,1941.790039,1887.969971,1887.969971,1887.969971,1905150000
2001-11-29,1898.630005,1933.459961,1889.290039,1933.260010,1933.260010,1957120000
2001-11-30,1929.290039,1941.939941,1916.729980,1930.579956,1930.579956,1831850000
2001-12-03,1915.130005,1925.349976,1898.979980,1904.900024,1904.900024,1496760000
2001-12-04,1917.660034,1963.219971,1913.920044,1963.099976,1963.099976,1908630000
2001-12-05,1980.300049,2056.810059,1980.300049,2046.839966,2046.839966,2777500000
2001-12-06,2045.219971,2065.689941,2037.640015,2054.270020,2054.270020,2212470000
2001-12-07,2043.680054,2046.989990,2002.339966,2021.260010,2021.260010,1916720000
2001-12-10,2007.670044,2036.540039,1989.680054,1992.119995,1992.119995,1679480000
2001-12-11,2009.930054,2032.630005,1995.089966,2001.930054,2001.930054,1965200000
2001-12-12,2007.479980,2022.760010,1975.650024,2011.380005,2011.380005,1895290000
2001-12-13,1979.839966,1985.790039,1945.290039,1946.510010,1946.510010,2095820000
2001-12-14,1945.180054,1965.739990,1934.599976,1953.170044,1953.170044,1900020000
2001-12-17,1950.939941,1994.479980,1950.939941,1987.449951,1987.449951,1840920000
2001-12-18,1998.359985,2010.910034,1989.810059,2004.760010,2004.760010,1852020000
2001-12-19,1981.650024,2007.760010,1971.069946,1982.890015,1982.890015,1919850000
2001-12-20,1969.000000,1972.319946,1918.500000,1918.540039,1918.540039,2043110000
2001-12-21,1941.550049,1954.469971,1931.869995,1945.829956,1945.829956,2359670000
2001-12-24,1946.839966,1953.900024,1942.069946,1944.479980,1944.479980,564380000
2001-12-26,1948.770020,1983.839966,1948.770020,1960.699951,1960.699951,1127350000
2001-12-27,1967.319946,1982.729980,1962.119995,1976.420044,1976.420044,1241060000
2001-12-28,1985.709961,2002.719971,1982.369995,1987.260010,1987.260010,1328290000
2001-12-31,1984.310059,1989.170044,1950.400024,1950.400024,1950.400024,1414840000
2002-01-02,1965.180054,1979.260010,1936.560059,1979.250000,1979.250000,1517670000
2002-01-03,1987.060059,2044.560059,1987.060059,2044.270020,2044.270020,2209630000
2002-01-04,2061.830078,2077.889893,2033.560059,2059.379883,2059.379883,2205610000
2002-01-07,2075.239990,2081.090088,2036.859985,2037.099976,2037.099976,2121110000
2002-01-08,2039.420044,2060.229980,2027.339966,2055.739990,2055.739990,1873670000
2002-01-09,2074.320068,2098.879883,2034.089966,2044.890015,2044.890015,2321450000
2002-01-10,2045.130005,2055.889893,2026.050049,2047.239990,2047.239990,1761640000
2002-01-11,2049.500000,2058.770020,2018.680054,2022.459961,2022.459961,1625530000
2002-01-14,2012.589966,2018.420044,1979.939941,1990.739990,1990.739990,1801650000
2002-01-15,1994.880005,2011.250000,1977.280029,2000.910034,2000.910034,1675150000
2002-01-16,1976.420044,1981.810059,1944.319946,1944.439941,1944.439941,1917270000
2002-01-17,1968.699951,1985.829956,1954.060059,1985.819946,1985.819946,1893110000
2002-01-18,1943.560059,1964.739990,1922.699951,1930.339966,1930.339966,1693010000
2002-01-22,1946.869995,1947.410034,1882.140015,1882.530029,1882.530029,1817220000
2002-01-23,1889.530029,1925.150024,1879.239990,1922.380005,1922.380005,1871120000
2002-01-24,1937.670044,1959.930054,1936.339966,1942.579956,1942.579956,1907870000
2002-01-25,1929.150024,1951.790039,1923.060059,1937.699951,1937.699951,1655310000
2002-01-28,1951.119995,1958.959961,1925.430054,1943.910034,1943.910034,1482080000
2002-01-29,1947.089966,1959.050049,1883.489990,1892.989990,1892.989990,1875380000
2002-01-30,1897.729980,1913.660034,1851.489990,1913.439941,1913.439941,2066970000
2002-01-31,1924.560059,1935.170044,1906.900024,1934.030029,1934.030029,1803530000
2002-02-01,1928.829956,1942.150024,1901.209961,1911.239990,1911.239990,1710000000
2002-02-04,1907.579956,1907.579956,1849.130005,1855.530029,1855.530029,1779030000
2002-02-05,1844.619995,1867.939941,1828.670044,1838.520020,1838.520020,2106870000
2002-02-06,1853.130005,1853.130005,1805.010010,1812.709961,1812.709961,2105480000
2002-02-07,1809.430054,1824.069946,1781.729980,1782.109985,1782.109985,1998300000
2002-02-08,1794.050049,1818.880005,1772.150024,1818.880005,1818.880005,1794710000
2002-02-11,1816.939941,1846.930054,1815.380005,1846.660034,1846.660034,1564830000
2002-02-12,1829.530029,1852.219971,1817.130005,1834.209961,1834.209961,1621680000
2002-02-13,1844.790039,1862.420044,1844.119995,1859.160034,1859.160034,1600740000
2002-02-14,1863.469971,1877.739990,1840.780029,1843.369995,1843.369995,1679410000
2002-02-15,1844.890015,1847.069946,1801.670044,1805.199951,1805.199951,1624720000
2002-02-19,1790.939941,1791.010010,1745.050049,1750.609985,1750.609985,1749170000
2002-02-20,1762.430054,1777.180054,1729.199951,1775.569946,1775.569946,1918210000
2002-02-21,1763.819946,1769.369995,1716.239990,1716.239990,1716.239990,1833750000
2002-02-22,1718.699951,1736.479980,1696.550049,1724.540039,1724.540039,1839340000
2002-02-25,1731.430054,1776.609985,1730.910034,1769.880005,1769.880005,1666850000
2002-02-26,1777.540039,1788.750000,1750.359985,1766.859985,1766.859985,1670530000
2002-02-27,1783.290039,1793.729980,1741.479980,1751.880005,1751.880005,1823440000
2002-02-28,1759.329956,1773.199951,1728.650024,1731.489990,1731.489990,1935630000
2002-03-01,1745.489990,1802.890015,1742.079956,1802.739990,1802.739990,1902520000
2002-03-04,1799.680054,1859.719971,1789.719971,1859.319946,1859.319946,2297630000
2002-03-05,1854.709961,1886.150024,1849.750000,1866.290039,1866.290039,2074650000
2002-03-06,1859.280029,1891.829956,1841.310059,1890.400024,1890.400024,1907080000
2002-03-07,1903.239990,1910.699951,1865.060059,1881.630005,1881.630005,1898190000
2002-03-08,1908.089966,1935.089966,1908.089966,1929.670044,1929.670044,2059420000
2002-03-11,1919.729980,1946.229980,1905.930054,1929.489990,1929.489990,1763950000
2002-03-12,1888.680054,1899.010010,1879.420044,1897.119995,1897.119995,1750150000
2002-03-13,1879.969971,1886.270020,1858.449951,1862.030029,1862.030029,1664240000
2002-03-14,1863.099976,1873.010010,1851.380005,1854.140015,1854.140015,1492130000
2002-03-15,1854.339966,1871.390015,1845.930054,1868.300049,1868.300049,1698800000
2002-03-18,1882.729980,1893.260010,1861.109985,1877.060059,1877.060059,1547190000
2002-03-19,1881.130005,1891.510010,1873.170044,1880.869995,1880.869995,1521620000
2002-03-20,1860.280029,1861.790039,1832.869995,1832.869995,1832.869995,1554640000
2002-03-21,1835.209961,1870.160034,1825.989990,1868.829956,1868.829956,1601590000
2002-03-22,1865.180054,1873.319946,1848.150024,1851.390015,1851.390015,1504960000
2002-03-25,1855.650024,1863.050049,1812.420044,1812.489990,1812.489990,1429310000
2002-03-26,1808.869995,1843.959961,1807.469971,1824.170044,1824.170044,1662170000
2002-03-27,1817.219971,1832.010010,1811.640015,1826.750000,1826.750000,1624230000
2002-03-28,1836.250000,1852.849976,1833.329956,1845.349976,1845.349976,1664900000
2002-04-01,1834.589966,1865.369995,1817.250000,1862.619995,1862.619995,1554790000
2002-04-02,1836.030029,1839.369995,1804.400024,1804.400024,1804.400024,1701240000
2002-04-03,1809.589966,1813.359985,1770.609985,1784.349976,1784.349976,1704190000
2002-04-04,1776.530029,1800.829956,1770.160034,1789.750000,1789.750000,1731670000
2002-04-05,1796.920044,1803.209961,1769.949951,1770.030029,1770.030029,1508100000
2002-04-08,1741.099976,1786.400024,1733.839966,1785.869995,1785.869995,1599200000
2002-04-09,1789.140015,1795.619995,1742.400024,1742.569946,1742.569946,1662760000
2002-04-10,1751.569946,1772.000000,1733.689941,1767.069946,1767.069946,1965420000
2002-04-11,1757.010010,1762.280029,1724.150024,1725.239990,1725.239990,1707140000
2002-04-12,1738.959961,1756.329956,1728.520020,1756.189941,1756.189941,1532480000
2002-04-15,1761.949951,1769.040039,1740.609985,1753.780029,1753.780029,1327230000
2002-04-16,1779.290039,1816.910034,1779.290039,1816.790039,1816.790039,1791490000
2002-04-17,1829.579956,1832.010010,1804.650024,1810.670044,1810.670044,1931060000
2002-04-18,1806.280029,1818.790039,1778.099976,1802.430054,1802.430054,1866140000
2002-04-19,1816.349976,1816.619995,1795.270020,1796.829956,1796.829956,1681640000
2002-04-22,1779.180054,1779.180054,1747.650024,1758.680054,1758.680054,1703120000
2002-04-23,1757.920044,1762.939941,1723.930054,1730.290039,1730.290039,1957900000
2002-04-24,1739.130005,1746.520020,1711.109985,1713.339966,1713.339966,1923230000
2002-04-25,1705.800049,1724.010010,1697.270020,1713.699951,1713.699951,1971760000
2002-04-26,1722.829956,1728.520020,1663.780029,1663.890015,1663.890015,1893790000
2002-04-29,1668.520020,1678.560059,1640.969971,1656.930054,1656.930054,1842550000
2002-04-30,1655.020020,1697.030029,1652.930054,1688.229980,1688.229980,2091610000
2002-05-01,1683.760010,1687.560059,1643.239990,1677.530029,1677.530029,2189110000
2002-05-02,1673.719971,1695.069946,1640.800049,1644.819946,1644.819946,2060340000
2002-05-03,1643.170044,1643.869995,1605.969971,1613.030029,1613.030029,1990950000
2002-05-06,1611.050049,1622.829956,1577.930054,1578.479980,1578.479980,1776080000
2002-05-07,1589.579956,1594.569946,1560.290039,1573.819946,1573.819946,2139130000
2002-05-08,1625.729980,1696.349976,1625.729980,1696.290039,1696.290039,2403240000
2002-05-09,1684.439941,1692.579956,1650.459961,1650.489990,1650.489990,1788460000
2002-05-10,1657.180054,1657.449951,1599.640015,1600.849976,1600.849976,1839130000
2002-05-13,1611.260010,1653.099976,1602.599976,1652.540039,1652.540039,1648780000
2002-05-14,1694.150024,1722.660034,1691.420044,1719.050049,1719.050049,2603120000
2002-05-15,1705.449951,1759.329956,1694.339966,1725.560059,1725.560059,2266100000
2002-05-16,1723.689941,1734.709961,1713.810059,1730.439941,1730.439941,1644660000
2002-05-17,1745.170044,1754.219971,1723.060059,1741.390015,1741.390015,1648910000
2002-05-20,1726.780029,1726.890015,1696.109985,1701.589966,1701.589966,1429300000
2002-05-21,1708.569946,1717.930054,1660.219971,1664.180054,1664.180054,1660880000
2002-05-22,1654.339966,1676.640015,1643.959961,1673.449951,1673.449951,1734730000
2002-05-23,1678.420044,1697.770020,1651.890015,1697.630005,1697.630005,1762570000
2002-05-24,1680.660034,1681.099976,1658.780029,1661.489990,1661.489990,1210890000
2002-05-28,1670.349976,1671.349976,1632.750000,1652.170044,1652.170044,1319250000
2002-05-29,1639.270020,1644.290039,1624.310059,1624.390015,1624.390015,1418900000
2002-05-30,1613.420044,1637.650024,1607.300049,1631.920044,1631.920044,1585850000
2002-05-31,1641.099976,1651.469971,1615.619995,1615.729980,1615.729980,1682430000
2002-06-03,1613.500000,1621.500000,1561.170044,1562.560059,1562.560059,1623120000
2002-06-04,1559.250000,1587.790039,1548.310059,1578.119995,1578.119995,1881400000
2002-06-05,1580.060059,1595.420044,1563.550049,1595.260010,1595.260010,1632920000
2002-06-06,1583.650024,1584.060059,1550.719971,1554.880005,1554.880005,1630260000
2002-06-07,1500.150024,1549.170044,1495.810059,1535.479980,1535.479980,2111740000
2002-06-10,1536.979980,1551.800049,1526.959961,1530.689941,1530.689941,1518260000
2002-06-11,1542.160034,1547.500000,1496.660034,1497.180054,1497.180054,1697040000
2002-06-12,1491.359985,1519.160034,1474.560059,1519.119995,1519.119995,2057320000
2002-06-13,1512.229980,1526.410034,1495.640015,1496.880005,1496.880005,1566910000
2002-06-14,1471.969971,1507.010010,1445.439941,1504.739990,1504.739990,1827730000
2002-06-17,1519.650024,1555.069946,1519.260010,1553.290039,1553.290039,1591840000
2002-06-18,1544.189941,1567.989990,1542.770020,1542.959961,1542.959961,1589760000
2002-06-19,1531.050049,1538.359985,1496.079956,1496.829956,1496.829956,1726700000
2002-06-20,1494.800049,1503.010010,1461.589966,1464.750000,1464.750000,1709470000
2002-06-21,1456.609985,1480.050049,1435.849976,1440.959961,1440.959961,1962900000
2002-06-24,1429.560059,1476.560059,1414.689941,1460.339966,1460.339966,2050610000
2002-06-25,1472.189941,1475.579956,1419.250000,1423.989990,1423.989990,1880680000
2002-06-26,1379.869995,1436.569946,1375.530029,1429.329956,1429.329956,2061740000
2002-06-27,1446.369995,1459.410034,1412.959961,1459.199951,1459.199951,1942590000
2002-06-28,1454.979980,1486.250000,1454.709961,1463.209961,1463.209961,2575240000
2002-07-01,1457.040039,1459.839966,1402.510010,1403.800049,1403.800049,2320650000
2002-07-02,1395.369995,1396.250000,1356.030029,1357.819946,1357.819946,2722550000
2002-07-03,1348.609985,1380.380005,1336.060059,1380.170044,1380.170044,2661060000
2002-07-05,1401.030029,1448.660034,1401.030029,1448.359985,1448.359985,1120960000
2002-07-08,1439.849976,1452.560059,1401.280029,1405.609985,1405.609985,1708150000
2002-07-09,1405.369995,1415.310059,1379.569946,1381.119995,1381.119995,1704220000
2002-07-10,1396.670044,1396.949951,1345.219971,1346.010010,1346.010010,1846320000
2002-07-11,1339.650024,1375.579956,1323.589966,1374.430054,1374.430054,2298330000
2002-07-12,1391.300049,1402.449951,1363.109985,1373.500000,1373.500000,2009340000
2002-07-15,1365.790039,1382.699951,1315.300049,1382.619995,1382.619995,2117700000
2002-07-16,1371.910034,1407.589966,1364.880005,1375.260010,1375.260010,2379260000
2002-07-17,1408.099976,1426.280029,1370.209961,1397.250000,1397.250000,2338390000
2002-07-18,1390.410034,1395.290039,1356.800049,1356.949951,1356.949951,1842360000
2002-07-19,1336.390015,1350.209961,1309.939941,1319.150024,1319.150024,2396800000
2002-07-22,1309.839966,1332.099976,1272.459961,1282.650024,1282.650024,2014410000
2002-07-23,1287.589966,1295.589966,1228.880005,1229.050049,1229.050049,2238890000
2002-07-24,1203.880005,1290.400024,1192.420044,1290.229980,1290.229980,2167790000
2002-07-25,1277.160034,1289.719971,1220.930054,1240.079956,1240.079956,2353210000
2002-07-26,1250.719971,1264.670044,1234.459961,1262.119995,1262.119995,1691540000
2002-07-29,1286.810059,1335.250000,1286.540039,1335.250000,1335.250000,1944170000
2002-07-30,1322.989990,1354.479980,1313.489990,1344.189941,1344.189941,1728270000
2002-07-31,1331.819946,1335.790039,1307.010010,1328.260010,1328.260010,1633300000
2002-08-01,1322.469971,1326.099976,1276.880005,1280.000000,1280.000000,1548860000
2002-08-02,1279.099976,1282.060059,1235.569946,1247.920044,1247.920044,1419790000
2002-08-05,1243.380005,1247.839966,1205.680054,1206.010010,1206.010010,1336720000
2002-08-06,1224.800049,1279.569946,1224.800049,1259.550049,1259.550049,1535110000
2002-08-07,1290.229980,1298.119995,1243.489990,1280.900024,1280.900024,1542880000
2002-08-08,1278.339966,1316.520020,1263.310059,1316.520020,1316.520020,1523000000
2002-08-09,1301.829956,1322.069946,1290.770020,1306.119995,1306.119995,1313750000
2002-08-12,1293.880005,1311.430054,1286.910034,1306.839966,1306.839966,1054220000
2002-08-13,1300.729980,1324.430054,1268.989990,1269.280029,1269.280029,1570660000
2002-08-14,1273.939941,1334.310059,1265.189941,1334.300049,1334.300049,1629290000
2002-08-15,1339.599976,1350.920044,1322.109985,1345.010010,1345.010010,1642850000
2002-08-16,1333.260010,1368.689941,1325.989990,1361.010010,1361.010010,1389180000
2002-08-19,1362.290039,1397.060059,1359.140015,1394.540039,1394.540039,1489490000
2002-08-20,1384.469971,1389.839966,1370.979980,1376.589966,1376.589966,1396290000
2002-08-21,1389.560059,1410.880005,1378.089966,1409.250000,1409.250000,1508530000
2002-08-22,1410.750000,1426.760010,1398.829956,1422.949951,1422.949951,1654080000
2002-08-23,1411.750000,1411.750000,1377.640015,1380.619995,1380.619995,1365830000
2002-08-26,1387.199951,1394.239990,1360.430054,1391.739990,1391.739990,1261360000
2002-08-27,1395.040039,1396.400024,1346.209961,1347.780029,1347.780029,1432360000
2002-08-28,1339.420044,1340.010010,1312.250000,1314.380005,1314.380005,1351500000
2002-08-29,1304.209961,1345.369995,1295.790039,1335.770020,1335.770020,1435190000
2002-08-30,1326.050049,1337.920044,1314.689941,1314.849976,1314.849976,1089820000
2002-09-03,1302.670044,1302.670044,1263.229980,1263.839966,1263.839966,1394260000
2002-09-04,1268.650024,1294.650024,1261.000000,1292.310059,1292.310059,1493510000
2002-09-05,1274.760010,1274.760010,1251.000000,1251.000000,1251.000000,1520290000
2002-09-06,1280.270020,1304.020020,1280.270020,1295.300049,1295.300049,1320380000
2002-09-09,1286.750000,1310.329956,1270.729980,1304.599976,1304.599976,1247540000
2002-09-10,1306.130005,1322.430054,1299.530029,1320.089966,1320.089966,1441490000
2002-09-11,1328.349976,1347.270020,1314.959961,1315.449951,1315.449951,1075670000
2002-09-12,1305.719971,1305.719971,1279.089966,1279.680054,1279.680054,1192760000
2002-09-13,1272.939941,1292.359985,1270.589966,1291.400024,1291.400024,1265530000
2002-09-16,1286.849976,1292.729980,1267.689941,1275.880005,1275.880005,1097330000
2002-09-17,1292.910034,1298.500000,1258.849976,1259.939941,1259.939941,1500330000
2002-09-18,1244.520020,1263.900024,1233.079956,1252.130005,1252.130005,1570950000
2002-09-19,1233.939941,1242.910034,1216.189941,1216.449951,1216.449951,1521130000
2002-09-20,1229.469971,1232.959961,1216.239990,1221.089966,1221.089966,1796000000
2002-09-23,1209.130005,1209.719971,1177.410034,1184.930054,1184.930054,1443330000
2002-09-24,1170.949951,1200.449951,1169.040039,1182.170044,1182.170044,1666020000
2002-09-25,1195.599976,1227.229980,1184.119995,1222.290039,1222.290039,1691640000
2002-09-26,1231.849976,1239.619995,1206.910034,1221.609985,1221.609985,1664160000
2002-09-27,1213.770020,1235.079956,1198.119995,1199.160034,1199.160034,1444460000
2002-09-30,1187.479980,1190.739990,1160.069946,1172.060059,1172.060059,1682900000
2002-10-01,1180.260010,1214.010010,1160.709961,1213.719971,1213.719971,1707860000
2002-10-02,1208.030029,1222.719971,1183.760010,1187.300049,1187.300049,1763700000
2002-10-03,1183.109985,1197.959961,1164.510010,1165.560059,1165.560059,1647320000
2002-10-04,1174.579956,1175.750000,1135.270020,1139.900024,1139.900024,1587030000
2002-10-07,1135.790039,1145.790039,1113.359985,1119.400024,1119.400024,1409850000
2002-10-08,1129.819946,1144.130005,1109.640015,1129.219971,1129.219971,1836990000
2002-10-09,1117.140015,1135.890015,1112.079956,1114.109985,1114.109985,1755730000
2002-10-10,1116.760010,1165.829956,1108.489990,1163.369995,1163.369995,1837940000
2002-10-11,1179.900024,1220.119995,1179.900024,1210.469971,1210.469971,1915390000
2002-10-14,1198.500000,1221.599976,1193.420044,1220.530029,1220.530029,1204240000
2002-10-15,1259.869995,1282.739990,1259.869995,1282.439941,1282.439941,2009640000
2002-10-16,1239.540039,1253.609985,1229.060059,1232.420044,1232.420044,1585220000
2002-10-17,1272.260010,1283.209961,1263.459961,1272.290039,1272.290039,1822740000
2002-10-18,1270.130005,1288.079956,1253.439941,1287.859985,1287.859985,1665970000
2002-10-21,1276.760010,1312.530029,1267.760010,1309.670044,1309.670044,1572970000
2002-10-22,1285.540039,1307.599976,1280.660034,1292.800049,1292.800049,1723340000
2002-10-23,1288.239990,1320.250000,1279.459961,1320.229980,1320.229980,1598320000
2002-10-24,1325.079956,1330.989990,1296.540039,1298.709961,1298.709961,1944060000
2002-10-25,1297.329956,1331.329956,1297.170044,1331.130005,1331.130005,1470040000
2002-10-28,1345.719971,1346.209961,1310.630005,1315.829956,1315.829956,1636190000
2002-10-29,1313.140015,1318.930054,1279.189941,1300.540039,1300.540039,1598410000
2002-10-30,1307.489990,1334.630005,1300.550049,1326.729980,1326.729980,1675530000
2002-10-31,1330.729980,1347.579956,1323.089966,1329.750000,1329.750000,1761680000
2002-11-01,1320.949951,1360.829956,1313.719971,1360.699951,1360.699951,1842870000
2002-11-04,1394.569946,1420.030029,1388.680054,1396.540039,1396.540039,2372480000
2002-11-05,1386.869995,1401.369995,1379.329956,1401.170044,1401.170044,1704780000
2002-11-06,1408.219971,1419.040039,1386.520020,1418.989990,1418.989990,2189420000
2002-11-07,1397.540039,1400.079956,1371.469971,1376.709961,1376.709961,1758820000
2002-11-08,1376.369995,1389.770020,1354.280029,1359.280029,1359.280029,1603460000
2002-11-11,1355.099976,1355.099976,1319.069946,1319.189941,1319.189941,1267420000
2002-11-12,1328.079956,1367.969971,1328.079956,1349.560059,1349.560059,1559650000
2002-11-13,1342.219971,1371.739990,1334.130005,1361.329956,1361.329956,1901380000
2002-11-14,1378.939941,1411.630005,1378.939941,1411.520020,1411.520020,1756210000
2002-11-15,1396.109985,1413.530029,1386.140015,1411.140015,1411.140015,1700890000
2002-11-18,1422.540039,1425.420044,1393.660034,1393.689941,1393.689941,1766300000
2002-11-19,1387.109985,1394.930054,1367.760010,1374.510010,1374.510010,1620330000
2002-11-20,1375.689941,1419.640015,1375.410034,1419.349976,1419.349976,1771370000
2002-11-21,1431.130005,1468.719971,1430.079956,1467.550049,1467.550049,2441730000
2002-11-22,1453.050049,1475.349976,1449.500000,1468.739990,1468.739990,1960160000
2002-11-25,1470.640015,1486.939941,1461.130005,1481.900024,1481.900024,1952400000
2002-11-26,1473.229980,1478.729980,1441.119995,1444.430054,1444.430054,1927670000
2002-11-27,1463.270020,1491.449951,1462.619995,1487.939941,1487.939941,1734500000
2002-11-29,1495.810059,1497.439941,1478.719971,1478.780029,1478.780029,841810000
2002-12-02,1507.939941,1521.439941,1474.589966,1484.780029,1484.780029,1925550000
2002-12-03,1474.689941,1474.689941,1445.229980,1448.959961,1448.959961,1651510000
2002-12-04,1427.050049,1444.180054,1412.920044,1430.349976,1430.349976,1886070000
2002-12-05,1444.739990,1445.949951,1410.579956,1410.750000,1410.750000,1462340000
2002-12-06,1395.180054,1430.390015,1391.099976,1422.439941,1422.439941,1529800000
2002-12-09,1411.400024,1411.400024,1367.069946,1367.140015,1367.140015,1496820000
2002-12-10,1374.560059,1397.839966,1373.890015,1390.760010,1390.760010,1470250000
2002-12-11,1382.099976,1407.150024,1377.709961,1396.589966,1396.589966,1423880000
2002-12-12,1407.020020,1411.689941,1388.510010,1399.550049,1399.550049,1408220000
2002-12-13,1387.709961,1387.709961,1362.420044,1362.420044,1362.420044,1371410000
2002-12-16,1367.739990,1400.489990,1365.660034,1400.329956,1400.329956,1406210000
2002-12-17,1396.329956,1408.160034,1385.369995,1392.050049,1392.050049,1336750000
2002-12-18,1380.630005,1380.630005,1355.550049,1361.510010,1361.510010,1529600000
2002-12-19,1358.609985,1384.579956,1346.180054,1354.099976,1354.099976,1654540000
2002-12-20,1364.189941,1370.790039,1358.800049,1363.050049,1363.050049,1992120000
2002-12-23,1359.920044,1384.290039,1358.290039,1381.689941,1381.689941,1193060000
2002-12-24,1375.959961,1382.930054,1372.380005,1372.469971,1372.469971,523880000
2002-12-26,1375.140015,1392.579956,1363.609985,1367.890015,1367.890015,812310000
2002-12-27,1363.640015,1369.209961,1346.650024,1348.310059,1348.310059,804960000
2002-12-30,1349.430054,1353.380005,1329.640015,1339.540039,1339.540039,1076580000
2002-12-31,1336.829956,1345.109985,1327.189941,1335.510010,1335.510010,1166770000
2003-01-02,1346.930054,1384.910034,1336.979980,1384.849976,1384.849976,1287540000
2003-01-03,1382.359985,1389.439941,1374.609985,1387.079956,1387.079956,1149590000
2003-01-06,1390.189941,1428.650024,1390.089966,1421.319946,1421.319946,1567690000
2003-01-07,1424.260010,1442.260010,1416.229980,1431.569946,1431.569946,1755760000
2003-01-08,1423.290039,1424.119995,1399.060059,1401.069946,1401.069946,1457010000
2003-01-09,1414.469971,1445.089966,1414.469971,1438.459961,1438.459961,1685990000
2003-01-10,1423.619995,1457.449951,1418.790039,1447.719971,1447.719971,1652320000
2003-01-13,1461.729980,1467.349976,1436.979980,1446.040039,1446.040039,1376040000
2003-01-14,1445.069946,1461.119995,1442.630005,1460.989990,1460.989990,1329340000
2003-01-15,1461.040039,1463.989990,1435.290039,1438.800049,1438.800049,1513080000
2003-01-16,1440.560059,1449.130005,1420.109985,1423.750000,1423.750000,1366550000
2003-01-17,1401.369995,1401.369995,1376.180054,1376.189941,1376.189941,1433840000
2003-01-21,1380.430054,1386.709961,1364.250000,1364.250000,1364.250000,1355410000
2003-01-22,1361.010010,1379.609985,1358.229980,1359.479980,1359.479980,1477520000
2003-01-23,1377.500000,1393.670044,1365.109985,1388.270020,1388.270020,1566510000
2003-01-24,1382.349976,1382.349976,1340.219971,1342.140015,1342.140015,1568350000
2003-01-27,1329.810059,1349.829956,1320.319946,1325.270020,1325.270020,1440300000
2003-01-28,1335.430054,1346.500000,1321.439941,1342.180054,1342.180054,1406660000
2003-01-29,1335.900024,1363.310059,1320.349976,1358.060059,1358.060059,1507590000
2003-01-30,1360.550049,1363.079956,1322.060059,1322.349976,1322.349976,1446130000
2003-01-31,1308.099976,1331.040039,1303.640015,1320.910034,1320.910034,1554810000
2003-02-03,1324.739990,1335.760010,1318.000000,1323.790039,1323.790039,1256550000
2003-02-04,1310.479980,1310.479980,1292.199951,1306.150024,1306.150024,1368150000
2003-02-05,1314.670044,1332.819946,1299.349976,1301.500000,1301.500000,1367130000
2003-02-06,1298.699951,1310.510010,1291.469971,1301.729980,1301.729980,1219320000
2003-02-07,1310.920044,1314.520020,1278.540039,1282.469971,1282.469971,1228850000
2003-02-10,1286.510010,1298.569946,1275.189941,1296.680054,1296.680054,1216440000
2003-02-11,1301.540039,1315.040039,1285.770020,1295.459961,1295.459961,1296190000
2003-02-12,1292.079956,1301.109985,1278.739990,1278.969971,1278.969971,1231070000
2003-02-13,1280.920044,1281.319946,1261.790039,1277.439941,1277.439941,1310440000
2003-02-14,1283.410034,1310.369995,1279.660034,1310.170044,1310.170044,1315410000
2003-02-18,1319.989990,1346.920044,1319.520020,1346.540039,1346.540039,1303930000
2003-02-19,1343.369995,1344.589966,1322.119995,1334.319946,1334.319946,1179700000
2003-02-20,1339.699951,1344.290039,1329.089966,1331.229980,1331.229980,1320410000
2003-02-21,1331.329956,1352.069946,1316.040039,1349.020020,1349.020020,1342440000
2003-02-24,1342.500000,1343.089966,1321.439941,1322.380005,1322.380005,1222480000
2003-02-25,1307.390015,1331.349976,1291.959961,1328.979980,1328.979980,1395960000
2003-02-26,1323.010010,1331.469971,1302.829956,1303.680054,1303.680054,1207090000
2003-02-27,1312.130005,1331.790039,1305.560059,1323.939941,1323.939941,1238110000
2003-02-28,1327.869995,1342.729980,1325.150024,1337.520020,1337.520020,1354370000
2003-03-03,1344.209961,1353.310059,1316.849976,1320.290039,1320.290039,1253490000
2003-03-04,1320.280029,1321.890015,1307.270020,1307.770020,1307.770020,1221830000
2003-03-05,1305.280029,1317.689941,1302.050049,1314.400024,1314.400024,1360590000
2003-03-06,1306.069946,1312.609985,1299.810059,1302.890015,1302.890015,1262310000
2003-03-07,1285.300049,1310.530029,1280.719971,1305.290039,1305.290039,1436040000
2003-03-10,1295.459961,1299.550049,1277.180054,1278.369995,1278.369995,1119970000
2003-03-11,1280.729980,1288.989990,1269.479980,1271.469971,1271.469971,1251740000
2003-03-12,1266.989990,1279.589966,1253.219971,1279.239990,1279.239990,1533600000
2003-03-13,1297.739990,1340.780029,1290.589966,1340.770020,1340.770020,1789080000
2003-03-14,1344.260010,1352.839966,1329.969971,1340.329956,1340.329956,1611050000
2003-03-17,1329.949951,1392.410034,1326.280029,1392.270020,1392.270020,1886510000
2003-03-18,1392.000000,1400.550049,1378.829956,1400.550049,1400.550049,1632220000
2003-03-19,1396.270020,1401.239990,1378.569946,1397.069946,1397.069946,1694670000
2003-03-20,1385.660034,1411.410034,1371.900024,1402.770020,1402.770020,1596740000
2003-03-21,1422.060059,1425.729980,1403.150024,1421.839966,1421.839966,1911550000
2003-03-24,1390.040039,1392.400024,1368.369995,1369.780029,1369.780029,1317380000
2003-03-25,1374.209961,1400.140015,1369.319946,1391.010010,1391.010010,1437240000
2003-03-26,1390.270020,1397.939941,1383.349976,1387.449951,1387.449951,1418520000
2003-03-27,1375.900024,1392.459961,1369.310059,1384.250000,1384.250000,1441300000
2003-03-28,1375.260010,1384.819946,1367.890015,1369.599976,1369.599976,1364880000
2003-03-31,1351.609985,1357.000000,1336.609985,1341.170044,1341.170044,1596280000
2003-04-01,1347.540039,1356.369995,1338.229980,1348.300049,1348.300049,1412110000
2003-04-02,1374.709961,1400.859985,1374.709961,1396.719971,1396.719971,1609690000
2003-04-03,1404.989990,1412.079956,1389.949951,1396.579956,1396.579956,1445510000
2003-04-04,1400.969971,1400.969971,1378.219971,1383.510010,1383.510010,1366800000
2003-04-07,1425.229980,1430.109985,1389.510010,1389.510010,1389.510010,1516080000
2003-04-08,1388.530029,1392.520020,1376.599976,1382.939941,1382.939941,1312770000
2003-04-09,1385.280029,1393.369995,1356.599976,1356.739990,1356.739990,1312000000
2003-04-10,1359.430054,1368.109985,1351.099976,1365.609985,1365.609985,1235410000
2003-04-11,1379.479980,1387.329956,1353.739990,1358.849976,1358.849976,1237570000
2003-04-14,1361.349976,1386.500000,1359.319946,1384.949951,1384.949951,1173640000
2003-04-15,1381.670044,1394.030029,1376.030029,1391.010010,1391.010010,1295900000
2003-04-16,1411.699951,1418.520020,1391.989990,1394.719971,1394.719971,1551600000
2003-04-17,1395.619995,1425.500000,1393.130005,1425.500000,1425.500000,1644000000
2003-04-21,1425.959961,1432.079956,1413.709961,1424.369995,1424.369995,1271170000
2003-04-22,1417.000000,1452.339966,1414.400024,1451.359985,1451.359985,1614310000
2003-04-23,1453.949951,1468.079956,1447.650024,1466.160034,1466.160034,1818020000
2003-04-24,1453.229980,1465.920044,1448.050049,1457.229980,1457.229980,1661540000
2003-04-25,1451.130005,1452.170044,1432.020020,1434.540039,1434.540039,1515730000
2003-04-28,1437.859985,1465.400024,1435.349976,1462.239990,1462.239990,1477750000
2003-04-29,1468.030029,1482.489990,1459.479980,1471.300049,1471.300049,1670600000
2003-04-30,1467.839966,1472.689941,1459.040039,1464.310059,1464.310059,1619230000
2003-05-01,1463.000000,1478.849976,1451.319946,1472.560059,1472.560059,1473860000
2003-05-02,1470.089966,1504.219971,1469.839966,1502.880005,1502.880005,1826120000
2003-05-05,1508.310059,1519.699951,1502.660034,1504.040039,1504.040039,1932030000
2003-05-06,1503.420044,1531.819946,1503.310059,1523.709961,1523.709961,2139720000
2003-05-07,1513.479980,1523.910034,1503.060059,1506.760010,1506.760010,1927720000
2003-05-08,1492.489990,1504.040039,1486.910034,1489.689941,1489.689941,1619000000
2003-05-09,1500.650024,1520.150024,1500.099976,1520.150024,1520.150024,1545190000
2003-05-12,1518.520020,1544.410034,1512.719971,1541.400024,1541.400024,1796940000
2003-05-13,1533.140015,1548.589966,1529.560059,1539.680054,1539.680054,1856230000
2003-05-14,1545.880005,1549.939941,1526.140015,1534.900024,1534.900024,1816790000
2003-05-15,1541.430054,1552.979980,1536.030029,1551.380005,1551.380005,1982130000
2003-05-16,1544.839966,1550.439941,1534.349976,1538.530029,1538.530029,1783450000
2003-05-19,1530.380005,1536.040039,1492.459961,1492.770020,1492.770020,1684210000
2003-05-20,1498.050049,1505.180054,1480.130005,1491.089966,1491.089966,1699750000
2003-05-21,1488.270020,1490.819946,1478.150024,1489.869995,1489.869995,1588960000
2003-05-22,1493.390015,1512.800049,1489.079956,1507.550049,1507.550049,1783870000
2003-05-23,1506.640015,1514.489990,1501.380005,1510.089966,1510.089966,1448770000
2003-05-27,1504.869995,1558.280029,1504.219971,1556.689941,1556.689941,1932760000
2003-05-28,1560.109985,1571.849976,1553.699951,1563.239990,1563.239990,2042270000
2003-05-29,1565.380005,1591.260010,1564.140015,1574.949951,1574.949951,2228880000
2003-05-30,1583.229980,1599.920044,1582.520020,1595.910034,1595.910034,2314660000
2003-06-02,1612.099976,1620.790039,1586.479980,1590.750000,1590.750000,2517530000
2003-06-03,1589.719971,1603.739990,1584.699951,1603.560059,1603.560059,2067880000
2003-06-04,1604.839966,1638.569946,1603.170044,1634.650024,1634.650024,2515710000
2003-06-05,1620.790039,1646.010010,1613.989990,1646.010010,1646.010010,2449080000
2003-06-06,1670.030029,1684.060059,1625.180054,1627.420044,1627.420044,2962610000
2003-06-09,1623.000000,1625.609985,1597.319946,1603.969971,1603.969971,1856700000
2003-06-10,1611.170044,1627.770020,1606.079956,1627.670044,1627.670044,1791650000
2003-06-11,1625.000000,1647.569946,1612.219971,1646.020020,1646.020020,1932200000
2003-06-12,1653.050049,1661.119995,1640.119995,1653.619995,1653.619995,1790700000
2003-06-13,1656.609985,1660.430054,1624.119995,1626.489990,1626.489990,1813140000
2003-06-16,1633.800049,1667.770020,1629.589966,1666.579956,1666.579956,1912560000
2003-06-17,1673.099976,1674.089966,1656.569946,1668.439941,1668.439941,1968630000
2003-06-18,1663.030029,1685.040039,1653.250000,1677.140015,1677.140015,2082080000
2003-06-19,1677.050049,1686.099976,1646.790039,1648.640015,1648.640015,1957720000
2003-06-20,1657.310059,1660.469971,1638.930054,1644.719971,1644.719971,1767110000
2003-06-23,1642.329956,1643.209961,1601.449951,1610.750000,1610.750000,1694940000
2003-06-24,1605.689941,1622.469971,1598.250000,1605.609985,1605.609985,1619510000
2003-06-25,1608.500000,1629.969971,1600.280029,1602.660034,1602.660034,1563620000
2003-06-26,1611.310059,1636.150024,1606.469971,1634.010010,1634.010010,1560860000
2003-06-27,1636.030029,1653.739990,1621.250000,1625.260010,1625.260010,1553940000
2003-06-30,1634.859985,1643.680054,1621.439941,1622.800049,1622.800049,1792820000
2003-07-01,1617.300049,1641.770020,1598.920044,1640.130005,1640.130005,1711820000
2003-07-02,1648.130005,1678.770020,1648.130005,1678.729980,1678.729980,1866650000
2003-07-03,1665.949951,1683.770020,1660.949951,1663.459961,1663.459961,944910000
2003-07-07,1685.410034,1721.250000,1685.410034,1720.709961,1720.709961,1836380000
2003-07-08,1715.989990,1747.439941,1713.760010,1746.459961,1746.459961,2018490000
2003-07-09,1743.660034,1758.180054,1735.300049,1747.459961,1747.459961,2113620000
2003-07-10,1731.349976,1735.130005,1707.489990,1715.859985,1715.859985,1733800000
2003-07-11,1720.979980,1737.410034,1720.979980,1733.930054,1733.930054,1516880000
2003-07-14,1757.430054,1776.099976,1748.880005,1754.819946,1754.819946,1973180000
2003-07-15,1769.949951,1771.780029,1742.099976,1753.209961,1753.209961,1915630000
2003-07-16,1766.349976,1767.900024,1734.140015,1747.969971,1747.969971,1920560000
2003-07-17,1727.760010,1729.589966,1693.469971,1698.020020,1698.020020,1912680000
2003-07-18,1709.089966,1714.839966,1688.819946,1708.500000,1708.500000,1602890000
2003-07-21,1706.150024,1706.290039,1675.180054,1681.410034,1681.410034,1459310000
2003-07-22,1695.020020,1710.339966,1686.150024,1706.099976,1706.099976,1749720000
2003-07-23,1710.819946,1720.040039,1695.199951,1719.180054,1719.180054,1834980000
2003-07-24,1732.189941,1740.800049,1700.290039,1701.420044,1701.420044,1901240000
2003-07-25,1703.579956,1730.910034,1685.890015,1730.699951,1730.699951,1587980000
2003-07-28,1734.680054,1740.589966,1726.239990,1735.359985,1735.359985,1535820000
2003-07-29,1740.270020,1744.599976,1713.209961,1731.369995,1731.369995,1703800000
2003-07-30,1731.569946,1733.400024,1717.069946,1720.910034,1720.910034,1513760000
2003-07-31,1735.469971,1757.369995,1728.339966,1735.020020,1735.020020,1858470000
2003-08-01,1731.630005,1733.140015,1714.010010,1715.619995,1715.619995,1484040000
2003-08-04,1714.839966,1723.270020,1687.770020,1714.060059,1714.060059,1573410000
2003-08-05,1710.689941,1711.109985,1671.040039,1673.500000,1673.500000,1743380000
2003-08-06,1664.260010,1675.459961,1648.420044,1652.680054,1652.680054,1862270000
2003-08-07,1651.459961,1658.430054,1641.739990,1652.180054,1652.180054,1638040000
2003-08-08,1659.060059,1662.780029,1640.880005,1644.030029,1644.030029,1336330000
2003-08-11,1646.949951,1668.060059,1646.589966,1661.510010,1661.510010,1203780000
2003-08-12,1666.609985,1687.479980,1660.660034,1687.010010,1687.010010,1329840000
2003-08-13,1693.359985,1695.829956,1681.310059,1686.609985,1686.609985,1449200000
2003-08-14,1688.130005,1700.339966,1681.520020,1700.339966,1700.339966,1311570000
2003-08-15,1697.750000,1705.329956,1693.880005,1702.010010,1702.010010,703950000
2003-08-18,1707.170044,1739.589966,1706.930054,1739.489990,1739.489990,1476310000
2003-08-19,1747.000000,1761.630005,1737.369995,1761.109985,1761.109985,1724390000
2003-08-20,1749.079956,1768.520020,1747.010010,1760.540039,1760.540039,1506760000
2003-08-21,1771.390015,1783.640015,1762.969971,1777.550049,1777.550049,1722470000
2003-08-22,1804.810059,1812.489990,1765.300049,1765.319946,1765.319946,1705200000
2003-08-25,1763.780029,1768.119995,1752.119995,1764.310059,1764.310059,1117840000
2003-08-26,1756.079956,1771.219971,1737.150024,1770.650024,1770.650024,1382860000
2003-08-27,1767.780029,1783.119995,1764.630005,1782.130005,1782.130005,1349730000
2003-08-28,1787.770020,1800.650024,1772.979980,1800.180054,1800.180054,1466510000
2003-08-29,1796.099976,1813.819946,1794.829956,1810.449951,1810.449951,1206180000
2003-09-02,1817.920044,1841.479980,1804.300049,1841.479980,1841.479980,1773780000
2003-09-03,1852.469971,1863.550049,1846.510010,1852.900024,1852.900024,2333120000
2003-09-04,1853.119995,1870.000000,1848.949951,1868.969971,1868.969971,1886580000
2003-09-05,1861.290039,1879.699951,1850.689941,1858.239990,1858.239990,1952040000
2003-09-08,1863.880005,1888.650024,1863.880005,1888.619995,1888.619995,2032940000
2003-09-09,1883.000000,1886.270020,1867.810059,1873.430054,1873.430054,2220160000
2003-09-10,1859.209961,1859.209961,1823.810059,1823.810059,1823.810059,2001600000
2003-09-11,1830.439941,1852.599976,1819.420044,1846.089966,1846.089966,1748050000
2003-09-12,1833.969971,1855.040039,1821.979980,1855.030029,1855.030029,1713770000
2003-09-15,1857.119995,1861.810059,1843.790039,1845.699951,1845.699951,1463950000
2003-09-16,1848.410034,1887.869995,1848.410034,1887.250000,1887.250000,1788770000
2003-09-17,1884.180054,1894.739990,1876.239990,1883.099976,1883.099976,1903800000
2003-09-18,1880.910034,1910.510010,1874.300049,1909.550049,1909.550049,2011010000
2003-09-19,1913.739990,1913.739990,1895.930054,1905.699951,1905.699951,1885000000
2003-09-22,1881.420044,1881.420044,1866.880005,1874.619995,1874.619995,1720080000
2003-09-23,1877.439941,1901.729980,1875.150024,1901.719971,1901.719971,1868800000
2003-09-24,1903.810059,1904.130005,1843.430054,1843.699951,1843.699951,2207970000
2003-09-25,1849.390015,1856.219971,1817.199951,1817.239990,1817.239990,2033060000
2003-09-26,1816.750000,1821.569946,1792.060059,1792.069946,1792.069946,1841530000
2003-09-29,1801.550049,1824.589966,1786.569946,1824.560059,1824.560059,1666930000
2003-09-30,1812.810059,1812.810059,1783.459961,1786.939941,1786.939941,1864240000
2003-10-01,1797.069946,1832.250000,1796.089966,1832.250000,1832.250000,1821740000
2003-10-02,1828.939941,1842.550049,1823.640015,1836.219971,1836.219971,1604090000
2003-10-03,1864.540039,1891.619995,1864.540039,1880.569946,1880.569946,2014580000
2003-10-06,1884.640015,1894.219971,1876.000000,1893.459961,1893.459961,1375810000
2003-10-07,1882.920044,1907.880005,1878.589966,1907.849976,1907.849976,1840280000
2003-10-08,1913.640015,1914.329956,1888.530029,1893.780029,1893.780029,1801870000
2003-10-09,1916.949951,1936.930054,1899.209961,1911.900024,1911.900024,2083460000
2003-10-10,1915.520020,1921.140015,1905.489990,1915.310059,1915.310059,1464990000
2003-10-13,1924.060059,1940.969971,1921.959961,1933.530029,1933.530029,1498730000
2003-10-14,1929.520020,1943.329956,1922.819946,1943.189941,1943.189941,1757290000
2003-10-15,1966.380005,1966.869995,1933.030029,1939.099976,1939.099976,2017190000
2003-10-16,1931.989990,1951.760010,1930.280029,1950.140015,1950.140015,1765870000
2003-10-17,1947.199951,1949.689941,1910.239990,1912.359985,1912.359985,1747150000
2003-10-20,1913.790039,1925.160034,1905.390015,1925.140015,1925.140015,1537390000
2003-10-21,1929.310059,1944.339966,1922.780029,1940.900024,1940.900024,1735740000
2003-10-22,1923.329956,1923.329956,1897.359985,1898.069946,1898.069946,1711460000
2003-10-23,1879.119995,1893.199951,1874.109985,1885.510010,1885.510010,1937090000
2003-10-24,1863.319946,1866.430054,1841.619995,1865.589966,1865.589966,1957040000
2003-10-27,1876.030029,1890.660034,1873.619995,1882.910034,1882.910034,1518680000
2003-10-28,1893.280029,1932.260010,1892.430054,1932.260010,1932.260010,2076260000
2003-10-29,1925.609985,1937.369995,1923.560059,1936.560059,1936.560059,1968120000
2003-10-30,1955.589966,1957.530029,1929.770020,1932.689941,1932.689941,2158840000
2003-10-31,1938.219971,1942.680054,1928.670044,1932.209961,1932.209961,1833200000
2003-11-03,1941.310059,1969.260010,1941.310059,1967.699951,1967.699951,2089430000
2003-11-04,1961.449951,1971.380005,1953.640015,1957.969971,1957.969971,2081990000
2003-11-05,1957.000000,1966.150024,1938.219971,1959.369995,1959.369995,2018140000
2003-11-06,1971.270020,1977.910034,1953.339966,1976.369995,1976.369995,2141830000
2003-11-07,1986.560059,1992.270020,1968.810059,1970.739990,1970.739990,1957330000
2003-11-10,1972.099976,1973.079956,1939.729980,1941.640015,1941.640015,1750150000
2003-11-11,1938.849976,1944.010010,1923.500000,1930.750000,1930.750000,1637810000
2003-11-12,1935.969971,1973.109985,1935.859985,1973.109985,1973.109985,1837190000
2003-11-13,1964.430054,1970.400024,1956.410034,1967.349976,1967.349976,1871860000
2003-11-14,1966.869995,1977.790039,1930.260010,1930.260010,1930.260010,1829730000
2003-11-17,1919.010010,1919.229980,1890.719971,1909.609985,1909.609985,1861100000
2003-11-18,1919.449951,1926.000000,1881.750000,1881.750000,1881.750000,1898710000
2003-11-19,1886.180054,1903.430054,1880.310059,1899.650024,1899.650024,1798010000
2003-11-20,1886.630005,1916.550049,1880.910034,1881.920044,1881.920044,1799100000
2003-11-21,1891.839966,1896.410034,1878.069946,1893.880005,1893.880005,1621590000
2003-11-24,1907.290039,1947.140015,1907.290039,1947.140015,1947.140015,1791020000
2003-11-25,1948.359985,1956.199951,1942.020020,1943.040039,1943.040039,1836350000
2003-11-26,1954.280029,1960.310059,1930.630005,1953.310059,1953.310059,1524790000
2003-11-28,1950.209961,1963.060059,1950.209961,1960.260010,1960.260010,703800000
2003-12-01,1972.969971,1989.819946,1968.540039,1989.819946,1989.819946,1840020000
2003-12-02,1986.800049,1996.079956,1978.229980,1980.069946,1980.069946,1802760000
2003-12-03,1989.140015,2000.920044,1960.130005,1960.250000,1960.250000,2241590000
2003-12-04,1966.920044,1971.250000,1942.670044,1968.800049,1968.800049,2114230000
2003-12-05,1949.260010,1960.390015,1935.579956,1937.819946,1937.819946,1665920000
2003-12-08,1937.479980,1948.939941,1926.939941,1948.849976,1948.849976,1583730000
2003-12-09,1955.500000,1956.969971,1906.839966,1908.319946,1908.319946,1813530000
2003-12-10,1912.239990,1916.000000,1887.459961,1904.650024,1904.650024,1946310000
2003-12-11,1904.479980,1945.920044,1903.930054,1942.319946,1942.319946,1807550000
2003-12-12,1947.260010,1949.020020,1931.099976,1949.000000,1949.000000,1457100000
2003-12-15,1978.770020,1979.780029,1918.260010,1918.260010,1918.260010,1815500000
2003-12-16,1918.060059,1927.089966,1901.660034,1924.290039,1924.290039,1811430000
2003-12-17,1922.209961,1926.000000,1910.239990,1921.329956,1921.329956,1501340000
2003-12-18,1924.619995,1957.680054,1924.619995,1956.180054,1956.180054,1714080000
2003-12-19,1963.280029,1963.280029,1939.560059,1951.020020,1951.020020,1844570000
2003-12-22,1946.189941,1958.739990,1941.619995,1955.800049,1955.800049,1283590000
2003-12-23,1954.030029,1974.780029,1952.439941,1974.780029,1974.780029,1321000000
2003-12-24,1969.709961,1974.310059,1964.880005,1969.229980,1969.229980,642630000
2003-12-26,1970.369995,1979.739990,1970.369995,1973.140015,1973.140015,530810000
2003-12-29,1976.930054,2006.479980,1976.930054,2006.479980,2006.479980,1413210000
2003-12-30,2003.979980,2010.130005,1997.819946,2009.880005,2009.880005,1544270000
2003-12-31,2010.640015,2015.229980,1996.619995,2003.369995,2003.369995,1775710000
2004-01-02,2011.079956,2022.369995,1999.770020,2006.680054,2006.680054,1666780000
2004-01-05,2020.780029,2047.359985,2020.780029,2047.359985,2047.359985,2362910000
2004-01-06,2044.550049,2061.540039,2039.630005,2057.370117,2057.370117,2273220000
2004-01-07,2056.750000,2078.090088,2047.020020,2077.679932,2077.679932,2294280000
2004-01-08,2089.600098,2100.250000,2078.050049,2100.250000,2100.250000,2683950000
2004-01-09,2083.639893,2113.330078,2077.090088,2086.919922,2086.919922,2482760000
2004-01-12,2093.540039,2112.520020,2085.149902,2111.780029,2111.780029,2284010000
2004-01-13,2113.110107,2114.909912,2080.290039,2096.439941,2096.439941,2385700000
2004-01-14,2104.290039,2111.729980,2094.320068,2111.129883,2111.129883,2099970000
2004-01-15,2101.860107,2121.610107,2088.100098,2109.080078,2109.080078,2235590000
2004-01-16,2126.120117,2140.469971,2119.350098,2140.459961,2140.459961,2614390000
2004-01-20,2149.030029,2149.850098,2130.199951,2147.979980,2147.979980,2574190000
2004-01-21,2139.330078,2150.110107,2120.199951,2142.449951,2142.449951,2421860000
2004-01-22,2146.320068,2152.120117,2119.010010,2119.010010,2119.010010,2353370000
2004-01-23,2124.760010,2138.409912,2108.449951,2123.870117,2123.870117,2253910000
2004-01-26,2120.560059,2153.830078,2115.340088,2153.830078,2153.830078,1946050000
2004-01-27,2148.050049,2152.750000,2116.040039,2116.040039,2116.040039,2151260000
2004-01-28,2125.020020,2128.000000,2073.149902,2077.370117,2077.370117,2319550000
2004-01-29,2085.540039,2087.330078,2041.069946,2068.229980,2068.229980,2637760000
2004-01-30,2068.360107,2078.879883,2058.540039,2066.149902,2066.149902,1931180000
2004-02-02,2072.129883,2085.489990,2053.790039,2063.149902,2063.149902,1915680000
2004-02-03,2061.280029,2071.439941,2057.330078,2066.209961,2066.209961,1844840000
2004-02-04,2042.829956,2044.680054,2013.920044,2014.140015,2014.140015,2267580000
2004-02-05,2024.479980,2031.390015,2012.790039,2019.560059,2019.560059,1956030000
2004-02-06,2025.959961,2064.010010,2025.910034,2064.010010,2064.010010,1855510000
2004-02-09,2069.290039,2074.270020,2060.439941,2060.570068,2060.570068,1745350000
2004-02-10,2061.100098,2075.330078,2060.439941,2075.330078,2075.330078,1656760000
2004-02-11,2072.899902,2089.659912,2064.770020,2089.659912,2089.659912,2185700000
2004-02-12,2084.020020,2091.219971,2072.060059,2073.610107,2073.610107,1937690000
2004-02-13,2080.169922,2085.709961,2049.760010,2053.560059,2053.560059,1818020000
2004-02-17,2068.419922,2084.719971,2068.010010,2080.350098,2080.350098,1618060000
2004-02-18,2084.229980,2088.510010,2072.189941,2076.469971,2076.469971,1781240000
2004-02-19,2091.709961,2094.919922,2045.959961,2045.959961,2045.959961,2065540000
2004-02-20,2052.129883,2052.360107,2022.790039,2037.930054,2037.930054,1914330000
2004-02-23,2044.410034,2045.099976,1999.589966,2007.520020,2007.520020,1953330000
2004-02-24,2000.750000,2018.069946,1991.050049,2005.439941,2005.439941,2069420000
2004-02-25,2010.589966,2024.199951,2007.729980,2022.979980,2022.979980,1707140000
2004-02-26,2018.910034,2037.170044,2012.829956,2032.569946,2032.569946,1752840000
2004-02-27,2036.670044,2044.770020,2018.829956,2029.819946,2029.819946,1871780000
2004-03-01,2036.920044,2057.800049,2032.640015,2057.800049,2057.800049,1697920000
2004-03-02,2056.379883,2064.399902,2039.650024,2039.650024,2039.650024,1871950000
2004-03-03,2037.109985,2039.310059,2020.290039,2033.359985,2033.359985,1814850000
2004-03-04,2034.729980,2055.120117,2031.839966,2055.110107,2055.110107,1799070000
2004-03-05,2037.329956,2069.020020,2034.180054,2047.630005,2047.630005,2045230000
2004-03-08,2052.070068,2058.250000,2008.780029,2008.780029,2008.780029,2044260000
2004-03-09,2008.750000,2011.829956,1987.290039,1995.160034,1995.160034,2105450000
2004-03-10,1997.109985,2007.250000,1963.130005,1964.150024,1964.150024,2159820000
2004-03-11,1953.589966,1982.579956,1943.890015,1943.890015,1943.890015,2191370000
2004-03-12,1961.000000,1984.729980,1959.489990,1984.729980,1984.729980,1707130000
2004-03-15,1977.780029,1977.780029,1939.199951,1939.199951,1939.199951,1723290000
2004-03-16,1952.780029,1961.989990,1927.689941,1943.089966,1943.089966,1963640000
2004-03-17,1956.520020,1980.310059,1956.520020,1976.760010,1976.760010,1678770000
2004-03-18,1971.260010,1972.310059,1947.560059,1962.439941,1962.439941,1677760000
2004-03-19,1964.969971,1970.150024,1940.469971,1940.469971,1940.469971,1645680000
2004-03-22,1929.020020,1929.280029,1897.630005,1909.900024,1909.900024,1982240000
2004-03-23,1923.229980,1928.609985,1898.939941,1901.800049,1901.800049,1835180000
2004-03-24,1908.040039,1922.510010,1896.910034,1909.479980,1909.479980,1839440000
2004-03-25,1923.219971,1967.170044,1923.219971,1967.170044,1967.170044,1968620000
2004-03-26,1963.520020,1976.760010,1960.020020,1960.020020,1960.020020,1579820000
2004-03-29,1975.430054,1996.229980,1975.430054,1992.569946,1992.569946,1706000000
2004-03-30,1985.670044,2000.680054,1981.439941,2000.630005,2000.630005,1598550000
2004-03-31,2001.089966,2004.000000,1985.040039,1994.219971,1994.219971,1861460000
2004-04-01,1996.449951,2019.089966,1996.449951,2015.010010,2015.010010,1833430000
2004-04-02,2046.050049,2057.169922,2037.189941,2057.169922,2057.169922,2183740000
2004-04-05,2055.989990,2079.120117,2054.340088,2079.120117,2079.120117,1736300000
2004-04-06,2064.129883,2068.270020,2053.320068,2059.899902,2059.899902,1811100000
2004-04-07,2055.610107,2060.439941,2038.739990,2050.239990,2050.239990,1774960000
2004-04-08,2074.580078,2075.330078,2046.099976,2052.879883,2052.879883,1694140000
2004-04-12,2057.639893,2069.449951,2057.639893,2065.479980,2065.479980,1501360000
2004-04-13,2072.949951,2073.419922,2026.199951,2030.079956,2030.079956,1953240000
2004-04-14,2018.359985,2040.150024,2013.979980,2024.849976,2024.849976,1832200000
2004-04-15,2026.520020,2031.839966,1989.209961,2002.170044,2002.170044,1956010000
2004-04-16,2002.430054,2007.170044,1982.140015,1995.739990,1995.739990,1870420000
2004-04-19,1995.369995,2020.449951,1991.140015,2020.430054,2020.430054,1672830000
2004-04-20,2022.619995,2032.410034,1978.630005,1978.630005,1978.630005,1921740000
2004-04-21,1987.219971,1995.910034,1973.250000,1995.630005,1995.630005,2053970000
2004-04-22,1992.650024,2035.390015,1991.469971,2032.910034,2032.910034,2147870000
2004-04-23,2045.920044,2051.750000,2034.479980,2049.770020,2049.770020,1927300000
2004-04-26,2052.250000,2059.080078,2031.750000,2036.770020,2036.770020,1727680000
2004-04-27,2040.530029,2053.570068,2027.640015,2032.530029,2032.530029,1971610000
2004-04-28,2026.439941,2026.439941,1985.540039,1989.540039,1989.540039,2037420000
2004-04-29,1987.479980,1998.500000,1946.099976,1958.780029,1958.780029,2371070000
2004-04-30,1962.489990,1965.890015,1919.390015,1920.150024,1920.150024,2174730000
2004-05-03,1928.719971,1954.619995,1926.089966,1938.719971,1938.719971,1932490000
2004-05-04,1942.369995,1969.969971,1933.599976,1950.479980,1950.479980,1857530000
2004-05-05,1954.989990,1967.329956,1948.510010,1957.260010,1957.260010,1586660000
2004-05-06,1945.869995,1949.550049,1923.300049,1937.739990,1937.739990,1750770000
2004-05-07,1931.859985,1957.239990,1917.959961,1917.959961,1917.959961,1637090000
2004-05-10,1904.729980,1907.979980,1880.319946,1896.069946,1896.069946,1895630000
2004-05-11,1909.500000,1931.479980,1909.500000,1931.349976,1931.349976,1645220000
2004-05-12,1924.319946,1927.229980,1878.770020,1925.589966,1925.589966,1887780000
2004-05-13,1918.630005,1937.869995,1914.099976,1926.030029,1926.030029,1558620000
2004-05-14,1922.469971,1927.250000,1897.569946,1904.250000,1904.250000,1526360000
2004-05-17,1881.060059,1887.739990,1865.400024,1876.640015,1876.640015,1528890000
2004-05-18,1892.290039,1903.390015,1890.949951,1897.819946,1897.819946,1435100000
2004-05-19,1917.579956,1936.040039,1898.160034,1898.170044,1898.170044,1834960000
2004-05-20,1902.780029,1912.020020,1890.180054,1896.589966,1896.589966,1540900000
2004-05-21,1910.040039,1918.079956,1899.849976,1912.089966,1912.089966,1376620000
2004-05-24,1924.869995,1934.410034,1915.560059,1922.979980,1922.979980,1422080000
2004-05-25,1920.939941,1966.680054,1913.729980,1964.650024,1964.650024,1770600000
2004-05-26,1961.160034,1976.160034,1957.579956,1976.150024,1976.150024,1591030000
2004-05-27,1982.770020,1991.869995,1969.040039,1984.500000,1984.500000,1641260000
2004-05-28,1985.540039,1990.810059,1976.699951,1986.739990,1986.739990,1233190000
2004-06-01,1978.520020,1991.290039,1972.709961,1990.770020,1990.770020,1459030000
2004-06-02,1995.180054,1998.319946,1978.709961,1988.979980,1988.979980,1520120000
2004-06-03,1983.859985,1983.859985,1960.260010,1960.260010,1960.260010,1526670000
2004-06-04,1982.650024,1995.500000,1978.040039,1978.619995,1978.619995,1417600000
2004-06-07,1991.670044,2020.619995,1991.420044,2020.619995,2020.619995,1485300000
2004-06-08,2010.719971,2023.540039,2008.300049,2023.530029,2023.530029,1464790000
2004-06-09,2015.040039,2019.219971,1989.989990,1990.609985,1990.609985,1520200000
2004-06-10,1996.800049,2000.989990,1988.890015,1999.869995,1999.869995,1345640000
2004-06-14,1987.750000,1987.829956,1963.479980,1969.989990,1969.989990,1402630000
2004-06-15,1982.410034,2006.579956,1982.410034,1995.599976,1995.599976,1527280000
2004-06-16,1997.099976,2002.069946,1990.569946,1998.229980,1998.229980,1353130000
2004-06-17,1993.689941,1993.930054,1976.250000,1983.670044,1983.670044,1449920000
2004-06-18,1977.770020,2000.410034,1973.910034,1986.729980,1986.729980,1697770000
2004-06-21,1990.819946,1995.060059,1972.430054,1974.380005,1974.380005,1363000000
2004-06-22,1975.510010,1994.869995,1964.530029,1994.150024,1994.150024,1660890000
2004-06-23,1992.050049,2023.229980,1990.780029,2020.979980,2020.979980,1803560000
2004-06-24,2020.109985,2032.209961,2013.780029,2015.569946,2015.569946,1685690000
2004-06-25,2016.739990,2033.869995,2015.569946,2025.469971,2025.469971,1972100000
2004-06-28,2038.979980,2039.930054,2013.729980,2019.819946,2019.819946,1611080000
2004-06-29,2017.349976,2037.599976,2017.349976,2034.930054,2034.930054,1581530000
2004-06-30,2038.339966,2055.649902,2031.880005,2047.790039,2047.790039,1754160000
2004-07-01,2045.530029,2045.530029,2006.670044,2015.550049,2015.550049,1739310000
2004-07-02,2014.089966,2014.739990,1996.609985,2006.660034,2006.660034,1200230000
2004-07-06,1994.699951,1995.400024,1958.689941,1963.430054,1963.430054,1927550000
2004-07-07,1961.219971,1976.920044,1960.780029,1966.079956,1966.079956,1762310000
2004-07-08,1951.790039,1964.479980,1934.569946,1935.319946,1935.319946,1789150000
2004-07-09,1946.489990,1961.109985,1940.219971,1946.329956,1946.329956,1388750000
2004-07-12,1936.170044,1941.239990,1921.400024,1936.920044,1936.920044,1504000000
2004-07-13,1940.310059,1945.170044,1930.589966,1931.660034,1931.660034,1499660000
2004-07-14,1913.729980,1937.680054,1908.979980,1914.880005,1914.880005,1461800000
2004-07-15,1920.140015,1925.760010,1910.130005,1912.709961,1912.709961,1669940000
2004-07-16,1926.189941,1926.189941,1882.930054,1883.150024,1883.150024,2099400000
2004-07-19,1889.060059,1893.800049,1870.140015,1883.829956,1883.829956,1774620000
2004-07-20,1886.689941,1917.069946,1885.800049,1917.069946,1917.069946,1628240000
2004-07-21,1933.020020,1933.030029,1874.369995,1874.369995,1874.369995,2109750000
2004-07-22,1872.430054,1892.979980,1853.579956,1889.060059,1889.060059,1964570000
2004-07-23,1874.459961,1874.459961,1846.550049,1849.089966,1849.089966,1697910000
2004-07-26,1852.420044,1860.119995,1829.060059,1839.020020,1839.020020,1667060000
2004-07-27,1844.280029,1872.170044,1843.040039,1869.099976,1869.099976,1769400000
2004-07-28,1861.369995,1869.000000,1832.119995,1858.260010,1858.260010,1847380000
2004-07-29,1871.540039,1885.010010,1867.619995,1881.060059,1881.060059,1703350000
2004-07-30,1878.540039,1896.310059,1876.310059,1887.359985,1887.359985,1507320000
2004-08-02,1874.930054,1893.130005,1869.660034,1892.089966,1892.089966,1533970000
2004-08-03,1887.140015,1887.569946,1859.170044,1859.420044,1859.420044,1494480000
2004-08-04,1850.780029,1864.800049,1842.199951,1855.060059,1855.060059,1659390000
2004-08-05,1856.989990,1859.770020,1820.209961,1821.630005,1821.630005,1574660000
2004-08-06,1805.949951,1806.280029,1775.569946,1776.890015,1776.890015,1692260000
2004-08-09,1782.349976,1787.439941,1774.479980,1774.640015,1774.640015,1263490000
2004-08-10,1782.300049,1808.699951,1782.260010,1808.699951,1808.699951,1468460000
2004-08-11,1778.430054,1786.650024,1760.500000,1782.420044,1782.420044,1794260000
2004-08-12,1770.680054,1774.680054,1751.949951,1752.489990,1752.489990,1632660000
2004-08-13,1762.459961,1768.630005,1750.819946,1757.219971,1757.219971,1347750000
2004-08-16,1759.579956,1789.489990,1759.579956,1782.839966,1782.839966,1289730000
2004-08-17,1792.260010,1804.589966,1791.949951,1795.250000,1795.250000,1390280000
2004-08-18,1787.660034,1831.369995,1784.599976,1831.369995,1831.369995,1575050000
2004-08-19,1825.910034,1829.130005,1811.680054,1819.890015,1819.890015,1416730000
2004-08-20,1819.540039,1843.119995,1815.920044,1838.020020,1838.020020,1342650000
2004-08-23,1843.790039,1848.119995,1835.109985,1838.699951,1838.699951,1224660000
2004-08-24,1846.930054,1850.290039,1828.510010,1836.890015,1836.890015,1301090000
2004-08-25,1836.719971,1861.790039,1830.300049,1860.719971,1860.719971,1320640000
2004-08-26,1855.770020,1860.390015,1848.880005,1852.920044,1852.920044,1183830000
2004-08-27,1855.030029,1866.250000,1854.770020,1862.089966,1862.089966,1011070000
2004-08-30,1855.780029,1855.780029,1836.469971,1836.489990,1836.489990,1007640000
2004-08-31,1837.540039,1842.150024,1819.619995,1838.099976,1838.099976,1298910000
2004-09-01,1833.369995,1859.439941,1833.329956,1850.410034,1850.410034,1426350000
2004-09-02,1848.030029,1876.239990,1846.949951,1873.430054,1873.430054,1208770000
2004-09-03,1857.609985,1867.459961,1840.939941,1844.479980,1844.479980,1244610000
2004-09-07,1856.000000,1865.430054,1847.479980,1858.560059,1858.560059,1320700000
2004-09-08,1855.250000,1870.040039,1850.050049,1850.640015,1850.640015,1442540000
2004-09-09,1858.510010,1875.390015,1849.369995,1869.650024,1869.650024,1663790000
2004-09-10,1870.329956,1895.780029,1863.459961,1894.310059,1894.310059,1606650000
2004-09-13,1900.170044,1919.209961,1897.729980,1910.380005,1910.380005,1741080000
2004-09-14,1909.199951,1917.739990,1901.770020,1915.400024,1915.400024,1509260000
2004-09-15,1908.380005,1908.380005,1892.079956,1896.520020,1896.520020,1575500000
2004-09-16,1898.829956,1914.380005,1898.359985,1904.079956,1904.079956,1325500000
2004-09-17,1907.010010,1911.000000,1896.670044,1910.089966,1910.089966,1640370000
2004-09-20,1903.020020,1921.500000,1900.239990,1908.069946,1908.069946,1565540000
2004-09-21,1913.130005,1925.849976,1909.430054,1921.180054,1921.180054,1531560000
2004-09-22,1910.229980,1910.229980,1884.849976,1885.709961,1885.709961,1588290000
2004-09-23,1887.020020,1894.670044,1883.319946,1886.430054,1886.430054,1396810000
2004-09-24,1888.890015,1897.420044,1879.479980,1879.479980,1879.479980,1360090000
2004-09-27,1871.160034,1871.939941,1858.880005,1859.880005,1859.880005,1316790000
2004-09-28,1865.880005,1873.859985,1852.589966,1869.869995,1869.869995,1536980000
2004-09-29,1870.609985,1894.060059,1869.949951,1893.939941,1893.939941,1637280000
2004-09-30,1892.599976,1902.250000,1887.680054,1896.839966,1896.839966,1656620000
2004-10-01,1909.589966,1942.229980,1908.569946,1942.199951,1942.199951,1820300000
2004-10-04,1954.589966,1965.760010,1950.170044,1952.400024,1952.400024,1854970000
2004-10-05,1950.229980,1960.900024,1946.859985,1955.500000,1955.500000,1709600000
2004-10-06,1953.910034,1971.040039,1947.239990,1971.030029,1971.030029,1922870000
2004-10-07,1967.369995,1970.260010,1948.030029,1948.520020,1948.520020,1734970000
2004-10-08,1940.670044,1949.339966,1917.719971,1919.969971,1919.969971,1668940000
2004-10-11,1924.410034,1930.660034,1920.760010,1928.760010,1928.760010,1173820000
2004-10-12,1913.699951,1929.979980,1904.109985,1925.170044,1925.170044,1508390000
2004-10-13,1944.959961,1948.010010,1914.459961,1920.530029,1920.530029,1776120000
2004-10-14,1920.579956,1921.819946,1900.770020,1903.020020,1903.020020,1590290000
2004-10-15,1907.930054,1923.920044,1899.329956,1911.500000,1911.500000,1648280000
2004-10-18,1909.780029,1936.520020,1904.500000,1936.520020,1936.520020,1505000000
2004-10-19,1944.410034,1952.849976,1922.599976,1922.900024,1922.900024,1713330000
2004-10-20,1920.060059,1934.319946,1910.829956,1932.969971,1932.969971,1650470000
2004-10-21,1940.109985,1957.479980,1933.000000,1953.619995,1953.619995,2006000000
2004-10-22,1952.359985,1952.540039,1914.390015,1915.140015,1915.140015,1737960000
2004-10-25,1911.079956,1920.709961,1905.910034,1914.040039,1914.040039,1603830000
2004-10-26,1915.150024,1928.800049,1905.489990,1928.790039,1928.790039,1812550000
2004-10-27,1928.000000,1971.280029,1926.250000,1969.989990,1969.989990,2075920000
2004-10-28,1963.359985,1980.359985,1959.569946,1975.739990,1975.739990,1821820000
2004-10-29,1974.550049,1984.180054,1963.829956,1974.989990,1974.989990,1639950000
2004-11-01,1975.479980,1983.910034,1969.319946,1979.869995,1979.869995,1522820000
2004-11-02,1981.469971,2002.930054,1978.640015,1984.790039,1984.790039,1845080000
2004-11-03,2014.449951,2020.030029,1992.699951,2004.329956,2004.329956,1957400000
2004-11-04,1998.150024,2023.719971,1992.069946,2023.630005,2023.630005,1823490000
2004-11-05,2035.040039,2046.920044,2025.630005,2038.939941,2038.939941,1908970000
2004-11-08,2038.219971,2044.530029,2033.790039,2039.250000,2039.250000,1609270000
2004-11-09,2039.030029,2049.770020,2034.410034,2043.329956,2043.329956,1692200000
2004-11-10,2039.579956,2047.250000,2032.369995,2034.560059,2034.560059,1853460000
2004-11-11,2041.339966,2061.399902,2039.739990,2061.270020,2061.270020,1764760000
2004-11-12,2065.320068,2085.340088,2056.409912,2085.340088,2085.340088,2004310000
2004-11-15,2082.590088,2094.129883,2078.840088,2094.090088,2094.090088,1888260000
2004-11-16,2087.070068,2087.300049,2073.350098,2078.620117,2078.620117,1901080000
2004-11-17,2090.939941,2112.179932,2090.719971,2099.679932,2099.679932,2223370000
2004-11-18,2096.189941,2105.389893,2089.479980,2104.280029,2104.280029,1915430000
2004-11-19,2100.449951,2102.600098,2070.629883,2070.629883,2070.629883,2033710000
2004-11-22,2066.340088,2085.189941,2052.800049,2085.189941,2085.189941,1897960000
2004-11-23,2082.469971,2092.020020,2068.979980,2084.280029,2084.280029,2057620000
2004-11-24,2091.790039,2103.800049,2090.199951,2102.540039,2102.540039,1638170000
2004-11-26,2101.810059,2110.379883,2101.810059,2101.969971,2101.969971,667760000
2004-11-29,2110.909912,2117.889893,2090.350098,2106.870117,2106.870117,1844330000
2004-11-30,2104.669922,2107.449951,2096.810059,2096.810059,2096.810059,1878760000
2004-12-01,2104.580078,2138.320068,2104.580078,2138.229980,2138.229980,2281640000
2004-12-02,2133.949951,2156.139893,2131.649902,2143.570068,2143.570068,2401610000
2004-12-03,2153.290039,2164.629883,2145.719971,2147.959961,2147.959961,2410930000
2004-12-06,2145.429932,2157.429932,2138.209961,2151.250000,2151.250000,2150250000
2004-12-07,2154.129883,2161.300049,2114.649902,2114.659912,2114.659912,2671520000
2004-12-08,2118.139893,2130.760010,2110.570068,2126.110107,2126.110107,2390860000
2004-12-09,2109.550049,2134.229980,2097.860107,2129.010010,2129.010010,2284150000
2004-12-10,2121.149902,2134.600098,2120.330078,2128.070068,2128.070068,1794840000
2004-12-13,2141.199951,2148.500000,2132.189941,2148.500000,2148.500000,2070980000
2004-12-14,2145.050049,2163.500000,2145.050049,2159.840088,2159.840088,2228670000
2004-12-15,2159.679932,2171.270020,2151.310059,2162.550049,2162.550049,2337590000
2004-12-16,2159.959961,2164.800049,2138.810059,2146.149902,2146.149902,2396220000
2004-12-17,2142.709961,2150.850098,2135.050049,2135.199951,2135.199951,2423080000
2004-12-20,2142.209961,2154.479980,2124.219971,2127.850098,2127.850098,1991460000
2004-12-21,2134.750000,2151.709961,2133.340088,2150.909912,2150.909912,1972860000
2004-12-22,2145.989990,2163.479980,2145.179932,2157.030029,2157.030029,1802760000
2004-12-23,2153.310059,2168.780029,2153.310059,2160.620117,2160.620117,1430770000
2004-12-27,2168.820068,2171.939941,2147.590088,2154.219971,2154.219971,1478700000
2004-12-28,2156.750000,2177.189941,2156.530029,2177.189941,2177.189941,1587550000
2004-12-29,2170.989990,2182.330078,2170.989990,2177.000000,2177.000000,1503880000
2004-12-30,2177.469971,2182.370117,2176.399902,2178.340088,2178.340088,1403140000
2004-12-31,2178.979980,2185.560059,2174.629883,2175.439941,2175.439941,1366460000
2005-01-03,2184.750000,2191.600098,2148.719971,2152.149902,2152.149902,2193130000
2005-01-04,2158.310059,2159.639893,2100.560059,2107.860107,2107.860107,2690460000
2005-01-05,2102.899902,2116.750000,2091.239990,2091.239990,2091.239990,2375380000
2005-01-06,2098.510010,2103.899902,2088.030029,2090.000000,2090.000000,2174220000
2005-01-07,2099.949951,2103.389893,2076.689941,2088.610107,2088.610107,2191910000
2005-01-10,2087.620117,2111.429932,2086.659912,2097.040039,2097.040039,2098270000
2005-01-11,2089.070068,2090.620117,2072.620117,2079.620117,2079.620117,2210240000
2005-01-12,2089.699951,2093.439941,2066.790039,2092.530029,2092.530029,2257670000
2005-01-13,2093.540039,2094.800049,2067.939941,2070.560059,2070.560059,2111610000
2005-01-14,2079.469971,2088.580078,2075.469971,2087.909912,2087.909912,2084860000
2005-01-18,2081.860107,2106.189941,2078.040039,2106.040039,2106.040039,1983840000
2005-01-19,2105.739990,2105.840088,2072.199951,2073.590088,2073.590088,2217700000
2005-01-20,2056.379883,2065.590088,2045.880005,2045.880005,2045.880005,2231360000
2005-01-21,2053.149902,2058.000000,2032.880005,2034.270020,2034.270020,2043770000
2005-01-24,2040.130005,2043.969971,2008.680054,2008.699951,2008.699951,2134680000
2005-01-25,2022.079956,2037.180054,2017.579956,2019.949951,2019.949951,2003630000
2005-01-26,2034.689941,2049.340088,2028.189941,2046.089966,2046.089966,2105070000
2005-01-27,2042.770020,2053.939941,2036.089966,2047.150024,2047.150024,2106220000
2005-01-28,2052.540039,2055.129883,2024.359985,2035.829956,2035.829956,2098150000
2005-01-31,2053.469971,2063.179932,2053.469971,2062.409912,2062.409912,1823800000
2005-02-01,2063.270020,2071.520020,2058.659912,2068.699951,2068.699951,1904570000
2005-02-02,2074.060059,2079.580078,2064.199951,2075.060059,2075.060059,1965550000
2005-02-03,2065.439941,2066.929932,2049.250000,2057.639893,2057.639893,1962750000
2005-02-04,2056.469971,2086.719971,2056.290039,2086.659912,2086.659912,1941510000
2005-02-07,2086.550049,2091.169922,2075.409912,2082.030029,2082.030029,1698460000
2005-02-08,2082.110107,2095.639893,2080.419922,2086.679932,2086.679932,1943560000
2005-02-09,2088.520020,2089.379883,2051.000000,2052.550049,2052.550049,1958810000
2005-02-10,2058.530029,2059.649902,2040.040039,2053.100098,2053.100098,2085500000
2005-02-11,2048.959961,2081.479980,2039.719971,2076.659912,2076.659912,2163630000
2005-02-14,2076.750000,2085.120117,2074.810059,2082.909912,2082.909912,1639640000
2005-02-15,2083.639893,2103.449951,2081.459961,2089.209961,2089.209961,2071590000
2005-02-16,2082.459961,2093.370117,2079.370117,2087.429932,2087.429932,1865070000
2005-02-17,2088.669922,2093.679932,2061.340088,2061.340088,2061.340088,1950460000
2005-02-18,2065.149902,2068.889893,2056.199951,2058.620117,2058.620117,1614160000
2005-02-22,2046.180054,2064.669922,2030.170044,2030.319946,2030.319946,2056220000
2005-02-23,2039.550049,2040.839966,2024.640015,2031.250000,2031.250000,1878450000
2005-02-24,2028.430054,2051.810059,2023.000000,2051.699951,2051.699951,2031880000
2005-02-25,2050.489990,2065.399902,2047.229980,2065.399902,2065.399902,1771200000
2005-02-28,2058.280029,2066.530029,2038.770020,2051.719971,2051.719971,2130140000
2005-03-01,2057.469971,2073.739990,2057.189941,2071.250000,2071.250000,1941180000
2005-03-02,2060.300049,2084.149902,2057.219971,2067.500000,2067.500000,2004470000
2005-03-03,2073.330078,2074.709961,2047.920044,2058.399902,2058.399902,1895880000
2005-03-04,2071.149902,2078.139893,2064.929932,2070.610107,2070.610107,1829190000
2005-03-07,2073.899902,2100.570068,2073.820068,2090.209961,2090.209961,1949190000
2005-03-08,2087.110107,2095.739990,2072.590088,2073.550049,2073.550049,1696700000
2005-03-09,2070.850098,2079.370117,2060.229980,2061.290039,2061.290039,1895520000
2005-03-10,2065.090088,2067.209961,2042.020020,2059.719971,2059.719971,1825790000
2005-03-11,2063.560059,2069.399902,2036.410034,2041.599976,2041.599976,1792090000
2005-03-14,2043.640015,2051.040039,2037.410034,2051.040039,2051.040039,1707720000
2005-03-15,2057.169922,2059.070068,2034.410034,2034.979980,2034.979980,1838790000
2005-03-16,2028.290039,2037.959961,2011.670044,2015.750000,2015.750000,1969690000
2005-03-17,2016.910034,2023.670044,2010.520020,2016.420044,2016.420044,1745120000
2005-03-18,2018.410034,2020.400024,1999.979980,2007.790039,2007.790039,2106980000
2005-03-21,2008.160034,2011.390015,1993.760010,2007.510010,2007.510010,1611000000
2005-03-22,2007.719971,2017.660034,1988.859985,1989.339966,1989.339966,1805950000
2005-03-23,1985.489990,1999.430054,1985.219971,1990.219971,1990.219971,1741150000
2005-03-24,1997.479980,2008.630005,1991.060059,1991.060059,1991.060059,1697930000
2005-03-28,1998.760010,2005.489990,1992.520020,1992.520020,1992.520020,1487620000
2005-03-29,1990.270020,2002.650024,1968.579956,1973.880005,1973.880005,1797840000
2005-03-30,1980.069946,2005.670044,1980.069946,2005.670044,2005.670044,1753610000
2005-03-31,2005.709961,2006.619995,1994.800049,1999.229980,1999.229980,1686970000
2005-04-01,2009.089966,2014.729980,1982.189941,1984.810059,1984.810059,1869690000
2005-04-04,1983.810059,1995.800049,1972.069946,1991.069946,1991.069946,1589310000
2005-04-05,1994.380005,2002.349976,1991.880005,1999.319946,1999.319946,1647510000
2005-04-06,2004.250000,2017.079956,1996.910034,1999.140015,1999.140015,1746400000
2005-04-07,1999.609985,2018.790039,1998.140015,2018.790039,2018.790039,1714270000
2005-04-08,2018.420044,2021.819946,1999.329956,1999.349976,1999.349976,1516340000
2005-04-11,2004.160034,2006.239990,1991.209961,1992.119995,1992.119995,1382490000
2005-04-12,1988.329956,2007.239990,1970.010010,2005.400024,2005.400024,1931870000
2005-04-13,2000.459961,2001.300049,1972.099976,1974.369995,1974.369995,1705450000
2005-04-14,1974.180054,1975.420044,1946.579956,1946.709961,1946.709961,1930060000
2005-04-15,1932.959961,1940.150024,1906.709961,1908.150024,1908.150024,2314620000
2005-04-18,1906.430054,1921.689941,1904.270020,1912.920044,1912.920044,1840360000
2005-04-19,1922.819946,1933.209961,1918.150024,1932.359985,1932.359985,1792830000
2005-04-20,1944.640015,1945.599976,1912.349976,1913.760010,1913.760010,2004950000
2005-04-21,1931.849976,1962.410034,1928.520020,1962.410034,1962.410034,1951490000
2005-04-22,1953.579956,1953.770020,1921.380005,1932.189941,1932.189941,1802730000
2005-04-25,1942.020020,1954.869995,1938.449951,1950.780029,1950.780029,1442420000
2005-04-26,1943.750000,1958.579956,1927.439941,1927.439941,1927.439941,1670040000
2005-04-27,1919.420044,1937.150024,1913.140015,1930.430054,1930.430054,1764210000
2005-04-28,1922.030029,1927.310059,1904.079956,1904.180054,1904.180054,1861340000
2005-04-29,1917.640015,1921.770020,1889.829956,1921.650024,1921.650024,2039550000
2005-05-02,1923.229980,1933.420044,1916.030029,1928.650024,1928.650024,1547750000
2005-05-03,1924.780029,1944.530029,1924.780029,1933.069946,1933.069946,1868140000
2005-05-04,1937.790039,1963.260010,1935.239990,1962.229980,1962.229980,1877820000
2005-05-05,1960.380005,1969.290039,1951.489990,1961.800049,1961.800049,1719880000
2005-05-06,1972.660034,1973.500000,1960.760010,1967.349976,1967.349976,1511120000
2005-05-09,1967.739990,1979.670044,1960.270020,1979.670044,1979.670044,1441010000
2005-05-10,1968.079956,1971.250000,1957.290039,1962.770020,1962.770020,1595520000
2005-05-11,1966.060059,1972.520020,1943.890015,1971.550049,1971.550049,1716160000
2005-05-12,1970.800049,1982.199951,1956.449951,1963.880005,1963.880005,1783430000
2005-05-13,1978.280029,1990.000000,1964.770020,1976.780029,1976.780029,1878980000
2005-05-16,1976.380005,1994.469971,1973.670044,1994.430054,1994.430054,1390290000
2005-05-17,1986.160034,2004.150024,1980.939941,2004.150024,2004.150024,1520510000
2005-05-18,2008.630005,2034.300049,2007.199951,2030.650024,2030.650024,1957880000
2005-05-19,2032.089966,2042.680054,2030.050049,2042.579956,2042.579956,1700580000
2005-05-20,2040.630005,2046.420044,2033.349976,2046.420044,2046.420044,1492720000
2005-05-23,2045.689941,2062.949951,2045.689941,2056.649902,2056.649902,1620130000
2005-05-24,2052.280029,2062.520020,2049.770020,2061.620117,2061.620117,1695940000
2005-05-25,2055.780029,2055.780029,2041.949951,2050.120117,2050.120117,1493000000
2005-05-26,2057.989990,2072.540039,2057.800049,2071.239990,2071.239990,1596460000
2005-05-27,2068.530029,2076.800049,2064.989990,2075.729980,2075.729980,1237350000
2005-05-31,2073.919922,2076.010010,2065.020020,2068.219971,2068.219971,1578740000
2005-06-01,2067.229980,2095.540039,2067.229980,2087.860107,2087.860107,1779710000
2005-06-02,2081.689941,2097.800049,2081.689941,2097.800049,2097.800049,1746620000
2005-06-03,2094.179932,2095.989990,2069.169922,2071.429932,2071.429932,1637900000
2005-06-06,2072.360107,2078.610107,2066.360107,2075.760010,2075.760010,1477150000
2005-06-07,2079.060059,2095.959961,2067.139893,2067.159912,2067.159912,1846530000
2005-06-08,2073.209961,2074.610107,2057.580078,2060.179932,2060.179932,1602540000
2005-06-09,2059.580078,2077.469971,2052.959961,2076.909912,2076.909912,1666670000
2005-06-10,2076.250000,2076.250000,2055.939941,2063.000000,2063.000000,1449380000
2005-06-13,2059.959961,2078.260010,2058.719971,2068.959961,2068.959961,1432130000
2005-06-14,2068.040039,2074.780029,2064.080078,2069.040039,2069.040039,1405850000
2005-06-15,2076.729980,2079.129883,2053.389893,2074.919922,2074.919922,1672670000
2005-06-16,2076.270020,2089.510010,2073.290039,2089.149902,2089.149902,1793020000
2005-06-17,2098.330078,2098.530029,2085.239990,2090.110107,2090.110107,1993280000
2005-06-20,2081.050049,2096.770020,2076.419922,2088.129883,2088.129883,1408110000
2005-06-21,2087.629883,2095.689941,2083.590088,2091.070068,2091.070068,1557480000
2005-06-22,2097.050049,2102.750000,2083.760010,2092.030029,2092.030029,1668440000
2005-06-23,2093.909912,2106.570068,2070.570068,2070.659912,2070.659912,2009480000
2005-06-24,2070.330078,2071.520020,2050.760010,2053.270020,2053.270020,2151000000
2005-06-27,2050.300049,2054.469971,2039.689941,2045.199951,2045.199951,1448300000
2005-06-28,2051.770020,2072.580078,2050.979980,2069.889893,2069.889893,1584200000
2005-06-29,2074.439941,2076.020020,2066.449951,2068.889893,2068.889893,1640360000
2005-06-30,2072.050049,2076.159912,2056.239990,2056.959961,2056.959961,1731500000
2005-07-01,2060.969971,2064.810059,2053.060059,2057.370117,2057.370117,1176200000
2005-07-05,2052.100098,2079.600098,2052.100098,2078.750000,2078.750000,1440300000
2005-07-06,2076.899902,2084.760010,2068.419922,2068.649902,2068.649902,1592080000
2005-07-07,2050.709961,2076.429932,2050.300049,2075.659912,2075.659912,1617860000
2005-07-08,2077.899902,2113.909912,2076.530029,2112.879883,2112.879883,1685280000
2005-07-11,2115.979980,2135.689941,2115.570068,2135.429932,2135.429932,1770800000
2005-07-12,2132.510010,2149.780029,2128.820068,2143.149902,2143.149902,1657520000
2005-07-13,2142.600098,2146.560059,2136.370117,2144.110107,2144.110107,1540000000
2005-07-14,2156.560059,2164.179932,2148.610107,2152.820068,2152.820068,1872310000
2005-07-15,2152.699951,2160.639893,2145.179932,2156.780029,2156.780029,1534960000
2005-07-18,2151.840088,2153.520020,2144.780029,2144.870117,2144.870117,1307270000
2005-07-19,2156.770020,2173.870117,2154.360107,2173.179932,2173.179932,1632670000
2005-07-20,2158.969971,2191.090088,2158.090088,2188.570068,2188.570068,1957070000
2005-07-21,2191.770020,2193.189941,2171.979980,2178.600098,2178.600098,2034880000
2005-07-22,2176.139893,2182.639893,2165.439941,2179.739990,2179.739990,1660360000
2005-07-25,2179.040039,2186.459961,2165.929932,2166.739990,2166.739990,1523020000
2005-07-26,2170.600098,2181.139893,2167.090088,2175.989990,2175.989990,1651840000
2005-07-27,2178.729980,2187.149902,2167.879883,2186.219971,2186.219971,1750070000
2005-07-28,2188.290039,2198.520020,2183.270020,2198.439941,2198.439941,1683870000
2005-07-29,2195.469971,2201.389893,2184.429932,2184.830078,2184.830078,1613950000
2005-08-01,2191.489990,2201.870117,2189.080078,2195.379883,2195.379883,1492680000
2005-08-02,2197.790039,2219.000000,2197.790039,2218.149902,2218.149902,1735020000
2005-08-03,2211.090088,2219.909912,2209.399902,2216.810059,2216.810059,1752440000
2005-08-04,2208.330078,2209.370117,2190.300049,2191.320068,2191.320068,1591380000
2005-08-05,2189.419922,2195.100098,2175.909912,2177.909912,2177.909912,1471740000
2005-08-08,2182.989990,2185.560059,2163.500000,2164.389893,2164.389893,1431010000
2005-08-09,2170.439941,2181.270020,2167.879883,2174.189941,2174.189941,1460470000
2005-08-10,2178.070068,2185.909912,2152.820068,2157.810059,2157.810059,1817680000
2005-08-11,2158.300049,2174.550049,2156.969971,2174.550049,2174.550049,1582090000
2005-08-12,2158.939941,2161.070068,2144.600098,2156.899902,2156.899902,1551410000
2005-08-15,2153.709961,2173.659912,2147.850098,2167.040039,2167.040039,1380460000
2005-08-16,2160.969971,2161.459961,2136.489990,2137.060059,2137.060059,1540320000
2005-08-17,2139.360107,2153.040039,2137.179932,2145.149902,2145.149902,1518010000
2005-08-18,2139.399902,2146.489990,2133.080078,2136.080078,2136.080078,1391780000
2005-08-19,2138.739990,2143.919922,2134.989990,2135.560059,2135.560059,1205270000
2005-08-22,2140.949951,2151.840088,2129.459961,2141.409912,2141.409912,1351650000
2005-08-23,2142.290039,2145.709961,2131.020020,2137.250000,2137.250000,1341270000
2005-08-24,2133.169922,2156.129883,2127.300049,2128.909912,2128.909912,1718580000
2005-08-25,2131.300049,2138.459961,2129.459961,2134.370117,2134.370117,1307580000
2005-08-26,2132.969971,2133.169922,2118.040039,2120.770020,2120.770020,1261130000
2005-08-29,2112.439941,2139.399902,2112.250000,2137.649902,2137.649902,1268560000
2005-08-30,2130.879883,2132.209961,2118.270020,2129.760010,2129.760010,1436400000
2005-08-31,2130.810059,2152.090088,2124.080078,2152.090088,2152.090088,1631780000
2005-09-01,2150.030029,2157.320068,2142.320068,2147.899902,2147.899902,1623320000
2005-09-02,2150.520020,2152.219971,2139.280029,2141.070068,2141.070068,1130450000
2005-09-06,2147.310059,2167.100098,2147.310059,2166.860107,2166.860107,1403190000
2005-09-07,2164.139893,2172.389893,2158.610107,2172.030029,2172.030029,1480820000
2005-09-08,2165.719971,2173.850098,2161.290039,2166.030029,2166.030029,1578070000
2005-09-09,2168.899902,2177.229980,2164.409912,2175.510010,2175.510010,1617540000
2005-09-12,2176.469971,2186.830078,2175.229980,2182.830078,2182.830078,1723540000
2005-09-13,2177.949951,2185.889893,2167.830078,2171.750000,2171.750000,1724570000
2005-09-14,2173.620117,2174.010010,2149.189941,2149.330078,2149.330078,1698250000
2005-09-15,2153.750000,2155.750000,2142.729980,2146.149902,2146.149902,1744660000
2005-09-16,2153.750000,2160.830078,2146.790039,2160.350098,2160.350098,2269030000
2005-09-19,2157.370117,2159.489990,2139.889893,2145.260010,2145.260010,1604140000
2005-09-20,2149.439941,2162.139893,2127.479980,2131.330078,2131.330078,1845670000
2005-09-21,2129.649902,2129.959961,2106.639893,2106.639893,2106.639893,1772370000
2005-09-22,2104.389893,2114.590088,2093.060059,2110.780029,2110.780029,1692930000
2005-09-23,2105.370117,2121.050049,2099.949951,2116.840088,2116.840088,1604120000
2005-09-26,2127.899902,2132.600098,2112.270020,2121.459961,2121.459961,1502410000
2005-09-27,2123.649902,2125.899902,2109.050049,2116.419922,2116.419922,1658660000
2005-09-28,2122.189941,2127.489990,2109.750000,2115.399902,2115.399902,1703850000
2005-09-29,2114.969971,2141.429932,2107.699951,2141.219971,2141.219971,1801520000
2005-09-30,2140.169922,2151.689941,2138.229980,2151.689941,2151.689941,1610970000
2005-10-03,2152.699951,2162.790039,2152.590088,2155.429932,2155.429932,1794420000
2005-10-04,2156.260010,2167.000000,2139.000000,2139.360107,2139.360107,2005300000
2005-10-05,2139.159912,2139.600098,2103.020020,2103.020020,2103.020020,1923900000
2005-10-06,2104.919922,2110.830078,2069.040039,2084.080078,2084.080078,2107360000
2005-10-07,2091.120117,2097.419922,2082.439941,2090.350098,2090.350098,1444780000
2005-10-10,2091.679932,2093.229980,2078.110107,2078.919922,2078.919922,1379210000
2005-10-11,2084.379883,2085.610107,2058.189941,2061.090088,2061.090088,1851960000
2005-10-12,2055.439941,2064.659912,2032.790039,2037.469971,2037.469971,2014750000
2005-10-13,2033.859985,2051.229980,2025.579956,2047.219971,2047.219971,1777590000
2005-10-14,2054.500000,2064.949951,2042.540039,2064.830078,2064.830078,1555430000
2005-10-17,2065.540039,2071.250000,2054.189941,2070.300049,2070.300049,1266030000
2005-10-18,2069.320068,2072.500000,2055.959961,2056.000000,2056.000000,1460730000
2005-10-19,2048.659912,2091.239990,2042.030029,2091.239990,2091.239990,1893300000
2005-10-20,2088.040039,2096.429932,2058.520020,2068.110107,2068.110107,1797930000
2005-10-21,2083.840088,2091.439941,2074.199951,2082.209961,2082.209961,1770700000
2005-10-24,2089.510010,2115.879883,2083.979980,2115.830078,2115.830078,1551470000
2005-10-25,2109.550049,2116.419922,2094.790039,2109.449951,2109.449951,1599120000
2005-10-26,2104.020020,2121.360107,2098.149902,2100.050049,2100.050049,1832000000
2005-10-27,2095.850098,2098.040039,2063.810059,2063.810059,2063.810059,1718600000
2005-10-28,2073.850098,2089.879883,2064.919922,2089.879883,2089.879883,1886560000
2005-10-31,2094.370117,2125.729980,2094.370117,2120.300049,2120.300049,1869760000
2005-11-01,2109.889893,2121.250000,2108.860107,2114.050049,2114.050049,1903230000
2005-11-02,2110.949951,2144.560059,2110.870117,2144.310059,2144.310059,2173290000
2005-11-03,2157.300049,2169.979980,2153.199951,2160.219971,2160.219971,2346250000
2005-11-04,2165.100098,2172.679932,2156.600098,2169.429932,2169.429932,1699610000
2005-11-07,2174.250000,2182.090088,2165.820068,2178.239990,2178.239990,1621120000
2005-11-08,2172.370117,2180.790039,2166.250000,2172.070068,2172.070068,1599370000
2005-11-09,2171.229980,2182.899902,2166.159912,2175.810059,2175.810059,1594180000
2005-11-10,2175.020020,2196.750000,2162.649902,2196.679932,2196.679932,1938030000
2005-11-11,2198.260010,2205.360107,2198.260010,2202.469971,2202.469971,1454900000
2005-11-14,2203.790039,2206.879883,2197.120117,2200.949951,2200.949951,1385360000
2005-11-15,2199.389893,2204.689941,2181.919922,2186.739990,2186.739990,1684810000
2005-11-16,2189.459961,2191.189941,2176.540039,2187.929932,2187.929932,1721760000
2005-11-17,2195.479980,2220.459961,2194.659912,2220.459961,2220.459961,1809860000
2005-11-18,2232.360107,2234.300049,2218.810059,2227.070068,2227.070068,1993850000
2005-11-21,2226.620117,2242.300049,2219.250000,2241.669922,2241.669922,1661890000
2005-11-22,2235.300049,2257.770020,2232.739990,2253.560059,2253.560059,1856560000
2005-11-23,2251.370117,2269.300049,2250.399902,2259.979980,2259.979980,1585710000
2005-11-25,2262.429932,2264.129883,2256.449951,2263.010010,2263.010010,635420000
2005-11-28,2263.550049,2264.060059,2239.340088,2239.370117,2239.370117,1559380000
2005-11-29,2247.699951,2253.250000,2232.540039,2232.709961,2232.709961,1753540000
2005-11-30,2232.500000,2243.409912,2230.189941,2232.820068,2232.820068,1876080000
2005-12-01,2244.850098,2269.389893,2244.709961,2267.169922,2267.169922,2010420000
2005-12-02,2266.169922,2273.610107,2261.129883,2273.370117,2273.370117,1758510000
2005-12-05,2269.070068,2269.479980,2250.840088,2257.639893,2257.639893,1659920000
2005-12-06,2267.760010,2278.159912,2259.370117,2260.760010,2260.760010,1788200000
2005-12-07,2263.290039,2264.909912,2244.620117,2252.010010,2252.010010,1733530000
2005-12-08,2254.800049,2261.610107,2233.739990,2246.459961,2246.459961,1908360000
2005-12-09,2247.280029,2258.669922,2241.030029,2256.729980,2256.729980,1658570000
2005-12-12,2263.969971,2266.139893,2253.439941,2260.949951,2260.949951,1679280000
2005-12-13,2256.600098,2271.850098,2254.919922,2265.000000,2265.000000,1873980000
2005-12-14,2261.939941,2270.439941,2254.439941,2262.590088,2262.590088,1676210000
2005-12-15,2266.050049,2267.550049,2247.320068,2260.629883,2260.629883,1804630000
2005-12-16,2262.080078,2263.889893,2251.669922,2252.479980,2252.479980,2294480000
2005-12-19,2254.639893,2256.030029,2221.790039,2222.739990,2222.739990,1745530000
2005-12-20,2223.560059,2231.020020,2213.520020,2222.419922,2222.419922,1702920000
2005-12-21,2227.530029,2241.939941,2225.189941,2231.659912,2231.659912,1630030000
2005-12-22,2233.790039,2247.090088,2232.570068,2246.489990,2246.489990,1498880000
2005-12-23,2249.409912,2254.709961,2245.580078,2249.419922,2249.419922,978370000
2005-12-27,2253.050049,2259.679932,2226.620117,2226.889893,2226.889893,1250500000
2005-12-28,2230.360107,2233.540039,2221.409912,2228.939941,2228.939941,1221540000
2005-12-29,2229.600098,2232.889893,2216.979980,2218.159912,2218.159912,1185350000
2005-12-30,2209.030029,2209.969971,2200.510010,2205.320068,2205.320068,1284050000
2006-01-03,2216.530029,2249.679932,2189.909912,2243.739990,2243.739990,1998300000
2006-01-04,2246.959961,2265.280029,2246.070068,2263.459961,2263.459961,1887560000
2006-01-05,2264.929932,2277.560059,2264.500000,2276.870117,2276.870117,1891750000
2006-01-06,2289.209961,2306.719971,2281.010010,2305.620117,2305.620117,2233640000
2006-01-09,2306.179932,2322.629883,2303.129883,2318.689941,2318.689941,1949140000
2006-01-10,2306.219971,2320.320068,2303.929932,2320.320068,2320.320068,1978160000
2006-01-11,2321.409912,2332.919922,2316.489990,2331.360107,2331.360107,2380600000
2006-01-12,2327.169922,2330.310059,2313.219971,2316.689941,2316.689941,2011460000
2006-01-13,2317.739990,2321.699951,2308.159912,2317.040039,2317.040039,1784410000
2006-01-17,2302.560059,2305.870117,2294.050049,2302.689941,2302.689941,1702260000
2006-01-18,2265.500000,2285.939941,2264.080078,2279.639893,2279.639893,2276900000
2006-01-19,2291.689941,2311.709961,2289.820068,2301.810059,2301.810059,2308150000
2006-01-20,2300.360107,2300.729980,2245.199951,2247.699951,2247.699951,2348140000
2006-01-23,2255.310059,2256.239990,2241.020020,2248.469971,2248.469971,1902480000
2006-01-24,2256.129883,2269.439941,2256.030029,2265.250000,2265.250000,2067470000
2006-01-25,2275.300049,2275.300049,2253.060059,2260.649902,2260.649902,2188120000
2006-01-26,2274.850098,2284.070068,2264.850098,2283.000000,2283.000000,2404920000
2006-01-27,2293.370117,2314.360107,2289.469971,2304.229980,2304.229980,2331690000
2006-01-30,2306.239990,2313.979980,2304.750000,2306.780029,2306.780029,1900730000
2006-01-31,2305.820068,2311.830078,2292.949951,2305.820068,2305.820068,2235900000
2006-02-01,2294.110107,2311.570068,2292.229980,2310.560059,2310.560059,2274610000
2006-02-02,2306.570068,2308.050049,2277.300049,2281.570068,2281.570068,2307830000
2006-02-03,2268.429932,2274.620117,2255.989990,2262.580078,2262.580078,2230020000
2006-02-06,2263.120117,2265.810059,2249.750000,2258.800049,2258.800049,1769530000
2006-02-07,2255.939941,2265.540039,2239.510010,2244.959961,2244.959961,2117180000
2006-02-08,2260.219971,2268.719971,2246.979980,2266.979980,2266.979980,2181770000
2006-02-09,2273.770020,2284.520020,2254.260010,2255.870117,2255.870117,2321310000
2006-02-10,2255.770020,2266.439941,2235.409912,2261.879883,2261.879883,2017730000
2006-02-13,2252.040039,2254.310059,2232.679932,2239.810059,2239.810059,1662000000
2006-02-14,2243.540039,2266.820068,2237.469971,2262.169922,2262.169922,1805300000
2006-02-15,2259.040039,2277.129883,2255.100098,2276.429932,2276.429932,1783050000
2006-02-16,2281.879883,2294.629883,2278.060059,2294.629883,2294.629883,1940470000
2006-02-17,2291.729980,2291.760010,2279.629883,2282.360107,2282.360107,1948640000
2006-02-21,2283.520020,2284.820068,2256.750000,2262.959961,2262.959961,1747180000
2006-02-22,2264.689941,2287.989990,2259.169922,2283.169922,2283.169922,1824110000
2006-02-23,2279.590088,2293.739990,2271.820068,2279.320068,2279.320068,1754200000
2006-02-24,2278.270020,2287.860107,2272.780029,2287.040039,2287.040039,1583980000
2006-02-27,2291.479980,2313.530029,2291.239990,2307.179932,2307.179932,1714420000
2006-02-28,2300.959961,2305.620117,2276.739990,2281.389893,2281.389893,2120560000
2006-03-01,2288.149902,2315.949951,2285.639893,2314.639893,2314.639893,2190420000
2006-03-02,2305.530029,2316.929932,2299.760010,2311.110107,2311.110107,2089100000
2006-03-03,2299.100098,2324.919922,2297.090088,2302.600098,2302.600098,2389040000
2006-03-06,2306.659912,2309.510010,2281.370117,2286.030029,2286.030029,2112280000
2006-03-07,2280.080078,2280.080078,2259.639893,2268.379883,2268.379883,1908310000
2006-03-08,2260.870117,2275.129883,2248.649902,2267.459961,2267.459961,2084040000
2006-03-09,2272.260010,2279.280029,2249.560059,2249.719971,2249.719971,1957560000
2006-03-10,2251.810059,2266.989990,2239.540039,2262.040039,2262.040039,1752700000
2006-03-13,2269.439941,2280.199951,2263.679932,2267.030029,2267.030029,1649550000
2006-03-14,2264.250000,2296.919922,2264.239990,2295.899902,2295.899902,1911750000
2006-03-15,2301.169922,2312.489990,2293.060059,2311.840088,2311.840088,2090520000
2006-03-16,2319.110107,2323.790039,2299.550049,2299.560059,2299.560059,2344240000
2006-03-17,2306.169922,2310.840088,2294.500000,2306.479980,2306.479980,2540120000
2006-03-20,2311.929932,2317.129883,2305.590088,2314.110107,2314.110107,1943820000
2006-03-21,2312.899902,2332.949951,2292.550049,2294.229980,2294.229980,2360430000
2006-03-22,2283.389893,2305.439941,2282.379883,2303.350098,2303.350098,2116220000
2006-03-23,2300.169922,2305.169922,2287.899902,2300.149902,2300.149902,1963750000
2006-03-24,2304.739990,2316.149902,2300.370117,2312.820068,2312.820068,1928040000
2006-03-27,2312.469971,2319.929932,2310.020020,2315.580078,2315.580078,1850220000
2006-03-28,2315.610107,2327.830078,2299.560059,2304.459961,2304.459961,1997510000
2006-03-29,2309.939941,2344.669922,2308.409912,2337.780029,2337.780029,2375300000
2006-03-30,2340.229980,2353.139893,2330.840088,2340.820068,2340.820068,2160810000
2006-03-31,2345.530029,2348.889893,2334.540039,2339.790039,2339.790039,1851620000
2006-04-03,2352.239990,2357.530029,2334.600098,2336.739990,2336.739990,1952960000
2006-04-04,2337.949951,2350.699951,2332.669922,2345.360107,2345.360107,2082320000
2006-04-05,2349.820068,2361.909912,2341.659912,2359.750000,2359.750000,2027440000
2006-04-06,2358.919922,2366.560059,2347.639893,2361.169922,2361.169922,2141860000
2006-04-07,2367.320068,2375.449951,2336.709961,2339.020020,2339.020020,2002360000
2006-04-10,2340.389893,2343.590088,2326.469971,2333.270020,2333.270020,1840950000
2006-04-11,2337.879883,2339.790039,2302.189941,2310.350098,2310.350098,2098780000
2006-04-12,2309.389893,2318.050049,2308.330078,2314.679932,2314.679932,1536510000
2006-04-13,2314.320068,2333.030029,2310.120117,2326.110107,2326.110107,1516980000
2006-04-17,2325.560059,2332.669922,2299.419922,2311.159912,2311.159912,1776170000
2006-04-18,2318.270020,2357.459961,2318.270020,2356.139893,2356.139893,2252800000
2006-04-19,2358.870117,2370.929932,2350.040039,2370.879883,2370.879883,2077690000
2006-04-20,2368.739990,2375.540039,2354.070068,2362.550049,2362.550049,2125120000
2006-04-21,2371.649902,2371.649902,2333.500000,2342.860107,2342.860107,2326080000
2006-04-24,2338.780029,2338.780029,2324.280029,2333.379883,2333.379883,2008130000
2006-04-25,2338.540039,2338.540039,2321.639893,2330.300049,2330.300049,2301780000
2006-04-26,2333.570068,2342.879883,2327.729980,2333.629883,2333.629883,2084230000
2006-04-27,2324.629883,2361.889893,2315.120117,2344.949951,2344.949951,2573560000
2006-04-28,2321.610107,2337.280029,2317.469971,2322.570068,2322.570068,2501760000
2006-05-01,2329.790039,2334.689941,2300.250000,2304.790039,2304.790039,2076120000
2006-05-02,2311.729980,2313.929932,2302.800049,2309.840088,2309.840088,2070740000
2006-05-03,2311.199951,2312.600098,2295.030029,2303.969971,2303.969971,2127260000
2006-05-04,2307.379883,2326.820068,2307.379883,2323.899902,2323.899902,2054110000
2006-05-05,2335.959961,2344.370117,2332.679932,2342.570068,2342.570068,1989260000
2006-05-08,2342.409912,2352.560059,2339.459961,2344.989990,2344.989990,1726260000
2006-05-09,2339.709961,2343.620117,2334.169922,2338.250000,2338.250000,1845230000
2006-05-10,2332.820068,2338.250000,2314.449951,2320.739990,2320.739990,2014270000
2006-05-11,2319.080078,2319.600098,2270.510010,2272.699951,2272.699951,2446770000
2006-05-12,2263.969971,2264.189941,2243.320068,2243.780029,2243.780029,2289510000
2006-05-15,2234.010010,2245.179932,2220.500000,2238.520020,2238.520020,2006700000
2006-05-16,2239.000000,2243.739990,2222.800049,2229.129883,2229.129883,1996620000
2006-05-17,2214.899902,2222.379883,2193.870117,2195.800049,2195.800049,2337800000
2006-05-18,2205.370117,2212.949951,2180.280029,2180.320068,2180.320068,2022640000
2006-05-19,2183.340088,2198.659912,2164.540039,2193.879883,2193.879883,2514380000
2006-05-22,2178.149902,2184.570068,2156.669922,2172.860107,2172.860107,2269960000
2006-05-23,2188.379883,2199.560059,2158.760010,2158.760010,2158.760010,2131750000
2006-05-24,2159.830078,2179.840088,2135.810059,2169.169922,2169.169922,2597020000
2006-05-25,2182.429932,2198.580078,2174.239990,2198.239990,2198.239990,2028960000
2006-05-26,2205.899902,2210.489990,2196.699951,2210.370117,2210.370117,1540700000
2006-05-30,2202.570068,2202.570068,2164.739990,2164.739990,2164.739990,1718660000
2006-05-31,2171.459961,2185.330078,2165.790039,2178.879883,2178.879883,2119060000
2006-06-01,2179.820068,2219.860107,2177.800049,2219.860107,2219.860107,2078740000
2006-06-02,2229.840088,2233.879883,2203.729980,2219.409912,2219.409912,1933380000
2006-06-05,2212.350098,2219.409912,2169.399902,2169.620117,2169.620117,1733250000
2006-06-06,2174.280029,2176.469971,2144.199951,2162.780029,2162.780029,2089540000
2006-06-07,2166.580078,2184.439941,2150.689941,2151.800049,2151.800049,1913870000
2006-06-08,2141.590088,2151.800049,2100.429932,2145.320068,2145.320068,2948100000
2006-06-09,2151.919922,2163.209961,2133.469971,2135.060059,2135.060059,1754740000
2006-06-12,2137.469971,2138.679932,2091.320068,2091.320068,2091.320068,1887720000
2006-06-13,2089.879883,2108.360107,2067.739990,2072.469971,2072.469971,2594500000
2006-06-14,2075.550049,2091.939941,2065.110107,2086.000000,2086.000000,2090140000
2006-06-15,2098.370117,2147.909912,2086.000000,2144.149902,2144.149902,2201490000
2006-06-16,2140.510010,2144.149902,2122.780029,2129.949951,2129.949951,2428150000
2006-06-19,2136.600098,2138.770020,2104.379883,2110.419922,2110.419922,1681580000
2006-06-20,2110.919922,2126.719971,2103.770020,2107.060059,2107.060059,1572100000
2006-06-21,2109.219971,2152.560059,2107.060059,2141.199951,2141.199951,1854850000
2006-06-22,2138.969971,2141.199951,2113.590088,2122.979980,2122.979980,1644700000
2006-06-23,2120.300049,2137.429932,2110.810059,2121.469971,2121.469971,1614510000
2006-06-26,2126.459961,2135.709961,2121.469971,2133.669922,2133.669922,1392940000
2006-06-27,2134.580078,2139.429932,2098.760010,2100.250000,2100.250000,1788170000
2006-06-28,2105.939941,2112.620117,2090.780029,2111.840088,2111.840088,1591310000
2006-06-29,2121.500000,2174.379883,2111.840088,2174.379883,2174.379883,2165390000
2006-06-30,2181.469971,2183.479980,2164.669922,2172.090088,2172.090088,2458840000
2006-07-03,2177.909912,2190.439941,2172.090088,2190.429932,2190.429932,788200000
2006-07-05,2174.689941,2190.429932,2147.120117,2153.340088,2153.340088,1586970000
2006-07-06,2156.300049,2168.540039,2148.209961,2155.090088,2155.090088,1585090000
2006-07-07,2146.889893,2155.090088,2126.639893,2130.060059,2130.060059,1759870000
2006-07-10,2135.959961,2142.360107,2109.179932,2116.929932,2116.929932,1561790000
2006-07-11,2110.419922,2129.469971,2095.689941,2128.860107,2128.860107,1971500000
2006-07-12,2121.709961,2128.860107,2090.229980,2090.239990,2090.239990,1776520000
2006-07-13,2076.389893,2090.239990,2054.100098,2054.110107,2054.110107,2022040000
2006-07-14,2053.879883,2056.530029,2027.109985,2037.349976,2037.349976,1779960000
2006-07-17,2034.760010,2050.649902,2028.300049,2037.719971,2037.719971,1504880000
2006-07-18,2043.180054,2052.530029,2012.780029,2043.219971,2043.219971,1996880000
2006-07-19,2037.680054,2086.070068,2037.099976,2080.709961,2080.709961,2304740000
2006-07-20,2083.830078,2084.239990,2038.709961,2039.420044,2039.420044,1951450000
2006-07-21,2035.260010,2035.780029,2014.069946,2020.390015,2020.390015,2346890000
2006-07-24,2030.489990,2061.840088,2030.489990,2061.840088,2061.840088,1975870000
2006-07-25,2060.379883,2080.110107,2055.340088,2073.899902,2073.899902,1913710000
2006-07-26,2066.459961,2083.959961,2053.639893,2070.459961,2070.459961,2073310000
2006-07-27,2082.570068,2093.139893,2052.020020,2054.469971,2054.469971,2120100000
2006-07-28,2065.280029,2094.949951,2065.060059,2094.139893,2094.139893,1803290000
2006-07-31,2087.860107,2098.239990,2082.620117,2091.469971,2091.469971,1582270000
2006-08-01,2080.340088,2080.340088,2052.750000,2061.989990,2061.989990,1663070000
2006-08-02,2069.909912,2089.000000,2069.580078,2078.810059,2078.810059,1755730000
2006-08-03,2064.560059,2099.810059,2060.909912,2092.340088,2092.340088,1818790000
2006-08-04,2107.830078,2119.010010,2068.800049,2085.050049,2085.050049,1832040000
2006-08-07,2079.449951,2079.449951,2064.939941,2072.500000,2072.500000,1428170000
2006-08-08,2079.520020,2083.899902,2054.129883,2060.850098,2060.850098,1889440000
2006-08-09,2085.560059,2097.760010,2056.770020,2060.280029,2060.280029,2074060000
2006-08-10,2052.979980,2076.350098,2048.219971,2071.739990,2071.739990,1730320000
2006-08-11,2066.229980,2066.229980,2049.840088,2057.709961,2057.709961,1423530000
2006-08-14,2073.010010,2092.659912,2067.689941,2069.040039,2069.040039,1480120000
2006-08-15,2092.489990,2115.010010,2089.600098,2115.010010,2115.010010,1755660000
2006-08-16,2127.060059,2149.540039,2120.110107,2149.540039,2149.540039,2474760000
2006-08-17,2144.300049,2168.110107,2141.560059,2157.610107,2157.610107,1919020000
2006-08-18,2157.139893,2165.469971,2138.449951,2163.949951,2163.949951,1683790000
2006-08-21,2151.909912,2153.530029,2140.810059,2147.750000,2147.750000,1314000000
2006-08-22,2145.310059,2162.679932,2140.629883,2150.020020,2150.020020,1555940000
2006-08-23,2152.909912,2160.110107,2126.750000,2134.659912,2134.659912,1457180000
2006-08-24,2142.340088,2144.330078,2122.649902,2137.110107,2137.110107,1404360000
2006-08-25,2132.169922,2152.919922,2129.250000,2140.290039,2140.290039,1282510000
2006-08-28,2140.520020,2164.219971,2139.570068,2160.699951,2160.699951,1333860000
2006-08-29,2161.959961,2173.879883,2145.219971,2172.300049,2172.300049,1580990000
2006-08-30,2175.070068,2188.550049,2167.479980,2185.729980,2185.729980,1620030000
2006-08-31,2189.169922,2193.340088,2181.770020,2183.750000,2183.750000,1700210000
2006-09-01,2194.560059,2198.580078,2182.929932,2193.159912,2193.159912,1325540000
2006-09-05,2192.939941,2207.550049,2184.419922,2205.699951,2205.699951,1732460000
2006-09-06,2189.699951,2190.260010,2167.629883,2167.840088,2167.840088,1797080000
2006-09-07,2160.050049,2174.800049,2149.360107,2155.290039,2155.290039,1847190000
2006-09-08,2160.020020,2168.439941,2154.550049,2165.790039,2165.790039,1457220000
2006-09-11,2152.120117,2180.389893,2147.439941,2173.250000,2173.250000,1694280000
2006-09-12,2174.610107,2217.280029,2174.610107,2215.820068,2215.820068,2007990000
2006-09-13,2214.800049,2229.179932,2211.139893,2227.669922,2227.669922,1860530000
2006-09-14,2221.729980,2230.969971,2218.860107,2228.729980,2228.729980,1826600000
2006-09-15,2243.280029,2247.159912,2227.719971,2235.590088,2235.590088,2455870000
2006-09-18,2232.989990,2247.469971,2228.520020,2235.750000,2235.750000,1914200000
2006-09-19,2239.860107,2239.860107,2202.929932,2222.370117,2222.370117,2079920000
2006-09-20,2242.110107,2257.280029,2242.110107,2252.889893,2252.889893,2164940000
2006-09-21,2257.540039,2261.469971,2232.889893,2237.750000,2237.750000,1993110000
2006-09-22,2233.550049,2233.550049,2210.129883,2218.929932,2218.929932,1646540000
2006-09-25,2227.370117,2253.449951,2212.020020,2249.070068,2249.070068,1833860000
2006-09-26,2247.719971,2261.780029,2243.669922,2261.340088,2261.340088,2011140000
2006-09-27,2256.169922,2271.000000,2254.370117,2263.389893,2263.389893,2039100000
2006-09-28,2266.929932,2273.120117,2252.909912,2270.020020,2270.020020,1805260000
2006-09-29,2273.300049,2273.300049,2257.979980,2258.429932,2258.429932,1812120000
2006-10-02,2257.000000,2262.669922,2235.679932,2237.600098,2237.600098,1769170000
2006-10-03,2233.010010,2251.860107,2224.209961,2243.649902,2243.649902,1946800000
2006-10-04,2239.879883,2290.979980,2239.260010,2290.949951,2290.949951,2190280000
2006-10-05,2289.530029,2306.350098,2287.610107,2306.340088,2306.340088,1911090000
2006-10-06,2296.149902,2306.280029,2289.989990,2299.989990,2299.989990,1672470000
2006-10-09,2297.820068,2317.419922,2295.250000,2311.770020,2311.770020,1485280000
2006-10-10,2314.120117,2319.060059,2302.239990,2315.429932,2315.429932,1760360000
2006-10-11,2304.669922,2322.070068,2292.290039,2308.270020,2308.270020,1995600000
2006-10-12,2318.280029,2346.290039,2318.280029,2346.179932,2346.179932,2003960000
2006-10-13,2344.699951,2360.229980,2341.399902,2357.290039,2357.290039,1940530000
2006-10-16,2359.189941,2368.110107,2358.010010,2363.840088,2363.840088,1823620000
2006-10-17,2354.070068,2354.070068,2329.800049,2344.949951,2344.949951,2125950000
2006-10-18,2355.419922,2362.090088,2330.489990,2337.149902,2337.149902,2130750000
2006-10-19,2332.540039,2345.239990,2324.429932,2340.939941,2340.939941,2000690000
2006-10-20,2340.939941,2349.360107,2329.129883,2342.300049,2342.300049,1922070000
2006-10-23,2338.149902,2364.199951,2330.610107,2355.560059,2355.560059,1823480000
2006-10-24,2352.489990,2356.030029,2335.909912,2344.840088,2344.840088,1856880000
2006-10-25,2346.770020,2359.760010,2338.649902,2356.590088,2356.590088,2100780000
2006-10-26,2361.090088,2379.290039,2347.879883,2379.100098,2379.100098,2339540000
2006-10-27,2375.169922,2377.340088,2347.070068,2350.620117,2350.620117,2268950000
2006-10-30,2347.209961,2371.060059,2341.030029,2363.770020,2363.770020,1724180000
2006-10-31,2368.750000,2374.639893,2355.949951,2366.709961,2366.709961,1922150000
2006-11-01,2373.489990,2375.530029,2330.570068,2334.350098,2334.350098,2027020000
2006-11-02,2324.479980,2339.129883,2320.840088,2334.020020,2334.020020,1887310000
2006-11-03,2339.040039,2343.979980,2316.820068,2330.790039,2330.790039,1830050000
2006-11-06,2341.659912,2371.810059,2341.659912,2365.949951,2365.949951,1892250000
2006-11-07,2366.010010,2391.340088,2363.639893,2375.879883,2375.879883,2088770000
2006-11-08,2363.919922,2393.469971,2358.439941,2384.939941,2384.939941,2076020000
2006-11-09,2399.280029,2401.330078,2370.600098,2376.010010,2376.010010,2380240000
2006-11-10,2378.260010,2389.719971,2373.620117,2389.719971,2389.719971,1680460000
2006-11-13,2389.520020,2408.909912,2387.879883,2406.379883,2406.379883,1720810000
2006-11-14,2408.050049,2430.830078,2394.620117,2430.659912,2430.659912,1926370000
2006-11-15,2430.139893,2452.560059,2429.679932,2442.750000,2442.750000,2103870000
2006-11-16,2447.090088,2453.350098,2438.040039,2449.060059,2449.060059,2038830000
2006-11-17,2439.629883,2445.860107,2431.790039,2445.860107,2445.860107,1732400000
2006-11-20,2441.159912,2457.139893,2437.840088,2452.719971,2452.719971,1697480000
2006-11-21,2454.649902,2456.600098,2445.040039,2454.840088,2454.840088,1660270000
2006-11-22,2463.209961,2467.199951,2450.639893,2465.979980,2465.979980,1573120000
2006-11-24,2449.729980,2468.419922,2449.320068,2460.260010,2460.260010,681510000
2006-11-27,2454.169922,2454.639893,2405.889893,2405.919922,2405.919922,1950300000
2006-11-28,2397.320068,2414.080078,2390.100098,2412.610107,2412.610107,1958630000
2006-11-29,2422.909912,2436.610107,2414.800049,2432.229980,2432.229980,1903430000
2006-11-30,2430.750000,2441.350098,2419.229980,2431.770020,2431.770020,2134200000
2006-12-01,2430.750000,2434.389893,2392.949951,2413.209961,2413.209961,2040520000
2006-12-04,2420.919922,2455.669922,2420.600098,2448.389893,2448.389893,1954530000
2006-12-05,2455.699951,2459.510010,2445.139893,2452.379883,2452.379883,1990600000
2006-12-06,2447.540039,2451.860107,2436.469971,2445.860107,2445.860107,1889000000
2006-12-07,2449.639893,2454.909912,2427.689941,2427.689941,2427.689941,2051030000
2006-12-08,2423.669922,2447.030029,2416.770020,2437.360107,2437.360107,1840600000
2006-12-11,2437.360107,2453.219971,2429.969971,2442.860107,2442.860107,1813340000
2006-12-12,2443.030029,2444.719971,2419.320068,2431.600098,2431.600098,1927540000
2006-12-13,2444.120117,2444.120117,2423.870117,2432.409912,2432.409912,1782430000
2006-12-14,2435.750000,2461.310059,2435.750000,2453.850098,2453.850098,1889510000
2006-12-15,2467.360107,2470.020020,2455.239990,2457.199951,2457.199951,2324650000
2006-12-18,2462.429932,2470.949951,2428.659912,2435.570068,2435.570068,1936350000
2006-12-19,2420.080078,2437.330078,2408.850098,2429.550049,2429.550049,1960720000
2006-12-20,2432.000000,2443.340088,2426.409912,2427.610107,2427.610107,1749530000
2006-12-21,2430.139893,2433.129883,2408.989990,2415.850098,2415.850098,1732880000
2006-12-22,2415.979980,2416.489990,2400.719971,2401.179932,2401.179932,1306530000
2006-12-26,2398.219971,2414.209961,2397.679932,2413.510010,2413.510010,1016200000
2006-12-27,2418.780029,2432.729980,2418.780029,2431.219971,2431.219971,1216260000
2006-12-28,2425.320068,2432.479980,2420.909912,2425.570068,2425.570068,1237530000
2006-12-29,2423.030029,2437.379883,2413.429932,2415.290039,2415.290039,1413920000
2007-01-03,2429.719971,2454.620117,2394.659912,2423.159912,2423.159912,2435280000
2007-01-04,2423.820068,2460.510010,2413.750000,2453.429932,2453.429932,2104210000
2007-01-05,2445.070068,2445.070068,2420.590088,2434.250000,2434.250000,2060360000
2007-01-08,2435.250000,2445.629883,2421.129883,2438.199951,2438.199951,1905620000
2007-01-09,2443.260010,2449.870117,2423.560059,2443.830078,2443.830078,2144160000
2007-01-10,2434.040039,2461.340088,2427.899902,2459.330078,2459.330078,2274210000
2007-01-11,2464.889893,2489.459961,2463.389893,2484.850098,2484.850098,2436270000
2007-01-12,2481.719971,2502.820068,2481.540039,2502.820068,2502.820068,2175810000
2007-01-16,2504.560059,2508.929932,2493.919922,2497.780029,2497.780029,2139550000
2007-01-17,2487.889893,2496.929932,2475.830078,2479.419922,2479.419922,2273880000
2007-01-18,2475.330078,2475.800049,2438.110107,2443.209961,2443.209961,2456180000
2007-01-19,2437.629883,2453.790039,2435.679932,2451.310059,2451.310059,2037890000
2007-01-22,2454.500000,2454.659912,2422.919922,2431.070068,2431.070068,1900860000
2007-01-23,2428.260010,2447.030029,2425.979980,2431.409912,2431.409912,2001100000
2007-01-24,2443.010010,2466.280029,2440.820068,2466.280029,2466.280029,2202040000
2007-01-25,2469.270020,2470.510010,2430.560059,2434.239990,2434.239990,2202280000
2007-01-26,2441.100098,2443.439941,2418.610107,2435.489990,2435.489990,2067080000
2007-01-29,2434.639893,2451.830078,2431.310059,2441.090088,2441.090088,1915400000
2007-01-30,2446.659912,2451.000000,2437.419922,2448.639893,2448.639893,1769600000
2007-01-31,2443.330078,2471.199951,2433.760010,2463.929932,2463.929932,2186710000
2007-02-01,2474.080078,2481.379883,2458.709961,2468.379883,2468.379883,2170040000
2007-02-02,2474.189941,2478.409912,2466.560059,2475.879883,2475.879883,1876770000
2007-02-05,2475.030029,2481.570068,2466.179932,2470.600098,2470.600098,1875310000
2007-02-06,2475.780029,2478.239990,2454.600098,2471.489990,2471.489990,2113710000
2007-02-07,2483.729980,2495.270020,2475.570068,2490.500000,2490.500000,2198410000
2007-02-08,2484.500000,2492.409912,2477.709961,2488.669922,2488.669922,1995880000
2007-02-09,2491.649902,2496.520020,2453.439941,2459.820068,2459.820068,2186590000
2007-02-12,2460.629883,2460.629883,2444.679932,2450.379883,2450.379883,1840250000
2007-02-13,2455.250000,2464.560059,2452.169922,2459.879883,2459.879883,1821390000
2007-02-14,2468.040039,2494.510010,2468.040039,2488.379883,2488.379883,2173580000
2007-02-15,2489.840088,2498.370117,2485.510010,2497.100098,2497.100098,1949670000
2007-02-16,2491.479980,2497.919922,2482.659912,2496.310059,2496.310059,1887430000
2007-02-20,2491.750000,2514.219971,2479.919922,2513.040039,2513.040039,2165590000
2007-02-21,2503.540039,2518.419922,2500.959961,2518.419922,2518.419922,2012450000
2007-02-22,2523.360107,2531.419922,2509.060059,2524.939941,2524.939941,1850960000
2007-02-23,2522.530029,2522.840088,2506.949951,2515.100098,2515.100098,2012220000
2007-02-26,2525.040039,2525.979980,2492.540039,2504.520020,2504.520020,1912480000
2007-02-27,2468.739990,2470.919922,2402.360107,2407.860107,2407.860107,3037380000
2007-02-28,2411.889893,2431.860107,2395.350098,2416.149902,2416.149902,2620450000
2007-03-01,2377.179932,2419.149902,2359.439941,2404.209961,2404.209961,2710750000
2007-03-02,2389.860107,2401.260010,2368.000000,2368.000000,2368.000000,2352790000
2007-03-05,2368.000000,2377.840088,2340.399902,2340.679932,2340.679932,2291680000
2007-03-06,2363.149902,2390.139893,2361.270020,2385.139893,2385.139893,2121430000
2007-03-07,2382.649902,2388.780029,2371.919922,2374.639893,2374.639893,1959330000
2007-03-08,2396.550049,2402.199951,2382.000000,2387.729980,2387.729980,1989910000
2007-03-09,2403.129883,2404.800049,2375.570068,2387.550049,2387.550049,1875050000
2007-03-12,2385.139893,2404.020020,2384.389893,2402.290039,2402.290039,1637980000
2007-03-13,2388.860107,2395.979980,2350.570068,2350.570068,2350.570068,2235000000
2007-03-14,2350.939941,2371.739990,2331.570068,2371.739990,2371.739990,2255630000
2007-03-15,2371.020020,2382.620117,2367.739990,2378.699951,2378.699951,1690430000
2007-03-16,2376.820068,2385.320068,2364.360107,2372.659912,2372.659912,2031650000
2007-03-19,2384.659912,2399.800049,2381.550049,2394.409912,2394.409912,1650970000
2007-03-20,2394.820068,2412.639893,2393.189941,2408.209961,2408.209961,1761940000
2007-03-21,2415.540039,2455.919922,2405.389893,2455.919922,2455.919922,2158740000
2007-03-22,2457.060059,2457.370117,2442.510010,2451.739990,2451.739990,1887290000
2007-03-23,2451.830078,2459.959961,2447.810059,2448.929932,2448.929932,1634470000
2007-03-26,2451.600098,2455.629883,2428.000000,2455.629883,2455.629883,1817870000
2007-03-27,2448.919922,2450.030029,2435.189941,2437.429932,2437.429932,1708060000
2007-03-28,2427.189941,2434.320068,2413.090088,2417.100098,2417.100098,1868310000
2007-03-29,2432.500000,2433.040039,2396.830078,2417.879883,2417.879883,1926070000
2007-03-30,2419.909912,2432.199951,2403.010010,2421.639893,2421.639893,1998550000
2007-04-02,2425.360107,2427.939941,2409.040039,2422.260010,2422.260010,1784170000
2007-04-03,2432.300049,2456.169922,2432.300049,2450.330078,2450.330078,1932030000
2007-04-04,2451.939941,2461.489990,2448.689941,2458.689941,2458.689941,1933300000
2007-04-05,2457.649902,2471.340088,2455.600098,2471.340088,2471.340088,1537800000
2007-04-09,2478.020020,2478.679932,2464.570068,2469.179932,2469.179932,1714880000
2007-04-10,2468.129883,2479.459961,2468.030029,2477.610107,2477.610107,1834530000
2007-04-11,2477.760010,2478.510010,2452.050049,2459.310059,2459.310059,1957970000
2007-04-12,2455.719971,2480.409912,2448.709961,2480.320068,2480.320068,1905500000
2007-04-13,2479.689941,2491.939941,2468.229980,2491.939941,2491.939941,1834320000
2007-04-16,2500.550049,2519.030029,2500.550049,2518.330078,2518.330078,1779410000
2007-04-17,2519.120117,2522.070068,2510.600098,2516.949951,2516.949951,1900920000
2007-04-18,2507.340088,2518.209961,2499.649902,2510.500000,2510.500000,2046760000
2007-04-19,2497.219971,2515.949951,2490.340088,2505.350098,2505.350098,2112920000
2007-04-20,2525.229980,2532.239990,2515.239990,2526.389893,2526.389893,2084270000
2007-04-23,2525.770020,2531.399902,2518.469971,2523.669922,2523.669922,1928530000
2007-04-24,2528.389893,2529.479980,2509.260010,2524.540039,2524.540039,2220610000
2007-04-25,2533.540039,2551.389893,2523.840088,2547.889893,2547.889893,2644120000
2007-04-26,2551.489990,2560.639893,2544.120117,2554.459961,2554.459961,2406090000
2007-04-27,2554.479980,2562.989990,2550.100098,2557.209961,2557.209961,2078160000
2007-04-30,2558.050049,2558.750000,2525.090088,2525.090088,2525.090088,2080710000
2007-05-01,2529.949951,2532.370117,2510.570068,2531.530029,2531.530029,2351750000
2007-05-02,2531.959961,2562.780029,2531.959961,2557.840088,2557.840088,2073150000
2007-05-03,2560.850098,2569.800049,2555.840088,2565.459961,2565.459961,2137140000
2007-05-04,2574.500000,2577.959961,2561.729980,2572.149902,2572.149902,2214130000
2007-05-07,2572.639893,2580.060059,2569.219971,2570.949951,2570.949951,1652300000
2007-05-08,2563.179932,2571.750000,2551.149902,2571.750000,2571.750000,1897750000
2007-05-09,2557.629883,2579.979980,2555.709961,2576.340088,2576.340088,2104220000
2007-05-10,2564.800049,2570.729980,2533.120117,2533.739990,2533.739990,2237610000
2007-05-11,2541.659912,2562.449951,2539.669922,2562.219971,2562.219971,1725550000
2007-05-14,2564.050049,2568.929932,2537.919922,2546.439941,2546.439941,1941450000
2007-05-15,2544.669922,2557.780029,2523.830078,2525.290039,2525.290039,2187760000
2007-05-16,2532.709961,2547.419922,2519.350098,2547.419922,2547.419922,2061050000
2007-05-17,2544.320068,2547.709961,2535.469971,2539.379883,2539.379883,1924890000
2007-05-18,2548.070068,2559.030029,2540.669922,2558.449951,2558.449951,1996930000
2007-05-21,2560.929932,2587.870117,2560.850098,2578.790039,2578.790039,1974220000
2007-05-22,2580.040039,2593.030029,2573.949951,2588.020020,2588.020020,1943950000
2007-05-23,2592.620117,2600.939941,2576.229980,2577.050049,2577.050049,2011060000
2007-05-24,2577.209961,2585.729980,2531.280029,2537.919922,2537.919922,2350850000
2007-05-25,2547.409912,2560.030029,2544.459961,2557.189941,2557.189941,1559700000
2007-05-29,2561.040039,2576.360107,2558.399902,2572.060059,2572.060059,1651000000
2007-05-30,2556.169922,2592.590088,2551.679932,2592.590088,2592.590088,1969150000
2007-05-31,2599.469971,2607.899902,2594.290039,2604.520020,2604.520020,2286850000
2007-06-01,2614.010010,2626.399902,2608.689941,2613.919922,2613.919922,1880030000
2007-06-04,2606.050049,2619.750000,2604.850098,2618.290039,2618.290039,1947220000
2007-06-05,2611.159912,2613.310059,2595.010010,2611.229980,2611.229980,2182810000
2007-06-06,2599.560059,2599.560059,2578.810059,2587.179932,2587.179932,2163430000
2007-06-07,2577.370117,2585.729980,2541.379883,2541.379883,2541.379883,2716240000
2007-06-08,2541.139893,2573.739990,2534.969971,2573.540039,2573.540039,1908130000
2007-06-11,2569.639893,2584.820068,2566.840088,2572.149902,2572.149902,1614980000
2007-06-12,2560.409912,2576.889893,2547.989990,2549.770020,2549.770020,2047210000
2007-06-13,2558.469971,2582.310059,2556.719971,2582.310059,2582.310059,2086610000
2007-06-14,2584.139893,2604.760010,2583.929932,2599.409912,2599.409912,1936220000
2007-06-15,2625.330078,2630.510010,2620.719971,2626.709961,2626.709961,2420750000
2007-06-18,2631.340088,2631.449951,2617.659912,2626.600098,2626.600098,1717120000
2007-06-19,2620.310059,2631.300049,2612.419922,2626.760010,2626.760010,1871880000
2007-06-20,2632.199951,2634.600098,2599.629883,2599.959961,2599.959961,2793260000
2007-06-21,2597.649902,2618.540039,2586.050049,2616.959961,2616.959961,2562640000
2007-06-22,2610.360107,2612.750000,2583.239990,2588.959961,2588.959961,3240350000
2007-06-25,2590.590088,2605.870117,2568.500000,2577.080078,2577.080078,2039010000
2007-06-26,2589.219971,2590.889893,2566.340088,2574.159912,2574.159912,2100330000
2007-06-27,2563.830078,2605.919922,2560.449951,2605.350098,2605.350098,2020260000
2007-06-28,2606.139893,2624.600098,2604.600098,2608.370117,2608.370117,1923410000
2007-06-29,2619.939941,2626.560059,2590.090088,2603.229980,2603.229980,2168420000
2007-07-02,2617.389893,2632.300049,2614.840088,2632.300049,2632.300049,1853840000
2007-07-03,2636.709961,2644.949951,2635.000000,2644.949951,2644.949951,1089120000
2007-07-05,2646.300049,2658.010010,2637.780029,2656.649902,2656.649902,1694530000
2007-07-06,2656.300049,2667.969971,2649.050049,2666.510010,2666.510010,1597110000
2007-07-09,2668.989990,2672.590088,2660.649902,2670.020020,2670.020020,1895200000
2007-07-10,2657.870117,2662.550049,2637.659912,2639.159912,2639.159912,2229340000
2007-07-11,2637.120117,2652.340088,2631.889893,2651.790039,2651.790039,2014260000
2007-07-12,2662.760010,2701.729980,2662.520020,2701.729980,2701.729980,2166350000
2007-07-13,2696.959961,2707.639893,2694.090088,2707.000000,2707.000000,1729190000
2007-07-16,2703.399902,2712.129883,2693.709961,2697.330078,2697.330078,1751060000
2007-07-17,2702.100098,2719.939941,2701.560059,2712.290039,2712.290039,2158690000
2007-07-18,2695.280029,2699.870117,2674.260010,2699.489990,2699.489990,2257380000
2007-07-19,2716.659912,2724.739990,2710.840088,2720.040039,2720.040039,2177500000
2007-07-20,2709.989990,2710.320068,2674.639893,2687.600098,2687.600098,2335920000
2007-07-23,2698.489990,2705.030029,2688.409912,2690.580078,2690.580078,2034080000
2007-07-24,2673.699951,2682.399902,2634.030029,2639.860107,2639.860107,2463270000
2007-07-25,2660.189941,2665.810059,2628.149902,2648.169922,2648.169922,2482250000
2007-07-26,2620.750000,2632.459961,2563.810059,2599.340088,2599.340088,3392140000
2007-07-27,2599.870117,2608.989990,2562.060059,2562.239990,2562.239990,2705290000
2007-07-30,2568.139893,2592.000000,2552.310059,2583.280029,2583.280029,2291710000
2007-07-31,2606.320068,2607.449951,2545.899902,2546.270020,2546.270020,2789130000
2007-08-01,2538.500000,2557.110107,2515.810059,2553.870117,2553.870117,2912270000
2007-08-02,2557.590088,2579.280029,2553.139893,2575.979980,2575.979980,2456970000
2007-08-03,2572.919922,2575.580078,2511.120117,2511.250000,2511.250000,2504430000
2007-08-06,2524.870117,2547.330078,2491.959961,2547.330078,2547.330078,2815560000
2007-08-07,2532.780029,2577.810059,2523.439941,2561.600098,2561.600098,2704030000
2007-08-08,2582.600098,2627.750000,2582.600098,2612.979980,2612.979980,3542890000
2007-08-09,2573.030029,2615.929932,2556.489990,2556.489990,2556.489990,3593450000
2007-08-10,2529.540039,2569.250000,2503.159912,2544.889893,2544.889893,3202570000
2007-08-13,2566.600098,2572.510010,2541.350098,2542.239990,2542.239990,2154750000
2007-08-14,2549.260010,2552.489990,2499.120117,2499.120117,2499.120117,1982860000
2007-08-15,2492.760010,2520.389893,2457.889893,2458.830078,2458.830078,2259870000
2007-08-16,2440.909912,2460.500000,2386.689941,2451.070068,2451.070068,3279620000
2007-08-17,2510.379883,2524.959961,2466.360107,2505.030029,2505.030029,2580340000
2007-08-20,2511.070068,2516.310059,2487.439941,2508.590088,2508.590088,1656440000
2007-08-21,2502.310059,2529.659912,2500.659912,2521.300049,2521.300049,1677080000
2007-08-22,2542.989990,2554.899902,2533.739990,2552.800049,2552.800049,1787060000
2007-08-23,2562.409912,2565.350098,2530.570068,2541.699951,2541.699951,1622880000
2007-08-24,2539.649902,2576.689941,2534.639893,2576.689941,2576.689941,1624860000
2007-08-27,2570.409912,2573.830078,2557.479980,2561.250000,2561.250000,1314030000
2007-08-28,2546.389893,2548.060059,2500.550049,2500.639893,2500.639893,1562800000
2007-08-29,2518.820068,2563.159912,2512.600098,2563.159912,2563.159912,1649720000
2007-08-30,2545.080078,2587.860107,2542.479980,2565.300049,2565.300049,1704910000
2007-08-31,2596.189941,2603.110107,2579.790039,2596.360107,2596.360107,1536640000
2007-09-04,2596.379883,2644.449951,2596.379883,2630.239990,2630.239990,1863090000
2007-09-05,2618.280029,2621.540039,2596.699951,2605.949951,2605.949951,1921820000
2007-09-06,2615.739990,2620.889893,2595.520020,2614.320068,2614.320068,1795220000
2007-09-07,2581.479980,2584.280029,2556.590088,2565.699951,2565.699951,1906520000
2007-09-10,2581.780029,2588.879883,2536.929932,2559.110107,2559.110107,1771430000
2007-09-11,2573.280029,2598.939941,2572.860107,2597.469971,2597.469971,1743730000
2007-09-12,2592.830078,2612.179932,2590.379883,2592.070068,2592.070068,1888570000
2007-09-13,2607.129883,2612.699951,2589.409912,2601.060059,2601.060059,1666510000
2007-09-14,2582.149902,2603.629883,2577.729980,2602.179932,2602.179932,1586580000
2007-09-17,2594.040039,2596.090088,2575.360107,2581.659912,2581.659912,1407780000
2007-09-18,2592.959961,2651.659912,2583.139893,2651.659912,2651.659912,2083620000
2007-09-19,2665.889893,2683.020020,2654.899902,2666.479980,2666.479980,2183810000
2007-09-20,2659.580078,2669.429932,2648.070068,2654.290039,2654.290039,1751460000
2007-09-21,2670.750000,2678.689941,2666.320068,2671.219971,2671.219971,2268300000
2007-09-24,2676.419922,2692.159912,2660.520020,2667.949951,2667.949951,1848950000
2007-09-25,2658.530029,2683.919922,2656.330078,2683.449951,2683.449951,1910890000
2007-09-26,2696.530029,2709.229980,2689.590088,2699.030029,2699.030029,1984010000
2007-09-27,2711.820068,2712.790039,2702.020020,2709.590088,2709.590088,1745070000
2007-09-28,2709.649902,2716.750000,2692.020020,2701.500000,2701.500000,1929890000
2007-10-01,2704.250000,2743.530029,2704.250000,2740.989990,2740.989990,1914080000
2007-10-02,2740.649902,2747.110107,2732.689941,2747.110107,2747.110107,1740460000
2007-10-03,2734.320068,2746.139893,2721.229980,2729.429932,2729.429932,1851090000
2007-10-04,2735.389893,2735.520020,2718.050049,2733.570068,2733.570068,1695520000
2007-10-05,2754.679932,2784.929932,2749.850098,2780.320068,2780.320068,2012860000
2007-10-08,2777.719971,2787.370117,2771.600098,2787.370117,2787.370117,1496610000
2007-10-09,2793.949951,2806.409912,2784.520020,2803.909912,2803.909912,1865120000
2007-10-10,2805.439941,2813.669922,2795.979980,2811.610107,2811.610107,1916630000
2007-10-11,2824.550049,2834.000000,2757.760010,2772.199951,2772.199951,2508690000
2007-10-12,2779.790039,2806.179932,2778.290039,2805.679932,2805.679932,1957790000
2007-10-15,2809.169922,2811.659912,2764.679932,2780.050049,2780.050049,1967120000
2007-10-16,2770.030029,2781.800049,2759.429932,2763.909912,2763.909912,2038520000
2007-10-17,2801.659912,2803.959961,2755.260010,2792.669922,2792.669922,2400080000
2007-10-18,2778.310059,2803.260010,2770.110107,2799.310059,2799.310059,1973010000
2007-10-19,2799.320068,2799.320068,2725.159912,2725.159912,2725.159912,2371650000
2007-10-22,2705.860107,2755.469971,2698.139893,2753.929932,2753.929932,1958710000
2007-10-23,2775.520020,2799.260010,2758.530029,2799.260010,2799.260010,2335770000
2007-10-24,2775.330078,2781.959961,2720.300049,2774.760010,2774.760010,2739680000
2007-10-25,2777.590088,2787.290039,2733.080078,2750.860107,2750.860107,2753360000
2007-10-26,2806.520020,2810.310059,2776.530029,2804.189941,2804.189941,2583680000
2007-10-29,2815.159912,2825.370117,2805.250000,2817.439941,2817.439941,2014730000
2007-10-30,2807.320068,2828.820068,2803.669922,2816.709961,2816.709961,2121930000
2007-10-31,2827.800049,2861.510010,2815.669922,2859.120117,2859.120117,2534530000
2007-11-01,2835.000000,2835.629883,2793.169922,2794.830078,2794.830078,2528410000
2007-11-02,2812.790039,2817.030029,2773.820068,2810.379883,2810.379883,2426050000
2007-11-05,2782.800049,2807.510010,2771.909912,2795.179932,2795.179932,2092590000
2007-11-06,2809.810059,2825.469971,2780.219971,2825.179932,2825.179932,2482160000
2007-11-07,2798.449951,2810.189941,2748.310059,2748.760010,2748.760010,2491180000
2007-11-08,2748.399902,2753.050049,2648.030029,2696.000000,2696.000000,3461810000
2007-11-09,2648.959961,2668.790039,2624.429932,2627.939941,2627.939941,2955790000
2007-11-12,2619.409912,2643.000000,2583.000000,2584.129883,2584.129883,2820740000
2007-11-13,2613.370117,2673.649902,2613.370117,2673.649902,2673.649902,2662780000
2007-11-14,2698.030029,2698.350098,2636.320068,2644.320068,2644.320068,2420260000
2007-11-15,2636.270020,2652.649902,2601.389893,2618.510010,2618.510010,2289480000
2007-11-16,2631.810059,2640.030029,2596.590088,2637.239990,2637.239990,2515680000
2007-11-19,2622.439941,2628.149902,2583.260010,2593.379883,2593.379883,2188010000
2007-11-20,2603.530029,2633.820068,2554.320068,2596.810059,2596.810059,2607370000
2007-11-21,2570.530029,2597.169922,2542.699951,2562.149902,2562.149902,2034730000
2007-11-23,2578.989990,2601.550049,2567.580078,2596.600098,2596.600098,804330000
2007-11-26,2599.820068,2613.689941,2539.810059,2540.989990,2540.989990,2019400000
2007-11-27,2557.979980,2585.929932,2546.370117,2580.800049,2580.800049,2166930000
2007-11-28,2607.330078,2667.929932,2606.860107,2662.909912,2662.909912,2518580000
2007-11-29,2653.360107,2675.209961,2648.489990,2668.129883,2668.129883,2157170000
2007-11-30,2693.610107,2696.239990,2642.250000,2660.959961,2660.959961,2571340000
2007-12-03,2654.909912,2667.820068,2636.959961,2637.129883,2637.129883,1994710000
2007-12-04,2620.340088,2636.010010,2613.830078,2619.830078,2619.830078,2044740000
2007-12-05,2648.959961,2671.719971,2647.409912,2666.360107,2666.360107,2258840000
2007-12-06,2665.870117,2709.100098,2664.709961,2709.030029,2709.030029,1970680000
2007-12-07,2710.330078,2711.959961,2695.959961,2706.159912,2706.159912,1855070000
2007-12-10,2710.729980,2727.840088,2706.590088,2718.949951,2718.949951,1776540000
2007-12-11,2723.090088,2734.820068,2650.219971,2652.350098,2652.350098,2195200000
2007-12-12,2703.260010,2712.590088,2638.820068,2671.139893,2671.139893,2311900000
2007-12-13,2651.449951,2670.330078,2641.570068,2668.489990,2668.489990,2143760000
2007-12-14,2647.679932,2671.879883,2634.750000,2635.739990,2635.739990,1902390000
2007-12-17,2623.229980,2626.370117,2574.459961,2574.459961,2574.459961,1873110000
2007-12-18,2597.590088,2604.379883,2553.989990,2596.030029,2596.030029,1982590000
2007-12-19,2593.330078,2609.729980,2583.320068,2601.010010,2601.010010,1835920000
2007-12-20,2628.120117,2640.879883,2605.209961,2640.860107,2640.860107,1960470000
2007-12-21,2676.850098,2691.989990,2671.590088,2691.989990,2691.989990,2508800000
2007-12-24,2694.350098,2715.770020,2694.350098,2713.500000,2713.500000,778620000
2007-12-26,2702.820068,2727.550049,2698.479980,2724.409912,2724.409912,1241830000
2007-12-27,2715.020020,2717.120117,2675.889893,2676.790039,2676.790039,2324820000
2007-12-28,2693.360107,2697.770020,2661.790039,2674.459961,2674.459961,1338850000
2007-12-31,2663.780029,2668.610107,2646.090088,2652.280029,2652.280029,1454550000
2008-01-02,2653.909912,2661.500000,2597.810059,2609.629883,2609.629883,2076690000
2008-01-03,2611.959961,2624.270020,2592.179932,2602.679932,2602.679932,1970200000
2008-01-04,2571.080078,2571.080078,2502.679932,2504.649902,2504.649902,2516310000
2008-01-07,2514.149902,2521.620117,2471.229980,2499.459961,2499.459961,2600100000
2008-01-08,2506.969971,2527.419922,2440.510010,2440.510010,2440.510010,2566480000
2008-01-09,2443.850098,2474.550049,2407.389893,2474.550049,2474.550049,2821160000
2008-01-10,2452.120117,2503.550049,2446.800049,2488.520020,2488.520020,2640400000
2008-01-11,2471.860107,2473.949951,2428.850098,2439.939941,2439.939941,2355490000
2008-01-14,2470.870117,2483.129883,2455.340088,2478.300049,2478.300049,2134230000
2008-01-15,2449.040039,2455.290039,2412.469971,2417.590088,2417.590088,2390120000
2008-01-16,2390.560059,2429.580078,2361.219971,2394.590088,2394.590088,3397330000
2008-01-17,2405.739990,2416.510010,2343.649902,2346.899902,2346.899902,2785930000
2008-01-18,2365.560059,2384.209961,2323.290039,2340.020020,2340.020020,2991360000
2008-01-22,2221.199951,2318.600098,2221.199951,2292.270020,2292.270020,3161430000
2008-01-23,2226.770020,2320.129883,2202.540039,2316.409912,2316.409912,3650250000
2008-01-24,2328.860107,2361.889893,2326.370117,2360.919922,2360.919922,2928900000
2008-01-25,2402.800049,2408.219971,2322.560059,2326.199951,2326.199951,2599410000
2008-01-28,2324.850098,2349.909912,2306.639893,2349.909912,2349.909912,2033860000
2008-01-29,2360.429932,2362.110107,2332.000000,2358.060059,2358.060059,2160040000
2008-01-30,2346.360107,2396.000000,2343.879883,2349.000000,2349.000000,2618850000
2008-01-31,2317.110107,2403.459961,2313.520020,2389.860107,2389.860107,2813420000
2008-02-01,2392.580078,2419.229980,2374.500000,2413.360107,2413.360107,3060180000
2008-02-04,2413.419922,2413.419922,2382.090088,2382.850098,2382.850098,2050940000
2008-02-05,2344.810059,2359.429932,2309.570068,2309.570068,2309.570068,2501820000
2008-02-06,2327.179932,2338.270020,2277.270020,2278.750000,2278.750000,2362020000
2008-02-07,2259.620117,2318.520020,2252.649902,2293.030029,2293.030029,2946360000
2008-02-08,2290.500000,2318.669922,2280.270020,2304.850098,2304.850098,2229330000
2008-02-11,2310.750000,2326.229980,2294.419922,2320.060059,2320.060059,2072270000
2008-02-12,2333.310059,2349.550049,2305.830078,2320.040039,2320.040039,2183530000
2008-02-13,2347.219971,2373.929932,2338.909912,2373.929932,2373.929932,2174670000
2008-02-14,2376.219971,2376.219971,2328.590088,2332.540039,2332.540039,2267580000
2008-02-15,2320.580078,2329.169922,2305.810059,2321.800049,2321.800049,1999540000
2008-02-19,2348.979980,2352.790039,2300.100098,2306.199951,2306.199951,1988690000
2008-02-20,2292.820068,2331.699951,2291.239990,2327.100098,2327.100098,2258180000
2008-02-21,2344.080078,2353.790039,2294.770020,2299.780029,2299.780029,2277540000
2008-02-22,2306.610107,2308.760010,2265.360107,2303.350098,2303.350098,2324450000
2008-02-25,2303.409912,2333.709961,2294.379883,2327.479980,2327.479980,2152880000
2008-02-26,2314.419922,2361.100098,2311.320068,2344.989990,2344.989990,2263650000
2008-02-27,2329.159912,2363.520020,2326.340088,2353.780029,2353.780029,2216540000
2008-02-28,2342.560059,2352.879883,2324.469971,2331.570068,2331.570068,2032040000
2008-02-29,2309.060059,2311.229980,2264.969971,2271.479980,2271.479980,2405360000
2008-03-03,2271.260010,2275.750000,2240.300049,2258.600098,2258.600098,2145070000
2008-03-04,2244.209961,2266.370117,2221.090088,2260.280029,2260.280029,2669980000
2008-03-05,2266.489990,2290.010010,2254.199951,2272.810059,2272.810059,2209090000
2008-03-06,2265.669922,2272.199951,2219.330078,2220.500000,2220.500000,2165090000
2008-03-07,2204.479980,2242.500000,2186.929932,2212.489990,2212.489990,2386980000
2008-03-10,2211.139893,2216.889893,2168.669922,2169.340088,2169.340088,2101010000
2008-03-11,2209.649902,2255.760010,2192.500000,2255.760010,2255.760010,2526040000
2008-03-12,2259.969971,2282.610107,2241.379883,2243.870117,2243.870117,2077140000
2008-03-13,2219.280029,2272.550049,2199.379883,2263.610107,2263.610107,2419220000
2008-03-14,2271.209961,2277.110107,2191.750000,2212.489990,2212.489990,2547310000
2008-03-17,2166.939941,2200.530029,2155.419922,2177.010010,2177.010010,2338210000
2008-03-18,2215.610107,2268.260010,2206.810059,2268.260010,2268.260010,2411630000
2008-03-19,2272.120117,2280.899902,2209.959961,2209.959961,2209.959961,2265420000
2008-03-20,2220.500000,2258.110107,2208.120117,2258.110107,2258.110107,2764480000
2008-03-24,2268.199951,2336.699951,2268.199951,2326.750000,2326.750000,2312600000
2008-03-25,2329.159912,2346.780029,2312.060059,2341.050049,2341.050049,2099060000
2008-03-26,2328.620117,2331.179932,2306.489990,2324.360107,2324.360107,1915210000
2008-03-27,2315.040039,2315.909912,2280.469971,2280.830078,2280.830078,2038770000
2008-03-28,2291.320068,2304.709961,2256.870117,2261.179932,2261.179932,1785770000
2008-03-31,2265.149902,2289.699951,2260.590088,2279.100098,2279.100098,1788360000
2008-04-01,2306.510010,2362.750000,2305.399902,2362.750000,2362.750000,2160120000
2008-04-02,2363.419922,2381.209961,2347.780029,2361.399902,2361.399902,1996680000
2008-04-03,2347.909912,2373.989990,2339.379883,2363.300049,2363.300049,1993480000
2008-04-04,2366.909912,2391.929932,2351.760010,2370.979980,2370.979980,1977560000
2008-04-07,2386.620117,2390.040039,2359.540039,2364.830078,2364.830078,1730020000
2008-04-08,2353.580078,2359.399902,2337.840088,2348.760010,2348.760010,1635290000
2008-04-09,2351.939941,2353.540039,2311.449951,2322.120117,2322.120117,1922050000
2008-04-10,2326.780029,2363.909912,2324.389893,2351.699951,2351.699951,2159000000
2008-04-11,2327.699951,2328.449951,2286.189941,2290.239990,2290.239990,1902540000
2008-04-14,2287.020020,2296.729980,2274.909912,2275.820068,2275.820068,1626710000
2008-04-15,2287.429932,2291.120117,2266.290039,2286.040039,2286.040039,1884750000
2008-04-16,2313.419922,2352.209961,2313.419922,2350.110107,2350.110107,2128770000
2008-04-17,2347.320068,2348.310059,2327.659912,2341.830078,2341.830078,1779300000
2008-04-18,2394.520020,2412.780029,2383.239990,2402.969971,2402.969971,2190920000
2008-04-21,2393.070068,2410.969971,2389.820068,2408.040039,2408.040039,1601280000
2008-04-22,2397.120117,2397.169922,2361.669922,2376.939941,2376.939941,1941680000
2008-04-23,2391.639893,2412.530029,2382.770020,2405.209961,2405.209961,2181580000
2008-04-24,2408.250000,2447.280029,2383.760010,2428.919922,2428.919922,2337160000
2008-04-25,2424.679932,2427.090088,2391.149902,2422.929932,2422.929932,1956260000
2008-04-28,2422.629883,2437.000000,2416.899902,2424.399902,2424.399902,1724680000
2008-04-29,2420.000000,2435.379883,2412.100098,2426.100098,2426.100098,1769030000
2008-04-30,2434.199951,2451.189941,2406.370117,2412.800049,2412.800049,2127390000
2008-05-01,2416.489990,2480.709961,2416.489990,2480.709961,2480.709961,2344770000
2008-05-02,2499.139893,2499.139893,2461.459961,2476.989990,2476.989990,2279510000
2008-05-05,2475.310059,2486.050049,2458.120117,2464.120117,2464.120117,2085110000
2008-05-06,2455.110107,2488.830078,2445.370117,2483.310059,2483.310059,2097260000
2008-05-07,2483.030029,2496.649902,2435.760010,2438.489990,2438.489990,2238810000
2008-05-08,2450.010010,2462.510010,2436.610107,2451.239990,2451.239990,2031770000
2008-05-09,2432.550049,2455.330078,2429.030029,2445.520020,2445.520020,1711510000
2008-05-12,2454.649902,2490.219971,2446.360107,2488.489990,2488.489990,1769330000
2008-05-13,2491.020020,2498.070068,2472.580078,2495.120117,2495.120117,1895250000
2008-05-14,2503.280029,2528.399902,2493.580078,2496.699951,2496.699951,2129270000
2008-05-15,2496.439941,2535.189941,2492.949951,2533.729980,2533.729980,2176320000
2008-05-16,2537.409912,2537.409912,2504.179932,2528.850098,2528.850098,2286090000
2008-05-19,2530.820068,2551.469971,2505.600098,2516.090088,2516.090088,2269590000
2008-05-20,2505.860107,2506.189941,2479.370117,2492.260010,2492.260010,1991010000
2008-05-21,2497.389893,2508.899902,2444.989990,2448.270020,2448.270020,2166450000
2008-05-22,2454.739990,2474.530029,2448.840088,2464.580078,2464.580078,1932080000
2008-05-23,2454.139893,2456.000000,2430.360107,2444.669922,2444.669922,1734070000
2008-05-27,2450.520020,2482.080078,2448.580078,2481.239990,2481.239990,1742710000
2008-05-28,2491.500000,2493.379883,2465.590088,2486.699951,2486.699951,1792750000
2008-05-29,2486.090088,2522.139893,2485.919922,2508.320068,2508.320068,1956100000
2008-05-30,2519.139893,2530.159912,2510.649902,2522.659912,2522.659912,2153350000
2008-06-02,2514.820068,2516.370117,2471.409912,2491.530029,2491.530029,1972760000
2008-06-03,2500.500000,2513.889893,2460.560059,2480.479980,2480.479980,2148040000
2008-06-04,2473.030029,2518.709961,2471.520020,2503.139893,2503.139893,2153510000
2008-06-05,2509.489990,2549.939941,2504.570068,2549.939941,2549.939941,2254760000
2008-06-06,2528.520020,2529.969971,2474.560059,2474.560059,2474.560059,2192240000
2008-06-09,2483.219971,2485.000000,2429.300049,2459.459961,2459.459961,2084630000
2008-06-10,2436.750000,2466.280029,2432.469971,2448.939941,2448.939941,2081430000
2008-06-11,2444.939941,2446.280029,2394.010010,2394.010010,2394.010010,2065810000
2008-06-12,2414.459961,2432.879883,2388.489990,2404.350098,2404.350098,2276640000
2008-06-13,2423.050049,2454.500000,2417.010010,2454.500000,2454.500000,2106050000
2008-06-16,2443.129883,2479.949951,2441.239990,2474.780029,2474.780029,1871720000
2008-06-17,2481.199951,2483.189941,2456.780029,2457.729980,2457.729980,1798050000
2008-06-18,2444.959961,2449.179932,2422.959961,2429.709961,2429.709961,2030700000
2008-06-19,2427.169922,2469.149902,2412.370117,2462.060059,2462.060059,2294540000
2008-06-20,2441.959961,2441.959961,2394.260010,2406.090088,2406.090088,2570320000
2008-06-23,2416.550049,2419.689941,2384.560059,2385.739990,2385.739990,1916230000
2008-06-24,2375.800049,2394.860107,2352.100098,2368.280029,2368.280029,2195920000
2008-06-25,2376.820068,2421.250000,2376.290039,2401.260010,2401.260010,2153970000
2008-06-26,2365.860107,2366.159912,2321.370117,2321.370117,2321.370117,2300840000
2008-06-27,2319.620117,2329.939941,2290.590088,2315.629883,2315.629883,3403540000
2008-06-30,2312.419922,2325.489990,2292.979980,2292.979980,2292.979980,2096400000
2008-07-01,2274.239990,2306.909912,2255.790039,2304.969971,2304.969971,2653890000
2008-07-02,2311.570068,2317.199951,2251.300049,2251.459961,2251.459961,2376300000
2008-07-03,2261.739990,2262.959961,2227.800049,2245.379883,2245.379883,1423670000
2008-07-07,2263.689941,2276.540039,2214.159912,2243.320068,2243.320068,2363990000
2008-07-08,2244.899902,2294.439941,2233.989990,2294.439941,2294.439941,2462380000
2008-07-09,2290.629883,2296.030029,2234.590088,2234.889893,2234.889893,2285560000
2008-07-10,2239.949951,2267.669922,2223.040039,2257.850098,2257.850098,2300880000
2008-07-11,2233.379883,2265.860107,2203.250000,2239.080078,2239.080078,2340180000
2008-07-14,2262.860107,2266.439941,2207.000000,2212.870117,2212.870117,1997990000
2008-07-15,2197.179932,2249.120117,2167.290039,2215.709961,2215.709961,2798410000
2008-07-16,2219.270020,2284.850098,2205.709961,2284.850098,2284.850098,2425020000
2008-07-17,2296.570068,2320.770020,2274.270020,2312.300049,2312.300049,2570670000
2008-07-18,2286.919922,2293.179932,2269.550049,2282.780029,2282.780029,2225800000
2008-07-21,2290.750000,2300.320068,2270.280029,2279.530029,2279.530029,1859410000
2008-07-22,2256.320068,2303.959961,2252.840088,2303.959961,2303.959961,2510310000
2008-07-23,2305.110107,2350.090088,2300.199951,2325.879883,2325.879883,2730180000
2008-07-24,2329.209961,2329.209961,2278.909912,2280.110107,2280.110107,2499920000
2008-07-25,2294.689941,2312.600098,2282.629883,2310.530029,2310.530029,2045130000
2008-07-28,2307.189941,2317.750000,2258.620117,2264.219971,2264.219971,1931230000
2008-07-29,2274.610107,2320.179932,2274.370117,2319.620117,2319.620117,2274090000
2008-07-30,2329.010010,2342.879883,2299.979980,2329.719971,2329.719971,2280940000
2008-07-31,2311.330078,2353.389893,2309.639893,2325.550049,2325.550049,2316510000
2008-08-01,2326.830078,2328.949951,2286.409912,2310.959961,2310.959961,2312140000
2008-08-04,2309.750000,2309.750000,2280.929932,2285.560059,2285.560059,2010200000
2008-08-05,2308.139893,2349.830078,2303.629883,2349.830078,2349.830078,2324730000
2008-08-06,2349.169922,2385.770020,2333.530029,2378.370117,2378.370117,2228710000
2008-08-07,2362.790039,2386.439941,2351.320068,2355.729980,2355.729980,2189120000
2008-08-08,2356.840088,2416.399902,2352.040039,2414.100098,2414.100098,2189630000
2008-08-11,2407.550049,2461.649902,2402.530029,2439.949951,2439.949951,2272240000
2008-08-12,2434.260010,2447.159912,2421.090088,2430.610107,2430.610107,2052610000
2008-08-13,2424.320068,2443.439941,2404.030029,2428.620117,2428.620117,1995490000
2008-08-14,2414.409912,2461.149902,2414.409912,2453.669922,2453.669922,1835830000
2008-08-15,2463.100098,2473.199951,2441.050049,2452.520020,2452.520020,1742180000
2008-08-18,2456.959961,2456.959961,2404.409912,2416.979980,2416.979980,1632610000
2008-08-19,2404.949951,2410.959961,2376.669922,2384.360107,2384.360107,1716280000
2008-08-20,2396.580078,2408.679932,2372.340088,2389.080078,2389.080078,1746470000
2008-08-21,2371.540039,2387.719971,2360.389893,2380.379883,2380.379883,1562430000
2008-08-22,2390.340088,2417.629883,2390.340088,2414.709961,2414.709961,1365910000
2008-08-25,2399.729980,2399.729980,2362.199951,2365.590088,2365.590088,2366920000
2008-08-26,2364.310059,2377.040039,2345.790039,2361.969971,2361.969971,1256980000
2008-08-27,2362.860107,2395.020020,2358.929932,2382.459961,2382.459961,1540700000
2008-08-28,2390.110107,2412.840088,2388.550049,2411.639893,2411.639893,1582680000
2008-08-29,2388.669922,2393.489990,2360.909912,2367.520020,2367.520020,1559030000
2008-09-02,2402.110107,2413.110107,2338.370117,2349.239990,2349.239990,2010580000
2008-09-03,2346.810059,2357.429932,2320.909912,2333.729980,2333.729980,2062140000
2008-09-04,2315.179932,2317.320068,2259.040039,2259.040039,2259.040039,2332320000
2008-09-05,2241.620117,2264.350098,2216.989990,2255.879883,2255.879883,2261030000
2008-09-08,2296.179932,2303.889893,2236.969971,2269.760010,2269.760010,2566300000
2008-09-09,2269.929932,2285.540039,2209.810059,2209.810059,2209.810059,2590590000
2008-09-10,2232.209961,2247.629883,2209.590088,2228.699951,2228.699951,2250360000
2008-09-11,2199.030029,2259.250000,2191.530029,2258.219971,2258.219971,2269670000
2008-09-12,2239.250000,2268.830078,2228.000000,2261.270020,2261.270020,1973590000
2008-09-15,2202.280029,2244.879883,2179.909912,2179.909912,2179.909912,2697820000
2008-09-16,2149.649902,2214.290039,2145.169922,2207.899902,2207.899902,3187630000
2008-09-17,2177.580078,2183.250000,2098.850098,2098.850098,2098.850098,3102010000
2008-09-18,2137.419922,2201.709961,2070.219971,2199.100098,2199.100098,3867290000
2008-09-19,2303.899902,2318.429932,2239.729980,2273.899902,2273.899902,3898230000
2008-09-22,2265.770020,2266.449951,2178.979980,2178.979980,2178.979980,1881160000
2008-09-23,2190.709961,2209.620117,2151.770020,2153.330078,2153.330078,1974180000
2008-09-24,2167.550049,2179.929932,2147.360107,2155.679932,2155.679932,1818170000
2008-09-25,2172.260010,2210.739990,2167.060059,2186.570068,2186.570068,1846330000
2008-09-26,2144.060059,2187.530029,2136.850098,2183.340088,2183.340088,1949200000
2008-09-29,2147.159912,2152.689941,1983.729980,1983.729980,1983.729980,2808100000
2008-09-30,2033.689941,2094.310059,2015.930054,2091.879883,2091.879883,2376240000
2008-10-01,2075.100098,2083.199951,2046.060059,2069.399902,2069.399902,1899330000
2008-10-02,2052.510010,2056.429932,1975.000000,1976.719971,1976.719971,2173750000
2008-10-03,2005.920044,2046.810059,1947.189941,1947.390015,1947.390015,2501480000
2008-10-06,1898.630005,1905.010010,1777.020020,1862.959961,1862.959961,3502250000
2008-10-07,1867.969971,1886.349976,1754.880005,1754.880005,1754.880005,2825810000
2008-10-08,1710.959961,1806.890015,1706.859985,1740.329956,1740.329956,3516070000
2008-10-09,1766.250000,1787.410034,1634.880005,1645.119995,1645.119995,2622310000
2008-10-10,1590.770020,1690.770020,1542.449951,1649.510010,1649.510010,4164090000
2008-10-13,1734.599976,1844.250000,1715.739990,1844.250000,1844.250000,2665690000
2008-10-14,1894.869995,1896.949951,1752.890015,1779.010010,1779.010010,2912850000
2008-10-15,1754.619995,1761.229980,1628.329956,1628.329956,1628.329956,2540180000
2008-10-16,1644.550049,1717.719971,1565.719971,1717.709961,1717.709961,3331040000
2008-10-17,1678.780029,1782.579956,1670.280029,1711.290039,1711.290039,2711030000
2008-10-20,1735.130005,1770.050049,1698.010010,1770.030029,1770.030029,2021750000
2008-10-21,1741.839966,1768.540039,1695.119995,1696.680054,1696.680054,2099810000
2008-10-22,1671.229980,1678.709961,1587.219971,1615.750000,1615.750000,2560810000
2008-10-23,1621.109985,1645.500000,1533.550049,1603.910034,1603.910034,3104700000
2008-10-24,1493.790039,1584.270020,1493.790039,1552.030029,1552.030029,2691940000
2008-10-27,1528.119995,1574.540039,1503.810059,1505.900024,1505.900024,2224430000
2008-10-28,1552.239990,1649.469971,1504.130005,1649.469971,1649.469971,2777540000
2008-10-29,1643.979980,1705.510010,1622.010010,1657.209961,1657.209961,2748720000
2008-10-30,1698.430054,1712.560059,1658.449951,1698.520020,1698.520020,2504420000
2008-10-31,1684.709961,1742.540039,1673.319946,1720.949951,1720.949951,2437120000
2008-11-03,1718.890015,1738.530029,1713.390015,1726.329956,1726.329956,1770880000
2008-11-04,1761.089966,1785.839966,1739.810059,1780.119995,1780.119995,2306350000
2008-11-05,1757.010010,1764.430054,1679.189941,1681.640015,1681.640015,2092410000
2008-11-06,1659.569946,1676.920044,1603.869995,1608.699951,1608.699951,2367880000
2008-11-07,1629.689941,1654.250000,1615.510010,1647.400024,1647.400024,1886230000
2008-11-10,1680.670044,1680.670044,1603.329956,1616.739990,1616.739990,1674900000
2008-11-11,1598.589966,1612.420044,1563.949951,1580.900024,1580.900024,1909080000
2008-11-12,1555.170044,1562.780029,1499.209961,1499.209961,1499.209961,2120870000
2008-11-13,1503.060059,1596.699951,1428.540039,1596.699951,1596.699951,3009550000
2008-11-14,1560.589966,1587.760010,1513.089966,1516.849976,1516.849976,2243750000
2008-11-17,1494.739990,1526.959961,1481.699951,1482.050049,1482.050049,1831540000
2008-11-18,1488.930054,1498.420044,1429.920044,1483.270020,1483.270020,2349230000
2008-11-19,1479.130005,1493.050049,1386.420044,1386.420044,1386.420044,2372880000
2008-11-20,1373.770020,1414.430054,1314.900024,1316.119995,1316.119995,3147650000
2008-11-21,1346.770020,1384.349976,1295.479980,1384.349976,1384.349976,3071280000
2008-11-24,1409.719971,1480.410034,1397.189941,1472.020020,1472.020020,2553620000
2008-11-25,1472.020020,1486.219971,1430.400024,1464.729980,1464.729980,2457510000
2008-11-26,1441.209961,1532.099976,1441.209961,1532.099976,1532.099976,1980020000
2008-11-28,1517.949951,1535.569946,1512.410034,1535.569946,1535.569946,787580000
2008-12-01,1496.089966,1496.239990,1398.069946,1398.069946,1398.069946,1904470000
2008-12-02,1423.849976,1450.829956,1399.880005,1449.800049,1449.800049,2056730000
2008-12-03,1416.030029,1493.060059,1414.040039,1492.380005,1492.380005,2240150000
2008-12-04,1465.770020,1500.949951,1426.410034,1445.560059,1445.560059,2020110000
2008-12-05,1426.930054,1510.390015,1404.800049,1509.310059,1509.310059,2177720000
2008-12-08,1541.439941,1583.810059,1536.709961,1571.739990,1571.739990,2290810000
2008-12-09,1546.540039,1602.920044,1538.250000,1547.339966,1547.339966,2246470000
2008-12-10,1563.660034,1584.160034,1542.079956,1565.479980,1565.479980,1955600000
2008-12-11,1548.469971,1568.609985,1501.699951,1507.880005,1507.880005,2018190000
2008-12-12,1482.550049,1543.040039,1478.030029,1540.719971,1540.719971,1869900000
2008-12-15,1544.160034,1544.160034,1491.359985,1508.339966,1508.339966,1677890000
2008-12-16,1526.060059,1589.890015,1526.000000,1589.890015,1589.890015,2180960000
2008-12-17,1568.880005,1598.329956,1560.050049,1579.310059,1579.310059,2111370000
2008-12-18,1583.170044,1591.699951,1535.380005,1552.369995,1552.369995,2092320000
2008-12-19,1572.750000,1593.349976,1557.050049,1564.319946,1564.319946,2651440000
2008-12-22,1562.170044,1563.790039,1503.660034,1532.349976,1532.349976,1629320000
2008-12-23,1539.369995,1548.439941,1512.540039,1521.540039,1521.540039,1331050000
2008-12-24,1525.150024,1527.229980,1516.150024,1524.900024,1524.900024,490990000
2008-12-26,1531.199951,1532.130005,1518.969971,1530.239990,1530.239990,592760000
2008-12-29,1529.540039,1530.920044,1493.449951,1510.319946,1510.319946,1186240000
2008-12-30,1521.180054,1550.699951,1517.260010,1550.699951,1550.699951,1374180000
2008-12-31,1550.869995,1586.810059,1548.880005,1577.030029,1577.030029,1521220000
2009-01-02,1578.869995,1636.030029,1571.979980,1632.209961,1632.209961,1438410000
2009-01-05,1621.479980,1640.459961,1604.630005,1628.030029,1628.030029,1816580000
2009-01-06,1642.369995,1665.630005,1636.250000,1652.380005,1652.380005,2137640000
2009-01-07,1621.630005,1625.369995,1588.199951,1599.060059,1599.060059,2020170000
2009-01-08,1590.250000,1617.010010,1584.280029,1617.010010,1617.010010,1968160000
2009-01-09,1617.050049,1617.260010,1569.869995,1571.589966,1571.589966,1907390000
2009-01-12,1573.449951,1573.459961,1528.000000,1538.790039,1538.790039,1763590000
2009-01-13,1537.420044,1557.949951,1527.469971,1546.459961,1546.459961,1965570000
2009-01-14,1521.709961,1528.650024,1485.260010,1489.640015,1489.640015,1919980000
2009-01-15,1489.459961,1521.579956,1456.719971,1511.839966,1511.839966,2507870000
2009-01-16,1532.469971,1538.819946,1490.349976,1529.329956,1529.329956,2235070000
2009-01-20,1520.760010,1521.849976,1440.859985,1440.859985,1440.859985,1989610000
2009-01-21,1466.400024,1507.520020,1444.900024,1507.069946,1507.069946,2120080000
2009-01-22,1470.849976,1492.469971,1444.079956,1465.489990,1465.489990,2286190000
2009-01-23,1440.780029,1495.270020,1434.079956,1477.290039,1477.290039,2210840000
2009-01-26,1479.979980,1514.380005,1470.810059,1489.459961,1489.459961,1815400000
2009-01-27,1494.119995,1513.209961,1488.810059,1504.900024,1504.900024,1784110000
2009-01-28,1530.479980,1568.329956,1530.030029,1558.339966,1558.339966,2122250000
2009-01-29,1537.469971,1537.839966,1505.699951,1507.839966,1507.839966,1932100000
2009-01-30,1519.459961,1523.449951,1472.510010,1476.420044,1476.420044,2054590000
2009-02-02,1460.849976,1502.719971,1460.510010,1494.430054,1494.430054,1987080000
2009-02-03,1499.589966,1521.209961,1479.420044,1516.300049,1516.300049,2049840000
2009-02-04,1517.189941,1549.640015,1508.869995,1515.050049,1515.050049,2197050000
2009-02-05,1498.589966,1554.369995,1495.520020,1546.239990,1546.239990,2511750000
2009-02-06,1547.000000,1594.260010,1545.849976,1591.709961,1591.709961,2389530000
2009-02-09,1590.739990,1598.229980,1576.099976,1591.560059,1591.560059,1906940000
2009-02-10,1578.020020,1598.500000,1520.560059,1524.729980,1524.729980,2443370000
2009-02-11,1531.579956,1542.839966,1509.349976,1530.500000,1530.500000,2236450000
2009-02-12,1510.170044,1542.510010,1495.339966,1541.709961,1541.709961,2428250000
2009-02-13,1539.719971,1552.569946,1530.050049,1534.359985,1534.359985,1990190000
2009-02-17,1489.119995,1492.819946,1467.790039,1470.660034,1470.660034,2335370000
2009-02-18,1480.650024,1487.920044,1454.459961,1467.969971,1467.969971,2029710000
2009-02-19,1478.550049,1485.140015,1442.530029,1442.819946,1442.819946,1991000000
2009-02-20,1427.030029,1454.390015,1416.959961,1441.229980,1441.229980,2526040000
2009-02-23,1452.579956,1452.579956,1386.680054,1387.719971,1387.719971,1977740000
2009-02-24,1399.369995,1445.069946,1395.109985,1441.829956,1441.829956,2339660000
2009-02-25,1428.760010,1453.660034,1404.540039,1425.430054,1425.430054,2345380000
2009-02-26,1436.849976,1444.829956,1391.469971,1391.469971,1391.469971,2301990000
2009-02-27,1376.560059,1401.969971,1372.420044,1377.839966,1377.839966,2393280000
2009-03-02,1356.130005,1372.000000,1322.130005,1322.849976,1322.849976,2033110000
2009-03-03,1341.420044,1346.880005,1312.979980,1321.010010,1321.010010,2338880000
2009-03-04,1340.380005,1370.290039,1333.880005,1353.739990,1353.739990,2305180000
2009-03-05,1332.380005,1342.859985,1298.329956,1299.589966,1299.589966,2325840000
2009-03-06,1310.589966,1320.510010,1268.540039,1293.849976,1293.849976,2443820000
2009-03-09,1284.839966,1316.150024,1265.520020,1268.640015,1268.640015,2037130000
2009-03-10,1288.949951,1358.280029,1288.949951,1358.280029,1358.280029,2359730000
2009-03-11,1364.800049,1385.290039,1352.599976,1371.640015,1371.640015,2169050000
2009-03-12,1367.780029,1427.550049,1355.050049,1426.099976,1426.099976,2392770000
2009-03-13,1427.030029,1433.979980,1408.260010,1431.500000,1431.500000,2022170000
2009-03-16,1445.270020,1445.270020,1402.479980,1404.020020,1404.020020,2099460000
2009-03-17,1409.670044,1462.109985,1405.319946,1462.109985,1462.109985,2073230000
2009-03-18,1454.439941,1507.400024,1448.670044,1491.219971,1491.219971,2764950000
2009-03-19,1509.060059,1509.060059,1475.489990,1483.479980,1483.479980,2323510000
2009-03-20,1488.150024,1501.780029,1448.780029,1457.270020,1457.270020,2394470000
2009-03-23,1491.260010,1555.770020,1482.150024,1555.770020,1555.770020,2172590000
2009-03-24,1535.680054,1546.209961,1515.630005,1516.520020,1516.520020,2009530000
2009-03-25,1527.589966,1554.250000,1487.939941,1528.949951,1528.949951,2431180000
2009-03-26,1549.400024,1587.000000,1545.209961,1587.000000,1587.000000,2535050000
2009-03-27,1564.119995,1569.209961,1543.430054,1545.199951,1545.199951,2071670000
2009-03-30,1516.790039,1517.060059,1484.979980,1501.800049,1501.800049,2020200000
2009-03-31,1518.699951,1554.469971,1518.010010,1528.589966,1528.589966,2157410000
2009-04-01,1504.869995,1553.030029,1498.540039,1551.599976,1551.599976,2256580000
2009-04-02,1579.969971,1623.339966,1576.819946,1602.630005,1602.630005,2833600000
2009-04-03,1609.050049,1621.869995,1593.050049,1621.869995,1621.869995,2113380000
2009-04-06,1602.239990,1607.599976,1580.650024,1606.709961,1606.709961,1998090000
2009-04-07,1585.579956,1588.000000,1559.459961,1561.609985,1561.609985,1854700000
2009-04-08,1576.930054,1595.969971,1567.219971,1590.660034,1590.660034,1837900000
2009-04-09,1618.829956,1652.540039,1616.250000,1652.540039,1652.540039,2165450000
2009-04-13,1641.609985,1660.829956,1630.540039,1653.310059,1653.310059,1824530000
2009-04-14,1637.500000,1651.280029,1618.040039,1625.719971,1625.719971,2253650000
2009-04-15,1613.560059,1627.719971,1599.109985,1626.800049,1626.800049,2042600000
2009-04-16,1645.520020,1676.170044,1628.079956,1670.439941,1670.439941,2390620000
2009-04-17,1665.599976,1682.239990,1653.839966,1673.069946,1673.069946,2418440000
2009-04-20,1641.349976,1643.319946,1606.859985,1608.209961,1608.209961,3061850000
2009-04-21,1599.030029,1643.849976,1598.930054,1643.849976,1643.849976,2422990000
2009-04-22,1630.140015,1679.819946,1624.729980,1646.119995,1646.119995,2657480000
2009-04-23,1651.469971,1654.849976,1625.880005,1652.209961,1652.209961,2463500000
2009-04-24,1666.430054,1702.869995,1657.489990,1694.290039,1694.290039,2547150000
2009-04-27,1672.869995,1700.530029,1670.489990,1679.410034,1679.410034,2203700000
2009-04-28,1668.260010,1690.060059,1661.400024,1673.810059,1673.810059,2080410000
2009-04-29,1688.660034,1726.689941,1687.290039,1711.939941,1711.939941,2385720000
2009-04-30,1732.469971,1753.609985,1710.069946,1717.300049,1717.300049,2871300000
2009-05-01,1719.290039,1728.099976,1703.520020,1719.199951,1719.199951,2165930000
2009-05-04,1733.709961,1763.560059,1729.310059,1763.560059,1763.560059,2524800000
2009-05-05,1757.260010,1759.420044,1735.369995,1754.119995,1754.119995,2538290000
2009-05-06,1768.689941,1770.290039,1730.969971,1759.099976,1759.099976,2966510000
2009-05-07,1772.099976,1773.130005,1702.540039,1716.239990,1716.239990,3299360000
2009-05-08,1733.500000,1747.410034,1711.010010,1739.000000,1739.000000,3206310000
2009-05-11,1713.650024,1747.969971,1705.869995,1731.239990,1731.239990,2543450000
2009-05-12,1742.859985,1743.520020,1695.869995,1715.920044,1715.920044,2475150000
2009-05-13,1696.800049,1697.760010,1664.189941,1664.189941,1664.189941,2356410000
2009-05-14,1672.479980,1701.219971,1667.939941,1689.209961,1689.209961,2162620000
2009-05-15,1687.489990,1703.449951,1676.560059,1680.140015,1680.140015,2057500000
2009-05-18,1696.819946,1732.359985,1689.550049,1732.359985,1732.359985,2023250000
2009-05-19,1727.000000,1750.050049,1719.920044,1734.540039,1734.540039,2076390000
2009-05-20,1743.599976,1767.469971,1722.319946,1727.839966,1727.839966,2261780000
2009-05-21,1709.829956,1719.579956,1677.770020,1695.250000,1695.250000,2206610000
2009-05-22,1702.060059,1711.979980,1682.239990,1692.010010,1692.010010,1619520000
2009-05-26,1677.719971,1751.469971,1677.540039,1750.430054,1750.430054,2095650000
2009-05-27,1745.560059,1768.219971,1728.959961,1731.079956,1731.079956,2118100000
2009-05-28,1744.229980,1754.949951,1714.479980,1751.790039,1751.790039,2189090000
2009-05-29,1756.260010,1774.329956,1742.989990,1774.329956,1774.329956,2465310000
2009-06-01,1796.089966,1833.180054,1792.800049,1828.680054,1828.680054,2600340000
2009-06-02,1821.219971,1846.650024,1815.829956,1836.800049,1836.800049,2611690000
2009-06-03,1825.599976,1828.089966,1806.510010,1825.920044,1825.920044,2246950000
2009-06-04,1829.839966,1850.040039,1825.619995,1850.020020,1850.020020,2468840000
2009-06-05,1864.020020,1865.949951,1834.630005,1849.420044,1849.420044,2310590000
2009-06-08,1836.869995,1857.800049,1818.589966,1842.400024,1842.400024,1972980000
2009-06-09,1850.479980,1869.520020,1846.260010,1860.130005,1860.130005,2140370000
2009-06-10,1872.010010,1872.699951,1827.609985,1853.079956,1853.079956,2347870000
2009-06-11,1854.750000,1879.920044,1854.750000,1862.369995,1862.369995,2463860000
2009-06-12,1852.430054,1858.800049,1833.390015,1858.800049,1858.800049,2013560000
2009-06-15,1837.939941,1838.329956,1803.069946,1816.380005,1816.380005,2154700000
2009-06-16,1825.199951,1831.180054,1795.550049,1796.180054,1796.180054,2227700000
2009-06-17,1799.219971,1824.199951,1785.339966,1808.060059,1808.060059,2523180000
2009-06-18,1809.040039,1816.599976,1795.739990,1807.719971,1807.719971,2067830000
2009-06-19,1824.989990,1837.579956,1817.069946,1827.469971,1827.469971,2864420000
2009-06-22,1809.530029,1810.579956,1765.849976,1766.189941,1766.189941,2318970000
2009-06-23,1771.420044,1777.579956,1753.780029,1764.920044,1764.920044,2152480000
2009-06-24,1780.880005,1807.079956,1780.250000,1792.339966,1792.339966,2150570000
2009-06-25,1783.189941,1829.670044,1779.180054,1829.540039,1829.540039,2227980000
2009-06-26,1819.160034,1840.979980,1816.839966,1838.219971,1838.219971,3989940000
2009-06-29,1842.089966,1854.089966,1825.030029,1844.060059,1844.060059,1981450000
2009-06-30,1845.469971,1854.689941,1824.949951,1835.040039,1835.040039,2044980000
2009-07-01,1846.119995,1861.619995,1843.790039,1845.719971,1845.719971,1971050000
2009-07-02,1823.689941,1823.910034,1795.949951,1796.520020,1796.520020,1923070000
2009-07-06,1783.500000,1793.420044,1770.109985,1787.400024,1787.400024,1970530000
2009-07-07,1787.439941,1788.969971,1745.380005,1746.170044,1746.170044,2027240000
2009-07-08,1756.000000,1757.670044,1727.050049,1747.170044,1747.170044,2467520000
2009-07-09,1756.969971,1763.630005,1747.439941,1752.550049,1752.550049,1868280000
2009-07-10,1744.609985,1764.109985,1738.260010,1756.030029,1756.030029,1658010000
2009-07-13,1761.030029,1793.209961,1736.949951,1793.209961,1793.209961,1899410000
2009-07-14,1790.699951,1800.729980,1782.849976,1799.729980,1799.729980,1856910000
2009-07-15,1827.609985,1863.290039,1824.310059,1862.900024,1862.900024,2543340000
2009-07-16,1856.050049,1887.890015,1854.699951,1885.030029,1885.030029,2072730000
2009-07-17,1880.310059,1887.339966,1873.810059,1886.609985,1886.609985,1876760000
2009-07-20,1896.989990,1909.890015,1890.000000,1909.290039,1909.290039,2046350000
2009-07-21,1917.390015,1917.459961,1892.170044,1916.199951,1916.199951,2205230000
2009-07-22,1908.829956,1934.609985,1907.250000,1926.380005,1926.380005,2306340000
2009-07-23,1924.959961,1979.339966,1924.770020,1973.599976,1973.599976,3021430000
2009-07-24,1943.229980,1966.260010,1937.640015,1965.959961,1965.959961,2232920000
2009-07-27,1964.619995,1971.380005,1946.949951,1967.890015,1967.890015,2141690000
2009-07-28,1957.260010,1978.430054,1947.890015,1975.510010,1975.510010,2206850000
2009-07-29,1965.319946,1970.650024,1953.359985,1967.760010,1967.760010,2072650000
2009-07-30,1986.209961,2009.810059,1980.079956,1984.300049,1984.300049,2525670000
2009-07-31,1980.719971,1995.050049,1977.650024,1978.500000,1978.500000,2190380000
2009-08-03,1998.349976,2008.609985,1985.880005,2008.609985,2008.609985,2155720000
2009-08-04,1996.380005,2015.589966,1993.739990,2011.310059,2011.310059,2235010000
2009-08-05,2014.449951,2014.449951,1980.680054,1993.050049,1993.050049,2353550000
2009-08-06,1999.209961,2004.369995,1967.680054,1973.160034,1973.160034,2408400000
2009-08-07,1997.000000,2012.329956,1984.500000,2000.250000,2000.250000,2323980000
2009-08-10,1991.439941,1999.550049,1979.390015,1992.239990,1992.239990,1844700000
2009-08-11,1985.060059,1986.849976,1962.079956,1969.729980,1969.729980,1915530000
2009-08-12,1970.949951,2015.260010,1970.250000,1998.719971,1998.719971,2140190000
2009-08-13,2009.270020,2013.430054,1986.869995,2009.349976,2009.349976,2084370000
2009-08-14,2005.790039,2006.729980,1969.680054,1985.520020,1985.520020,1923410000
2009-08-17,1949.229980,1949.229980,1929.640015,1930.839966,1930.839966,1924190000
2009-08-18,1940.550049,1958.709961,1935.329956,1955.920044,1955.920044,1749420000
2009-08-19,1933.390015,1972.319946,1931.910034,1969.239990,1969.239990,1977750000
2009-08-20,1967.569946,1992.219971,1965.689941,1989.219971,1989.219971,1958470000
2009-08-21,2000.150024,2021.859985,1994.329956,2020.900024,2020.900024,2259140000
2009-08-24,2026.109985,2036.030029,2012.000000,2017.979980,2017.979980,2046370000
2009-08-25,2025.589966,2040.589966,2019.170044,2024.229980,2024.229980,1936980000
2009-08-26,2021.300049,2034.310059,2013.520020,2024.430054,2024.430054,2037560000
2009-08-27,2021.310059,2029.270020,1993.030029,2027.729980,2027.729980,2140540000
2009-08-28,2050.530029,2059.479980,2017.420044,2028.770020,2028.770020,2340180000
2009-08-31,2011.140015,2013.650024,1997.530029,2009.060059,2009.060059,2256210000
2009-09-01,2001.300049,2034.780029,1965.479980,1968.890015,1968.890015,2778570000
2009-09-02,1960.069946,1976.349976,1958.510010,1967.069946,1967.069946,1974330000
2009-09-03,1975.849976,1983.369995,1958.040039,1983.199951,1983.199951,1853450000
2009-09-04,1986.979980,2018.920044,1982.050049,2018.780029,2018.780029,1722150000
2009-09-08,2034.739990,2038.630005,2023.030029,2037.770020,2037.770020,2037180000
2009-09-09,2038.920044,2066.340088,2033.469971,2060.389893,2060.389893,2493930000
2009-09-10,2059.479980,2084.020020,2055.489990,2084.020020,2084.020020,2451330000
2009-09-11,2083.340088,2088.929932,2070.020020,2080.899902,2080.899902,2318050000
2009-09-14,2066.149902,2091.780029,2065.800049,2091.780029,2091.780029,2157600000
2009-09-15,2090.330078,2106.929932,2086.159912,2102.639893,2102.639893,2372990000
2009-09-16,2110.060059,2133.149902,2102.860107,2133.149902,2133.149902,2707080000
2009-09-17,2129.419922,2140.600098,2118.500000,2126.750000,2126.750000,2615780000
2009-09-18,2134.850098,2138.820068,2120.699951,2132.860107,2132.860107,3023010000
2009-09-21,2121.340088,2142.409912,2118.479980,2138.040039,2138.040039,2408860000
2009-09-22,2150.020020,2150.679932,2137.389893,2146.300049,2146.300049,2490480000
2009-09-23,2152.429932,2167.699951,2130.340088,2131.419922,2131.419922,2683250000
2009-09-24,2140.060059,2142.489990,2097.100098,2107.610107,2107.610107,2607280000
2009-09-25,2095.840088,2106.989990,2085.350098,2090.919922,2090.919922,2363930000
2009-09-28,2101.919922,2140.040039,2101.429932,2130.739990,2130.739990,1890030000
2009-09-29,2131.669922,2141.399902,2116.629883,2124.040039,2124.040039,2062970000
2009-09-30,2131.300049,2137.870117,2092.300049,2122.419922,2122.419922,2640660000
2009-10-01,2111.770020,2112.899902,2057.479980,2057.479980,2057.479980,2708170000
2009-10-02,2040.839966,2064.149902,2040.729980,2048.110107,2048.110107,2448110000
2009-10-05,2056.520020,2074.780029,2049.040039,2068.149902,2068.149902,2156250000
2009-10-06,2080.399902,2111.129883,2079.489990,2103.570068,2103.570068,2413450000
2009-10-07,2099.060059,2110.330078,2095.939941,2110.330078,2110.330078,2220910000
2009-10-08,2124.689941,2139.649902,2116.060059,2123.929932,2123.929932,2366950000
2009-10-09,2120.000000,2139.620117,2118.040039,2139.280029,2139.280029,1936850000
2009-10-12,2145.629883,2155.919922,2128.389893,2139.139893,2139.139893,1784280000
2009-10-13,2138.699951,2146.350098,2128.439941,2139.889893,2139.889893,2020110000
2009-10-14,2165.830078,2173.949951,2157.479980,2172.229980,2172.229980,2348620000
2009-10-15,2164.330078,2173.290039,2158.290039,2173.290039,2173.290039,2140090000
2009-10-16,2164.729980,2164.729980,2142.879883,2156.800049,2156.800049,2209950000
2009-10-19,2162.409912,2180.110107,2150.419922,2176.320068,2176.320068,1970440000
2009-10-20,2180.429932,2181.159912,2151.770020,2163.469971,2163.469971,2110580000
2009-10-21,2160.780029,2190.639893,2148.409912,2150.729980,2150.729980,2565680000
2009-10-22,2146.719971,2169.169922,2130.699951,2165.290039,2165.290039,2265230000
2009-10-23,2186.639893,2190.479980,2149.350098,2154.469971,2154.469971,2441920000
2009-10-26,2158.810059,2183.610107,2136.919922,2141.850098,2141.850098,2316210000
2009-10-27,2144.149902,2148.879883,2110.909912,2116.090088,2116.090088,2384620000
2009-10-28,2103.360107,2111.840088,2057.399902,2059.610107,2059.610107,2769570000
2009-10-29,2077.040039,2101.330078,2071.300049,2097.550049,2097.550049,2301370000
2009-10-30,2091.560059,2095.090088,2040.209961,2045.109985,2045.109985,2610280000
2009-11-02,2047.420044,2069.489990,2024.270020,2049.199951,2049.199951,2408320000
2009-11-03,2034.089966,2057.320068,2031.250000,2057.320068,2057.320068,2061050000
2009-11-04,2067.560059,2081.100098,2053.000000,2055.520020,2055.520020,2217520000
2009-11-05,2078.830078,2105.320068,2075.610107,2105.320068,2105.320068,2209690000
2009-11-06,2089.489990,2117.620117,2088.239990,2112.439941,2112.439941,1829150000
2009-11-09,2128.459961,2154.060059,2128.149902,2154.060059,2154.060059,2004700000
2009-11-10,2147.239990,2160.639893,2141.270020,2151.080078,2151.080078,1997240000
2009-11-11,2166.530029,2177.909912,2155.250000,2166.899902,2166.899902,1851790000
2009-11-12,2166.979980,2179.189941,2145.830078,2149.020020,2149.020020,2212370000
2009-11-13,2156.679932,2172.050049,2145.919922,2167.879883,2167.879883,1876220000
2009-11-16,2177.310059,2205.320068,2177.000000,2197.850098,2197.850098,2105020000
2009-11-17,2190.120117,2203.780029,2185.550049,2203.780029,2203.780029,1887240000
2009-11-18,2199.870117,2200.149902,2180.169922,2193.139893,2193.139893,1990220000
2009-11-19,2176.370117,2176.510010,2141.590088,2156.820068,2156.820068,2208700000
2009-11-20,2145.070068,2150.080078,2137.060059,2146.040039,2146.040039,1962760000
2009-11-23,2168.949951,2189.500000,2168.770020,2176.010010,2176.010010,1840170000
2009-11-24,2174.689941,2175.149902,2155.219971,2169.179932,2169.179932,1858490000
2009-11-25,2174.000000,2178.620117,2170.060059,2176.050049,2176.050049,1398610000
2009-11-27,2115.959961,2155.409912,2113.989990,2138.439941,2138.439941,971990000
2009-11-30,2135.929932,2146.929932,2120.699951,2144.600098,2144.600098,1986050000
2009-12-01,2162.229980,2182.239990,2162.229980,2175.810059,2175.810059,2151300000
2009-12-02,2178.510010,2198.550049,2177.820068,2185.030029,2185.030029,2068920000
2009-12-03,2190.419922,2203.750000,2172.040039,2173.139893,2173.139893,2001660000
2009-12-04,2203.750000,2214.389893,2169.659912,2194.350098,2194.350098,2305950000
2009-12-07,2191.350098,2201.419922,2183.129883,2189.610107,2189.610107,1878980000
2009-12-08,2174.719971,2187.189941,2160.429932,2172.989990,2172.989990,1981800000
2009-12-09,2170.020020,2185.699951,2155.959961,2183.729980,2183.729980,1906210000
2009-12-10,2194.899902,2202.840088,2187.080078,2190.860107,2190.860107,1946370000
2009-12-11,2200.959961,2202.399902,2179.510010,2190.310059,2190.310059,1754430000
2009-12-14,2202.310059,2212.560059,2193.199951,2212.100098,2212.100098,1841890000
2009-12-15,2203.540039,2217.629883,2197.760010,2201.050049,2201.050049,1946960000
2009-12-16,2210.350098,2220.459961,2203.330078,2206.909912,2206.909912,2022440000
2009-12-17,2193.500000,2198.510010,2178.050049,2180.050049,2180.050049,1904840000
2009-12-18,2197.570068,2213.179932,2190.689941,2211.689941,2211.689941,2848410000
2009-12-21,2224.040039,2242.219971,2224.040039,2237.659912,2237.659912,1808830000
2009-12-22,2242.610107,2253.729980,2241.330078,2252.669922,2252.669922,1724200000
2009-12-23,2257.209961,2271.330078,2253.669922,2269.639893,2269.639893,1582900000
2009-12-24,2273.949951,2285.889893,2273.399902,2285.689941,2285.689941,632650000
2009-12-28,2290.040039,2295.800049,2280.560059,2291.080078,2291.080078,1232130000
2009-12-29,2293.939941,2294.750000,2286.570068,2288.399902,2288.399902,1177710000
2009-12-30,2284.560059,2293.020020,2280.159912,2291.280029,2291.280029,1312670000
2009-12-31,2292.919922,2293.590088,2269.110107,2269.149902,2269.149902,1237820000
2010-01-04,2294.409912,2311.149902,2294.409912,2308.419922,2308.419922,1931380000
2010-01-05,2307.270020,2313.729980,2295.620117,2308.709961,2308.709961,2367860000
2010-01-06,2307.709961,2314.070068,2295.679932,2301.090088,2301.090088,2253340000
2010-01-07,2298.090088,2301.300049,2285.219971,2300.050049,2300.050049,2270050000
2010-01-08,2292.239990,2317.600098,2290.610107,2317.169922,2317.169922,2145390000
2010-01-11,2324.780029,2326.280029,2302.209961,2312.409912,2312.409912,2077890000
2010-01-12,2297.280029,2298.850098,2272.699951,2282.310059,2282.310059,2368320000
2010-01-13,2289.459961,2313.030029,2274.120117,2307.899902,2307.899902,2318350000
2010-01-14,2303.310059,2322.560059,2303.290039,2316.739990,2316.739990,2254170000
2010-01-15,2316.979980,2322.540039,2279.199951,2287.989990,2287.989990,2637770000
2010-01-19,2291.020020,2320.399902,2290.679932,2320.399902,2320.399902,2045290000
2010-01-20,2304.310059,2304.469971,2268.679932,2291.250000,2291.250000,2351890000
2010-01-21,2298.229980,2308.979980,2259.820068,2265.699951,2265.699951,2877800000
2010-01-22,2255.760010,2262.270020,2200.370117,2205.290039,2205.290039,2817620000
2010-01-25,2220.290039,2223.219971,2201.169922,2210.800049,2210.800049,2134350000
2010-01-26,2203.439941,2227.889893,2195.439941,2203.729980,2203.729980,2361260000
2010-01-27,2200.300049,2225.669922,2192.590088,2221.409912,2221.409912,2492880000
2010-01-28,2220.310059,2220.870117,2166.899902,2179.000000,2179.000000,2829640000
2010-01-29,2198.260010,2202.840088,2140.340088,2147.350098,2147.350098,3090580000
2010-02-01,2155.810059,2171.199951,2152.260010,2171.199951,2171.199951,2234140000
2010-02-02,2171.659912,2193.659912,2161.469971,2190.060059,2190.060059,2468470000
2010-02-03,2181.010010,2194.530029,2176.750000,2190.909912,2190.909912,2303350000
2010-02-04,2176.389893,2178.250000,2125.429932,2125.429932,2125.429932,2801390000
2010-02-05,2131.919922,2142.270020,2100.169922,2141.120117,2141.120117,2811100000
2010-02-08,2140.100098,2152.639893,2125.110107,2126.050049,2126.050049,2036280000
2010-02-09,2153.100098,2166.159912,2132.580078,2150.870117,2150.870117,2296420000
2010-02-10,2147.459961,2156.360107,2131.080078,2147.870117,2147.870117,2059940000
2010-02-11,2145.090088,2179.540039,2134.139893,2177.409912,2177.409912,2141260000
2010-02-12,2157.689941,2184.570068,2151.989990,2183.530029,2183.530029,2236180000
2010-02-16,2200.379883,2214.189941,2189.179932,2214.189941,2214.189941,2072850000
2010-02-17,2222.870117,2226.320068,2212.780029,2226.290039,2226.290039,2103530000
2010-02-18,2223.219971,2243.500000,2221.139893,2241.709961,2241.709961,2076820000
2010-02-19,2233.330078,2249.800049,2228.929932,2243.870117,2243.870117,2166660000
2010-02-22,2250.919922,2251.679932,2235.649902,2242.030029,2242.030029,1976290000
2010-02-23,2238.010010,2239.800049,2205.699951,2213.439941,2213.439941,2310910000
2010-02-24,2222.399902,2241.689941,2221.280029,2235.899902,2235.899902,2155810000
2010-02-25,2208.620117,2236.209961,2198.729980,2234.219971,2234.219971,2300530000
2010-02-26,2234.439941,2242.830078,2222.229980,2238.260010,2238.260010,2283430000
2010-03-01,2247.399902,2274.020020,2247.330078,2273.570068,2273.570068,2504940000
2010-03-02,2279.070068,2292.489990,2275.350098,2280.790039,2280.790039,2831870000
2010-03-03,2284.820068,2293.320068,2275.250000,2280.679932,2280.679932,2603510000
2010-03-04,2282.570068,2293.159912,2273.629883,2292.310059,2292.310059,2186020000
2010-03-05,2304.010010,2327.030029,2301.100098,2326.350098,2326.350098,2411880000
2010-03-08,2326.250000,2335.429932,2326.110107,2332.209961,2332.209961,2312310000
2010-03-09,2325.780029,2353.070068,2325.739990,2340.679932,2340.679932,2620360000
2010-03-10,2340.949951,2361.659912,2340.689941,2358.949951,2358.949951,2554740000
2010-03-11,2351.110107,2368.459961,2347.530029,2368.459961,2368.459961,2256790000
2010-03-12,2376.070068,2376.280029,2358.080078,2367.659912,2367.659912,2098780000
2010-03-15,2361.919922,2367.399902,2345.989990,2362.209961,2362.209961,1956170000
2010-03-16,2367.320068,2378.840088,2360.669922,2378.010010,2378.010010,2201880000
2010-03-17,2381.649902,2400.090088,2381.469971,2389.090088,2389.090088,2281410000
2010-03-18,2387.540039,2393.870117,2383.260010,2391.280029,2391.280029,2173060000
2010-03-19,2391.199951,2396.919922,2364.530029,2374.409912,2374.409912,3055760000
2010-03-22,2360.350098,2401.209961,2358.000000,2395.399902,2395.399902,2448130000
2010-03-23,2397.899902,2416.510010,2390.040039,2415.239990,2415.239990,2465230000
2010-03-24,2406.719971,2408.639893,2396.919922,2398.760010,2398.760010,2436100000
2010-03-25,2415.239990,2432.250000,2397.360107,2397.409912,2397.409912,2704870000
2010-03-26,2406.729980,2412.919922,2384.689941,2395.129883,2395.129883,2367930000
2010-03-29,2403.770020,2411.179932,2398.399902,2404.360107,2404.360107,1967850000
2010-03-30,2406.689941,2417.360107,2395.800049,2410.689941,2410.689941,2147270000
2010-03-31,2402.979980,2415.439941,2395.340088,2397.959961,2397.959961,2368690000
2010-04-01,2411.679932,2423.429932,2383.770020,2402.580078,2402.580078,2340270000
2010-04-05,2409.479980,2429.610107,2403.879883,2429.530029,2429.530029,2130340000
2010-04-06,2420.330078,2443.500000,2417.770020,2436.810059,2436.810059,2220390000
2010-04-07,2433.100098,2442.270020,2418.729980,2431.159912,2431.159912,2984850000
2010-04-08,2423.989990,2441.120117,2413.739990,2436.810059,2436.810059,2428900000
2010-04-09,2441.310059,2454.120117,2432.929932,2454.050049,2454.050049,2215530000
2010-04-12,2455.399902,2463.169922,2450.149902,2457.870117,2457.870117,2161650000
2010-04-13,2454.949951,2467.939941,2445.260010,2465.989990,2465.989990,2665420000
2010-04-14,2481.800049,2504.860107,2480.429932,2504.860107,2504.860107,3143270000
2010-04-15,2503.409912,2517.820068,2502.510010,2515.689941,2515.689941,2840660000
2010-04-16,2505.379883,2510.060059,2467.679932,2481.260010,2481.260010,2960950000
2010-04-19,2477.800049,2487.669922,2451.719971,2480.110107,2480.110107,2223650000
2010-04-20,2492.719971,2501.250000,2480.699951,2500.310059,2500.310059,2157100000
2010-04-21,2506.610107,2510.500000,2490.189941,2504.610107,2504.610107,2715900000
2010-04-22,2483.520020,2521.020020,2468.260010,2519.070068,2519.070068,2800840000
2010-04-23,2514.850098,2530.149902,2507.600098,2530.149902,2530.149902,2517010000
2010-04-26,2529.850098,2535.280029,2521.510010,2522.949951,2522.949951,2491040000
2010-04-27,2512.580078,2525.699951,2466.530029,2471.469971,2471.469971,2864810000
2010-04-28,2483.030029,2484.149902,2456.629883,2471.729980,2471.729980,2755190000
2010-04-29,2487.330078,2513.689941,2483.500000,2511.919922,2511.919922,3069640000
2010-04-30,2509.989990,2514.370117,2461.090088,2461.189941,2461.189941,2841130000
2010-05-03,2472.320068,2503.000000,2472.320068,2498.739990,2498.739990,2398370000
2010-05-04,2465.550049,2465.550049,2411.280029,2424.250000,2424.250000,3052590000
2010-05-05,2395.209961,2421.050049,2382.070068,2402.290039,2402.290039,3041480000
2010-05-06,2391.209961,2407.790039,2185.750000,2319.639893,2319.639893,4553600000
2010-05-07,2308.709961,2330.649902,2228.060059,2265.639893,2265.639893,4227720000
2010-05-10,2365.969971,2379.870117,2349.399902,2374.669922,2374.669922,2871800000
2010-05-11,2347.699951,2405.260010,2345.500000,2375.310059,2375.310059,2548840000
2010-05-12,2388.639893,2426.469971,2384.689941,2425.020020,2425.020020,2351900000
2010-05-13,2416.360107,2434.290039,2387.590088,2394.360107,2394.360107,2375250000
2010-05-14,2373.879883,2374.530029,2323.629883,2346.850098,2346.850098,2653020000
2010-05-17,2352.770020,2364.649902,2304.280029,2354.229980,2354.229980,2434480000
2010-05-18,2372.840088,2374.909912,2309.219971,2317.260010,2317.260010,2490310000
2010-05-19,2307.780029,2324.989990,2270.620117,2298.370117,2298.370117,2646160000
2010-05-20,2245.560059,2253.040039,2203.500000,2204.010010,2204.010010,3420420000
2010-05-21,2169.580078,2243.000000,2165.790039,2229.040039,2229.040039,3389670000
2010-05-24,2220.600098,2244.669922,2212.370117,2213.550049,2213.550049,2150020000
2010-05-25,2157.449951,2211.939941,2140.530029,2210.949951,2210.949951,2946380000
2010-05-26,2226.239990,2257.330078,2190.439941,2195.879883,2195.879883,3077300000
2010-05-27,2244.820068,2278.370117,2239.719971,2277.679932,2277.679932,2408220000
2010-05-28,2275.189941,2277.100098,2241.520020,2257.040039,2257.040039,2165590000
2010-06-01,2244.790039,2277.389893,2220.889893,2222.330078,2222.330078,2167810000
2010-06-02,2234.590088,2281.070068,2221.070068,2281.070068,2281.070068,2190140000
2010-06-03,2285.760010,2307.469971,2274.879883,2303.030029,2303.030029,2249050000
2010-06-04,2257.050049,2278.580078,2212.300049,2219.169922,2219.169922,2342480000
2010-06-07,2226.600098,2232.889893,2172.250000,2173.899902,2173.899902,2256670000
2010-06-08,2176.070068,2183.100098,2139.459961,2170.570068,2170.570068,2696580000
2010-06-09,2184.780029,2208.649902,2152.669922,2158.850098,2158.850098,2325060000
2010-06-10,2188.709961,2219.649902,2185.979980,2218.709961,2218.709961,2187840000
2010-06-11,2199.399902,2243.600098,2196.909912,2243.600098,2243.600098,1877120000
2010-06-14,2263.659912,2278.959961,2242.000000,2243.959961,2243.959961,1951910000
2010-06-15,2256.479980,2307.979980,2256.439941,2305.879883,2305.879883,2289060000
2010-06-16,2293.560059,2317.750000,2290.260010,2305.929932,2305.929932,1936400000
2010-06-17,2316.590088,2318.270020,2288.590088,2307.159912,2307.159912,1821680000
2010-06-18,2308.939941,2321.989990,2301.479980,2309.800049,2309.800049,2037230000
2010-06-21,2341.110107,2341.110107,2277.729980,2289.090088,2289.090088,1910700000
2010-06-22,2296.830078,2313.719971,2259.590088,2261.800049,2261.800049,1934450000
2010-06-23,2264.409912,2271.739990,2236.989990,2254.229980,2254.229980,1929450000
2010-06-24,2246.199951,2247.419922,2213.500000,2217.419922,2217.419922,2064360000
2010-06-25,2224.729980,2240.879883,2205.919922,2223.479980,2223.479980,3540350000
2010-06-28,2227.429932,2241.639893,2208.370117,2220.649902,2220.649902,1876740000
2010-06-29,2183.919922,2185.300049,2122.669922,2135.179932,2135.179932,2827090000
2010-06-30,2134.030029,2153.360107,2105.260010,2109.239990,2109.239990,2221560000
2010-07-01,2110.750000,2117.939941,2061.139893,2101.360107,2101.360107,2717070000
2010-07-02,2105.500000,2110.659912,2077.709961,2091.790039,2091.790039,1672320000
2010-07-06,2122.280029,2136.300049,2077.770020,2093.879883,2093.879883,2173030000
2010-07-07,2099.659912,2159.790039,2098.110107,2159.469971,2159.469971,2199500000
2010-07-08,2174.959961,2181.300049,2150.189941,2175.399902,2175.399902,2034030000
2010-07-09,2174.199951,2196.949951,2170.760010,2196.449951,2196.449951,1592610000
2010-07-12,2194.120117,2213.389893,2183.520020,2198.360107,2198.360107,1767970000
2010-07-13,2221.250000,2248.159912,2212.969971,2242.030029,2242.030029,2278480000
2010-07-14,2246.989990,2260.330078,2235.149902,2249.840088,2249.840088,2213010000
2010-07-15,2247.760010,2253.330078,2218.919922,2249.080078,2249.080078,2011600000
2010-07-16,2231.709961,2236.659912,2177.510010,2179.050049,2179.050049,2195150000
2010-07-19,2185.810059,2201.290039,2171.199951,2198.229980,2198.229980,1735090000
2010-07-20,2165.350098,2222.610107,2159.949951,2222.489990,2222.489990,1933270000
2010-07-21,2236.129883,2236.370117,2183.219971,2187.330078,2187.330078,2222030000
2010-07-22,2216.040039,2251.419922,2216.040039,2245.889893,2245.889893,2213220000
2010-07-23,2234.340088,2269.469971,2227.500000,2269.469971,2269.469971,2410600000
2010-07-26,2271.620117,2296.429932,2262.959961,2296.429932,2296.429932,2164280000
2010-07-27,2306.620117,2307.600098,2280.719971,2288.250000,2288.250000,2065390000
2010-07-28,2284.620117,2292.239990,2257.760010,2264.560059,2264.560059,1848520000
2010-07-29,2279.070068,2282.939941,2228.520020,2251.689941,2251.689941,2324590000
2010-07-30,2227.290039,2264.810059,2218.610107,2254.699951,2254.699951,2138610000
2010-08-02,2283.320068,2299.239990,2274.270020,2295.360107,2295.360107,1953200000
2010-08-03,2291.750000,2295.030029,2272.330078,2283.520020,2283.520020,1997030000
2010-08-04,2291.090088,2305.070068,2283.209961,2303.570068,2303.570068,2021980000
2010-08-05,2291.219971,2298.860107,2281.679932,2293.060059,2293.060059,1774300000
2010-08-06,2267.419922,2291.149902,2253.919922,2288.469971,2288.469971,1876630000
2010-08-09,2298.810059,2309.429932,2289.030029,2305.689941,2305.689941,1614580000
2010-08-10,2280.060059,2290.510010,2261.500000,2277.169922,2277.169922,2039590000
2010-08-11,2236.929932,2236.929932,2204.939941,2208.629883,2208.629883,2274460000
2010-08-12,2164.639893,2197.969971,2163.070068,2190.270020,2190.270020,2189680000
2010-08-13,2183.090088,2190.270020,2173.479980,2173.479980,2173.479980,1605040000
2010-08-16,2161.310059,2193.840088,2155.659912,2181.870117,2181.870117,1627620000
2010-08-17,2197.090088,2225.080078,2193.419922,2209.439941,2209.439941,1736870000
2010-08-18,2205.300049,2228.899902,2196.110107,2215.699951,2215.699951,1654560000
2010-08-19,2204.800049,2211.729980,2168.739990,2178.949951,2178.949951,2094800000
2010-08-20,2172.260010,2182.669922,2159.540039,2179.760010,2179.760010,1898500000
2010-08-23,2188.340088,2200.520020,2159.439941,2159.629883,2159.629883,1665900000
2010-08-24,2131.000000,2144.199951,2113.709961,2123.760010,2123.760010,2141650000
2010-08-25,2109.149902,2148.350098,2102.260010,2141.540039,2141.540039,2019480000
2010-08-26,2148.489990,2154.320068,2116.820068,2118.689941,2118.689941,1804510000
2010-08-27,2134.159912,2154.989990,2099.290039,2153.629883,2153.629883,2134550000
2010-08-30,2145.760010,2154.469971,2119.929932,2119.969971,2119.969971,1585200000
2010-08-31,2109.760010,2128.899902,2101.520020,2114.030029,2114.030029,2084110000
2010-09-01,2142.750000,2177.500000,2141.949951,2176.840088,2176.840088,2133970000
2010-09-02,2178.989990,2200.010010,2173.709961,2200.010010,2200.010010,1680590000
2010-09-03,2227.959961,2235.570068,2213.560059,2233.750000,2233.750000,1647790000
2010-09-07,2227.260010,2231.280029,2206.620117,2208.889893,2208.889893,1685240000
2010-09-08,2216.070068,2237.419922,2215.899902,2228.870117,2228.870117,2018210000
2010-09-09,2251.090088,2251.979980,2229.800049,2236.199951,2236.199951,1706650000
2010-09-10,2239.080078,2246.600098,2229.120117,2242.479980,2242.479980,1692470000
2010-09-13,2263.800049,2289.489990,2263.689941,2285.709961,2285.709961,1937630000
2010-09-14,2281.310059,2302.570068,2274.570068,2289.770020,2289.770020,2079030000
2010-09-15,2283.169922,2304.600098,2276.320068,2301.320068,2301.320068,2067130000
2010-09-16,2297.510010,2304.949951,2288.709961,2303.250000,2303.250000,1809280000
2010-09-17,2318.419922,2320.370117,2301.820068,2315.610107,2315.610107,2432480000
2010-09-20,2322.800049,2358.899902,2317.889893,2355.830078,2355.830078,1989520000
2010-09-21,2355.270020,2366.760010,2341.820068,2349.350098,2349.350098,2125100000
2010-09-22,2339.909912,2355.909912,2323.550049,2334.550049,2334.550049,2170210000
2010-09-23,2316.709961,2353.790039,2316.110107,2327.080078,2327.080078,1923110000
2010-09-24,2356.260010,2381.219971,2353.500000,2381.219971,2381.219971,1993380000
2010-09-27,2379.729980,2386.010010,2368.649902,2369.770020,2369.770020,1873120000
2010-09-28,2373.129883,2383.669922,2339.500000,2379.590088,2379.590088,2125730000
2010-09-29,2372.370117,2382.149902,2366.189941,2376.560059,2376.560059,2077930000
2010-09-30,2390.959961,2400.060059,2354.219971,2368.620117,2368.620117,2418300000
2010-10-01,2386.820068,2389.449951,2359.320068,2370.750000,2370.750000,1932650000
2010-10-04,2362.250000,2370.870117,2332.459961,2344.520020,2344.520020,1901980000
2010-10-05,2368.520020,2402.419922,2366.060059,2399.830078,2399.830078,2203470000
2010-10-06,2395.159912,2399.129883,2368.429932,2380.659912,2380.659912,2103800000
2010-10-07,2391.629883,2392.739990,2368.250000,2383.669922,2383.669922,1846240000
2010-10-08,2384.760010,2406.669922,2370.530029,2401.909912,2401.909912,2000980000
2010-10-11,2403.459961,2413.030029,2397.570068,2402.330078,2402.330078,1539990000
2010-10-12,2397.699951,2421.790039,2379.389893,2417.919922,2417.919922,1960920000
2010-10-13,2432.550049,2452.540039,2426.520020,2441.229980,2441.229980,2294450000
2010-10-14,2441.209961,2445.850098,2422.070068,2435.379883,2435.379883,2014540000
2010-10-15,2461.699951,2468.770020,2438.030029,2468.770020,2468.770020,2232810000
2010-10-18,2470.120117,2480.949951,2462.550049,2480.659912,2480.659912,1724710000
2010-10-19,2442.209961,2462.939941,2422.139893,2436.949951,2436.949951,2241840000
2010-10-20,2443.199951,2469.719971,2441.070068,2457.389893,2457.389893,2016770000
2010-10-21,2470.719971,2482.139893,2436.340088,2459.669922,2459.669922,2135480000
2010-10-22,2461.600098,2479.389893,2459.429932,2479.389893,2479.389893,1648180000
2010-10-25,2491.620117,2507.030029,2490.110107,2490.850098,2490.850098,1746320000
2010-10-26,2476.510010,2503.030029,2470.120117,2497.290039,2497.290039,1914350000
2010-10-27,2484.090088,2505.350098,2478.010010,2503.260010,2503.260010,2013240000
2010-10-28,2516.159912,2516.199951,2489.760010,2507.370117,2507.370117,1998340000
2010-10-29,2505.989990,2517.500000,2505.860107,2507.409912,2507.409912,2068700000
2010-11-01,2520.449951,2532.370117,2491.459961,2504.840088,2504.840088,1904790000
2010-11-02,2525.939941,2534.879883,2518.290039,2533.520020,2533.520020,1914980000
2010-11-03,2532.830078,2541.419922,2511.310059,2540.270020,2540.270020,1990410000
2010-11-04,2569.270020,2579.620117,2564.050049,2577.340088,2577.340088,2492050000
2010-11-05,2577.629883,2582.179932,2568.780029,2578.979980,2578.979980,2092850000
2010-11-08,2570.860107,2583.300049,2566.780029,2580.050049,2580.050049,1799330000
2010-11-09,2587.080078,2592.939941,2552.929932,2562.979980,2562.979980,2157370000
2010-11-10,2564.310059,2578.780029,2545.459961,2578.780029,2578.780029,1998930000
2010-11-11,2534.239990,2559.989990,2524.120117,2555.520020,2555.520020,2559980000
2010-11-12,2540.469971,2552.239990,2506.399902,2518.209961,2518.209961,2191790000
2010-11-15,2529.020020,2534.560059,2512.290039,2513.820068,2513.820068,1852210000
2010-11-16,2494.209961,2503.290039,2459.790039,2469.840088,2469.840088,2234090000
2010-11-17,2471.270020,2486.159912,2467.189941,2476.010010,2476.010010,1816260000
2010-11-18,2504.409912,2526.830078,2502.500000,2514.399902,2514.399902,2046660000
2010-11-19,2510.790039,2520.939941,2499.919922,2518.120117,2518.120117,1839670000
2010-11-22,2509.389893,2532.020020,2501.300049,2532.020020,2532.020020,1850570000
2010-11-23,2504.209961,2510.090088,2483.159912,2494.949951,2494.949951,1892260000
2010-11-24,2519.889893,2545.409912,2519.889893,2543.120117,2543.120117,1634640000
2010-11-26,2525.909912,2541.489990,2522.399902,2534.560059,2534.560059,623980000
2010-11-29,2522.239990,2531.030029,2496.830078,2525.219971,2525.219971,1683260000
2010-11-30,2497.120117,2510.709961,2488.610107,2498.229980,2498.229980,2317480000
2010-12-01,2535.189941,2558.290039,2535.189941,2549.429932,2549.429932,2109940000
2010-12-02,2553.679932,2580.590088,2551.820068,2579.350098,2579.350098,2038130000
2010-12-03,2569.020020,2593.679932,2567.879883,2591.459961,2591.459961,1810400000
2010-12-06,2591.280029,2599.189941,2584.090088,2594.919922,2594.919922,1617030000
2010-12-07,2623.149902,2623.600098,2597.449951,2598.489990,2598.489990,1906290000
2010-12-08,2604.570068,2612.370117,2592.889893,2609.159912,2609.159912,1763460000
2010-12-09,2623.149902,2624.840088,2606.239990,2616.669922,2616.669922,1924980000
2010-12-10,2623.280029,2639.409912,2615.419922,2637.540039,2637.540039,1736730000
2010-12-13,2645.350098,2645.790039,2624.560059,2624.909912,2624.909912,1835330000
2010-12-14,2631.340088,2636.850098,2621.050049,2627.719971,2627.719971,1853270000
2010-12-15,2625.810059,2643.110107,2613.149902,2617.219971,2617.219971,1863980000
2010-12-16,2620.560059,2639.679932,2613.719971,2637.310059,2637.310059,1735290000
2010-12-17,2643.350098,2651.350098,2637.080078,2642.969971,2642.969971,2421830000
2010-12-20,2651.979980,2658.800049,2634.560059,2649.560059,2649.560059,1707950000
2010-12-21,2658.939941,2669.010010,2655.949951,2667.610107,2667.610107,1647550000
2010-12-22,2669.000000,2675.260010,2666.629883,2671.479980,2671.479980,1614040000
2010-12-23,2667.419922,2671.629883,2661.169922,2665.600098,2665.600098,1270290000
2010-12-27,2657.090088,2670.570068,2645.379883,2667.270020,2667.270020,1097100000
2010-12-28,2671.850098,2673.020020,2658.209961,2662.879883,2662.879883,1130200000
2010-12-29,2667.179932,2671.229980,2664.510010,2666.929932,2666.929932,1122150000
2010-12-30,2665.679932,2671.110107,2661.830078,2662.979980,2662.979980,1074350000
2010-12-31,2660.580078,2662.389893,2649.040039,2652.870117,2652.870117,1026600000
2011-01-03,2676.649902,2704.860107,2676.340088,2691.520020,2691.520020,1919660000
2011-01-04,2699.860107,2700.879883,2663.639893,2681.250000,2681.250000,2015440000
2011-01-05,2673.909912,2702.199951,2671.889893,2702.199951,2702.199951,2060750000
2011-01-06,2704.379883,2712.350098,2697.729980,2709.889893,2709.889893,2095490000
2011-01-07,2712.750000,2715.959961,2676.360107,2703.169922,2703.169922,1976220000
2011-01-10,2691.469971,2712.320068,2682.250000,2707.800049,2707.800049,1868870000
2011-01-11,2719.600098,2722.750000,2706.580078,2716.830078,2716.830078,1893100000
2011-01-12,2731.449951,2737.330078,2722.320068,2737.330078,2737.330078,1873960000
2011-01-13,2734.929932,2742.429932,2727.139893,2735.290039,2735.290039,1923900000
2011-01-14,2732.479980,2755.300049,2729.620117,2755.300049,2755.300049,2020210000
2011-01-18,2744.800049,2766.169922,2744.260010,2765.850098,2765.850098,2020190000
2011-01-19,2762.810059,2764.350098,2717.790039,2725.360107,2725.360107,2130930000
2011-01-20,2712.399902,2714.100098,2686.590088,2704.290039,2704.290039,2323250000
2011-01-21,2716.919922,2722.739990,2688.530029,2689.540039,2689.540039,1916960000
2011-01-24,2693.030029,2719.729980,2687.969971,2717.550049,2717.550049,1871300000
2011-01-25,2704.250000,2719.340088,2697.510010,2719.250000,2719.250000,1936120000
2011-01-26,2724.520020,2746.030029,2717.629883,2739.500000,2739.500000,2031410000
2011-01-27,2745.159912,2763.639893,2740.300049,2755.280029,2755.280029,2020550000
2011-01-28,2755.280029,2755.280029,2679.570068,2686.889893,2686.889893,2371140000
2011-01-31,2693.300049,2706.300049,2676.870117,2700.080078,2700.080078,1952310000
2011-02-01,2717.610107,2755.969971,2716.639893,2751.189941,2751.189941,2255990000
2011-02-02,2744.679932,2758.510010,2743.760010,2749.560059,2749.560059,2024600000
2011-02-03,2746.739990,2757.540039,2725.780029,2753.879883,2753.879883,1941260000
2011-02-04,2755.850098,2769.699951,2747.860107,2769.300049,2769.300049,1956710000
2011-02-07,2773.260010,2796.500000,2772.810059,2783.989990,2783.989990,1768090000
2011-02-08,2782.409912,2797.050049,2776.350098,2797.050049,2797.050049,1803010000
2011-02-09,2791.129883,2798.909912,2780.889893,2789.070068,2789.070068,1930820000
2011-02-10,2764.760010,2791.429932,2762.340088,2790.449951,2790.449951,2497540000
2011-02-11,2783.159912,2810.560059,2778.209961,2809.439941,2809.439941,2066700000
2011-02-14,2810.189941,2819.870117,2808.270020,2817.179932,2817.179932,1964780000
2011-02-15,2809.020020,2813.129883,2798.830078,2804.350098,2804.350098,2006220000
2011-02-16,2815.090088,2828.189941,2811.520020,2825.560059,2825.560059,2276980000
2011-02-17,2816.120117,2835.199951,2815.080078,2831.580078,2831.580078,1939320000
2011-02-18,2833.350098,2840.510010,2823.649902,2833.949951,2833.949951,2109460000
2011-02-22,2795.439941,2808.179932,2752.750000,2756.419922,2756.419922,2262100000
2011-02-23,2755.199951,2761.699951,2705.540039,2722.989990,2722.989990,2479150000
2011-02-24,2726.590088,2745.290039,2707.800049,2737.899902,2737.899902,2065290000
2011-02-25,2752.159912,2781.120117,2751.810059,2781.050049,2781.050049,1867820000
2011-02-28,2791.280029,2798.429932,2767.610107,2782.270020,2782.270020,2009500000
2011-03-01,2791.080078,2791.229980,2730.719971,2737.409912,2737.409912,2212860000
2011-03-02,2735.050049,2763.949951,2734.080078,2748.070068,2748.070068,1986900000
2011-03-03,2774.479980,2802.320068,2774.479980,2798.739990,2798.739990,1990380000
2011-03-04,2797.639893,2798.070068,2768.120117,2784.669922,2784.669922,1897900000
2011-03-07,2793.189941,2794.820068,2724.510010,2745.629883,2745.629883,2189970000
2011-03-08,2745.229980,2775.409912,2729.850098,2765.770020,2765.770020,1835540000
2011-03-09,2756.340088,2761.770020,2737.679932,2751.719971,2751.719971,1996700000
2011-03-10,2719.290039,2721.209961,2695.080078,2701.020020,2701.020020,2363330000
2011-03-11,2689.649902,2724.610107,2689.409912,2715.610107,2715.610107,1851810000
2011-03-14,2695.659912,2715.219971,2682.090088,2700.969971,2700.969971,1782070000
2011-03-15,2619.399902,2680.570068,2618.500000,2667.330078,2667.330078,2359830000
2011-03-16,2652.919922,2669.270020,2603.500000,2616.820068,2616.820068,2596000000
2011-03-17,2656.080078,2660.500000,2634.169922,2636.050049,2636.050049,1994360000
2011-03-18,2665.540039,2665.560059,2639.760010,2643.669922,2643.669922,1986900000
2011-03-21,2675.469971,2699.699951,2674.989990,2692.090088,2692.090088,1751060000
2011-03-22,2692.129883,2695.459961,2679.409912,2683.870117,2683.870117,1657430000
2011-03-23,2677.560059,2704.300049,2660.169922,2698.300049,2698.300049,1769950000
2011-03-24,2715.879883,2740.389893,2703.419922,2736.419922,2736.419922,1954180000
2011-03-25,2746.340088,2762.550049,2740.169922,2743.060059,2743.060059,1857570000
2011-03-28,2752.330078,2754.629883,2730.679932,2730.679932,2730.679932,1669260000
2011-03-29,2727.830078,2756.889893,2720.189941,2756.889893,2756.889893,1631160000
2011-03-30,2772.360107,2779.949951,2763.770020,2776.790039,2776.790039,1818410000
2011-03-31,2774.229980,2783.979980,2769.520020,2781.070068,2781.070068,1896420000
2011-04-01,2796.669922,2802.629883,2779.709961,2789.600098,2789.600098,2090120000
2011-04-04,2796.260010,2799.729980,2778.870117,2789.189941,2789.189941,1705920000
2011-04-05,2787.780029,2806.199951,2785.270020,2791.189941,2791.189941,1954520000
2011-04-06,2808.110107,2815.550049,2786.800049,2799.820068,2799.820068,1996750000
2011-04-07,2799.590088,2813.219971,2781.129883,2796.139893,2796.139893,1806900000
2011-04-08,2806.290039,2808.560059,2771.419922,2780.419922,2780.419922,1650810000
2011-04-11,2789.489990,2792.949951,2760.840088,2771.510010,2771.510010,2053190000
2011-04-12,2755.889893,2760.620117,2737.070068,2744.790039,2744.790039,1818610000
2011-04-13,2762.689941,2772.050049,2744.850098,2761.520020,2761.520020,1744940000
2011-04-14,2743.120117,2762.179932,2733.679932,2760.219971,2760.219971,1717650000
2011-04-15,2752.870117,2769.290039,2743.750000,2764.649902,2764.649902,1785050000
2011-04-18,2731.219971,2737.459961,2706.500000,2735.379883,2735.379883,1786230000
2011-04-19,2741.350098,2746.179932,2727.120117,2744.969971,2744.969971,1675970000
2011-04-20,2788.840088,2802.989990,2785.979980,2802.510010,2802.510010,2094470000
2011-04-21,2820.770020,2820.770020,2808.550049,2820.159912,2820.159912,2094470000
2011-04-25,2820.280029,2826.260010,2813.199951,2825.879883,2825.879883,1480600000
2011-04-26,2832.479980,2856.610107,2829.000000,2847.540039,2847.540039,2057740000
2011-04-27,2853.879883,2870.800049,2842.610107,2869.879883,2869.879883,2071380000
2011-04-28,2862.820068,2874.590088,2859.620117,2872.530029,2872.530029,1983630000
2011-04-29,2869.739990,2876.830078,2863.040039,2873.540039,2873.540039,2455650000
2011-05-02,2881.280029,2887.750000,2859.840088,2864.080078,2864.080078,2062630000
2011-05-03,2859.300049,2861.949951,2825.500000,2841.620117,2841.620117,2214380000
2011-05-04,2842.919922,2848.159912,2808.790039,2828.229980,2828.229980,2209580000
2011-05-05,2812.840088,2845.850098,2804.820068,2814.719971,2814.719971,2227690000
2011-05-06,2840.709961,2859.250000,2818.649902,2827.560059,2827.560059,2043740000
2011-05-09,2828.239990,2850.389893,2823.669922,2843.250000,2843.250000,1649110000
2011-05-10,2851.909912,2873.639893,2850.010010,2871.889893,2871.889893,2018000000
2011-05-11,2867.159912,2874.610107,2829.679932,2845.060059,2845.060059,2258770000
2011-05-12,2833.669922,2865.860107,2819.370117,2863.040039,2863.040039,2209650000
2011-05-13,2859.699951,2861.510010,2827.510010,2828.469971,2828.469971,1917050000
2011-05-16,2815.899902,2828.139893,2779.540039,2782.310059,2782.310059,2066020000
2011-05-17,2769.169922,2783.610107,2759.290039,2783.209961,2783.209961,2220440000
2011-05-18,2782.649902,2817.149902,2780.830078,2815.000000,2815.000000,1875150000
2011-05-19,2824.050049,2828.409912,2805.120117,2823.310059,2823.310059,1753390000
2011-05-20,2815.959961,2821.439941,2796.270020,2803.320068,2803.320068,1780140000
2011-05-23,2761.959961,2770.510010,2750.639893,2758.899902,2758.899902,1795680000
2011-05-24,2766.699951,2767.500000,2744.010010,2746.159912,2746.159912,1875370000
2011-05-25,2739.989990,2771.379883,2739.850098,2761.379883,2761.379883,1894510000
2011-05-26,2756.310059,2787.330078,2756.060059,2782.919922,2782.919922,1904400000
2011-05-27,2789.020020,2801.149902,2788.290039,2796.860107,2796.860107,1641320000
2011-05-31,2824.250000,2835.340088,2808.600098,2835.300049,2835.300049,2450090000
2011-06-01,2829.389893,2834.050049,2767.629883,2769.189941,2769.189941,2254850000
2011-06-02,2773.760010,2784.570068,2759.169922,2773.310059,2773.310059,1919030000
2011-06-03,2740.489990,2762.560059,2730.629883,2732.780029,2732.780029,1936400000
2011-06-06,2728.310059,2736.659912,2702.199951,2702.560059,2702.560059,1878150000
2011-06-07,2712.790039,2723.320068,2701.169922,2701.560059,2701.560059,1847300000
2011-06-08,2693.689941,2698.080078,2671.090088,2675.379883,2675.379883,2089320000
2011-06-09,2678.520020,2696.689941,2670.020020,2684.870117,2684.870117,1704960000
2011-06-10,2675.100098,2676.719971,2641.639893,2643.729980,2643.729980,1972000000
2011-06-13,2649.300049,2657.770020,2629.610107,2639.689941,2639.689941,1847050000
2011-06-14,2662.729980,2685.649902,2662.729980,2678.719971,2678.719971,1701300000
2011-06-15,2653.169922,2669.750000,2625.860107,2631.459961,2631.459961,1982430000
2011-06-16,2631.979980,2642.649902,2599.860107,2623.699951,2623.699951,1958250000
2011-06-17,2646.290039,2648.540039,2608.989990,2616.479980,2616.479980,2393690000
2011-06-20,2608.050049,2636.550049,2607.739990,2629.659912,2629.659912,1625850000
2011-06-21,2640.330078,2688.500000,2634.040039,2687.260010,2687.260010,1882490000
2011-06-22,2677.179932,2693.229980,2668.350098,2669.189941,2669.189941,1617370000
2011-06-23,2638.600098,2688.070068,2627.469971,2686.750000,2686.750000,2060450000
2011-06-24,2681.100098,2682.409912,2647.459961,2652.889893,2652.889893,2842870000
2011-06-27,2653.070068,2697.340088,2647.550049,2688.280029,2688.280029,1710740000
2011-06-28,2694.260010,2729.939941,2692.449951,2729.310059,2729.310059,1682590000
2011-06-29,2736.760010,2746.620117,2722.260010,2740.489990,2740.489990,1804490000
2011-06-30,2749.370117,2776.560059,2749.110107,2773.520020,2773.520020,1859130000
2011-07-01,2775.080078,2818.189941,2769.060059,2816.030029,2816.030029,1646380000
2011-07-05,2817.870117,2828.530029,2810.000000,2825.770020,2825.770020,1556620000
2011-07-06,2821.419922,2838.850098,2812.800049,2834.020020,2834.020020,1639490000
2011-07-07,2856.250000,2878.939941,2853.899902,2872.659912,2872.659912,1873710000
2011-07-08,2841.290039,2860.020020,2831.159912,2859.810059,2859.810059,1612120000
2011-07-11,2828.100098,2841.120117,2795.540039,2802.620117,2802.620117,1765920000
2011-07-12,2798.750000,2807.570068,2780.159912,2781.909912,2781.909912,2015410000
2011-07-13,2800.879883,2825.860107,2789.570068,2796.919922,2796.919922,1885510000
2011-07-14,2804.820068,2817.379883,2755.899902,2762.669922,2762.669922,1946500000
2011-07-15,2787.330078,2790.159912,2768.280029,2789.800049,2789.800049,1804380000
2011-07-18,2777.610107,2783.760010,2743.790039,2765.110107,2765.110107,1752220000
2011-07-19,2790.979980,2828.649902,2790.979980,2826.520020,2826.520020,1882760000
2011-07-20,2839.389893,2839.649902,2808.179932,2814.229980,2814.229980,1863670000
2011-07-21,2818.790039,2847.409912,2807.709961,2834.429932,2834.429932,2284150000
2011-07-22,2834.459961,2862.719971,2830.580078,2858.830078,2858.830078,1665220000
2011-07-25,2832.110107,2859.399902,2828.909912,2842.800049,2842.800049,1613240000
2011-07-26,2842.739990,2851.719971,2832.270020,2839.959961,2839.959961,1739980000
2011-07-27,2823.620117,2823.860107,2761.000000,2764.790039,2764.790039,2367470000
2011-07-28,2765.610107,2800.110107,2757.850098,2766.250000,2766.250000,2067020000
2011-07-29,2736.669922,2780.580078,2724.989990,2756.379883,2756.379883,2301210000
2011-08-01,2791.449951,2796.239990,2716.300049,2744.610107,2744.610107,2209790000
2011-08-02,2728.290039,2745.870117,2668.679932,2669.239990,2669.239990,2377250000
2011-08-03,2673.969971,2695.370117,2621.669922,2693.070068,2693.070068,2601310000
2011-08-04,2648.379883,2653.790039,2556.379883,2556.389893,2556.389893,3272990000
2011-08-05,2580.300049,2592.040039,2464.870117,2532.409912,2532.409912,3750150000
2011-08-08,2447.300049,2489.389893,2357.689941,2357.689941,2357.689941,3987990000
2011-08-09,2402.129883,2483.659912,2331.649902,2482.520020,2482.520020,3803050000
2011-08-10,2425.550049,2461.280029,2378.080078,2381.050049,2381.050049,3397010000
2011-08-11,2415.540039,2516.389893,2399.560059,2492.679932,2492.679932,3134140000
2011-08-12,2507.010010,2524.090088,2481.500000,2507.979980,2507.979980,2232470000
2011-08-15,2522.040039,2555.199951,2514.520020,2555.199951,2555.199951,1945850000
2011-08-16,2526.479980,2546.739990,2494.550049,2523.449951,2523.449951,2074370000
2011-08-17,2527.790039,2549.110107,2488.090088,2511.479980,2511.479980,1913320000
2011-08-18,2436.379883,2437.010010,2362.969971,2380.429932,2380.429932,2775580000
2011-08-19,2353.320068,2415.179932,2338.659912,2341.840088,2341.840088,2385300000
2011-08-22,2396.879883,2397.340088,2337.280029,2345.379883,2345.379883,1957230000
2011-08-23,2360.949951,2446.060059,2349.080078,2446.060059,2446.060059,2147270000
2011-08-24,2437.479980,2470.800049,2420.479980,2467.689941,2467.689941,1888640000
2011-08-25,2470.959961,2482.899902,2415.239990,2419.629883,2419.629883,1789230000
2011-08-26,2408.790039,2486.040039,2385.270020,2479.850098,2479.850098,1852130000
2011-08-29,2510.989990,2562.580078,2510.129883,2562.110107,2562.110107,1615510000
2011-08-30,2547.070068,2589.530029,2534.679932,2576.110107,2576.110107,1871800000
2011-08-31,2589.750000,2611.580078,2557.739990,2579.459961,2579.459961,1995490000
2011-09-01,2583.340088,2604.500000,2543.560059,2546.040039,2546.040039,1742440000
2011-09-02,2497.280029,2512.780029,2469.350098,2480.330078,2480.330078,1571530000
2011-09-06,2417.610107,2477.770020,2414.310059,2473.830078,2473.830078,1737170000
2011-09-07,2511.500000,2548.939941,2507.520020,2548.939941,2548.939941,1791480000
2011-09-08,2533.810059,2568.449951,2520.800049,2529.139893,2529.139893,1979990000
2011-09-09,2508.120117,2518.399902,2452.929932,2467.989990,2467.989990,2054190000
2011-09-12,2442.860107,2495.360107,2438.399902,2495.090088,2495.090088,1980350000
2011-09-13,2502.590088,2537.399902,2494.070068,2532.149902,2532.149902,1931390000
2011-09-14,2548.449951,2600.780029,2519.800049,2572.550049,2572.550049,2323770000
2011-09-15,2595.449951,2608.949951,2569.780029,2607.070068,2607.070068,1967730000
2011-09-16,2607.120117,2627.280029,2600.959961,2622.310059,2622.310059,2703730000
2011-09-19,2584.350098,2627.340088,2564.459961,2612.830078,2612.830078,1891770000
2011-09-20,2623.889893,2643.370117,2589.520020,2590.239990,2590.239990,1914990000
2011-09-21,2601.060059,2613.290039,2537.459961,2538.189941,2538.189941,2172030000
2011-09-22,2466.060059,2494.310059,2420.229980,2455.669922,2455.669922,2919330000
2011-09-23,2438.629883,2490.719971,2438.280029,2483.229980,2483.229980,1975200000
2011-09-26,2496.979980,2518.909912,2446.120117,2516.689941,2516.689941,1982710000
2011-09-27,2560.780029,2590.939941,2532.649902,2546.830078,2546.830078,2095620000
2011-09-28,2557.860107,2569.790039,2491.070068,2491.580078,2491.580078,1929310000
2011-09-29,2535.520020,2538.969971,2433.580078,2480.760010,2480.760010,2290370000
2011-09-30,2444.770020,2468.979980,2415.070068,2415.399902,2415.399902,2041370000
2011-10-03,2401.189941,2430.879883,2335.229980,2335.830078,2335.830078,2547690000
2011-10-04,2312.679932,2406.669922,2298.889893,2404.820068,2404.820068,3040940000
2011-10-05,2398.370117,2466.500000,2380.959961,2460.510010,2460.510010,2472400000
2011-10-06,2459.050049,2507.439941,2446.719971,2506.820068,2506.820068,2249140000
2011-10-07,2509.610107,2512.139893,2468.600098,2479.350098,2479.350098,2084900000
2011-10-10,2522.719971,2566.050049,2519.780029,2566.050049,2566.050049,1574750000
2011-10-11,2554.699951,2587.280029,2551.939941,2583.030029,2583.030029,1661400000
2011-10-12,2606.610107,2629.489990,2602.310059,2604.729980,2604.729980,1967190000
2011-10-13,2595.050049,2625.219971,2588.709961,2620.239990,2620.239990,1675220000
2011-10-14,2655.229980,2667.850098,2636.000000,2667.850098,2667.850098,1664350000
2011-10-17,2653.320068,2658.250000,2606.909912,2614.919922,2614.919922,1675210000
2011-10-18,2614.050049,2667.570068,2586.310059,2657.429932,2657.429932,1931690000
2011-10-19,2642.889893,2651.879883,2597.770020,2604.040039,2604.040039,1980180000
2011-10-20,2605.419922,2606.389893,2557.169922,2598.620117,2598.620117,2040180000
2011-10-21,2630.300049,2646.919922,2611.110107,2637.459961,2637.459961,2019950000
2011-10-24,2644.830078,2703.070068,2643.939941,2699.439941,2699.439941,1884450000
2011-10-25,2685.860107,2685.879883,2633.939941,2638.419922,2638.419922,1777770000
2011-10-26,2660.419922,2666.290039,2598.739990,2650.669922,2650.669922,2118650000
2011-10-27,2720.590088,2753.370117,2694.270020,2738.629883,2738.629883,2810680000
2011-10-28,2724.030029,2742.270020,2723.030029,2737.149902,2737.149902,1838530000
2011-10-31,2705.889893,2716.699951,2684.129883,2684.409912,2684.409912,1772560000
2011-11-01,2607.310059,2638.600098,2597.159912,2606.959961,2606.959961,2294220000
2011-11-02,2637.560059,2648.459961,2613.739990,2639.979980,2639.979980,1921790000
2011-11-03,2666.209961,2699.840088,2628.219971,2697.969971,2697.969971,2106240000
2011-11-04,2678.159912,2693.669922,2655.120117,2686.149902,2686.149902,1930750000
2011-11-07,2683.379883,2697.020020,2649.060059,2695.250000,2695.250000,1712700000
2011-11-08,2712.080078,2730.389893,2680.929932,2727.489990,2727.489990,1850270000
2011-11-09,2662.560059,2672.340088,2617.929932,2621.649902,2621.649902,2144160000
2011-11-10,2652.010010,2652.399902,2601.790039,2625.149902,2625.149902,1892390000
2011-11-11,2653.530029,2684.669922,2649.850098,2678.750000,2678.750000,1602640000
2011-11-14,2671.110107,2682.129883,2647.479980,2657.219971,2657.219971,1401710000
2011-11-15,2647.909912,2695.870117,2644.000000,2686.199951,2686.199951,1706960000
2011-11-16,2661.090088,2688.860107,2637.909912,2639.610107,2639.610107,1950030000
2011-11-17,2637.370117,2637.479980,2576.219971,2587.989990,2587.989990,2197320000
2011-11-18,2595.020020,2595.840088,2567.149902,2572.500000,2572.500000,1755360000
2011-11-21,2535.340088,2539.870117,2500.889893,2523.139893,2523.139893,2048520000
2011-11-22,2517.639893,2534.399902,2499.189941,2521.280029,2521.280029,1792060000
2011-11-23,2501.179932,2503.379883,2460.080078,2460.080078,2460.080078,1707770000
2011-11-25,2453.030029,2477.030029,2441.479980,2441.510010,2441.510010,691750000
2011-11-28,2509.629883,2531.320068,2507.719971,2527.340088,2527.340088,1626060000
2011-11-29,2529.110107,2542.459961,2508.270020,2515.510010,2515.510010,1623550000
2011-11-30,2586.389893,2620.340088,2582.489990,2620.340088,2620.340088,2440960000
2011-12-01,2615.669922,2636.080078,2611.479980,2626.199951,2626.199951,1826860000
2011-12-02,2650.800049,2659.229980,2625.070068,2626.929932,2626.929932,1662730000
2011-12-05,2666.469971,2674.530029,2641.590088,2655.760010,2655.760010,1686660000
2011-12-06,2655.020020,2663.629883,2639.179932,2649.560059,2649.560059,1491130000
2011-12-07,2638.610107,2660.239990,2612.800049,2649.209961,2649.209961,1658010000
2011-12-08,2633.300049,2645.919922,2592.550049,2596.379883,2596.379883,1845640000
2011-12-09,2603.179932,2653.459961,2603.179932,2646.850098,2646.850098,1664710000
2011-12-12,2617.320068,2617.320068,2591.419922,2612.260010,2612.260010,1572600000
2011-12-13,2629.669922,2639.739990,2568.439941,2579.270020,2579.270020,1752320000
2011-12-14,2566.209961,2568.439941,2525.879883,2539.310059,2539.310059,1793960000
2011-12-15,2565.929932,2565.939941,2536.580078,2541.010010,2541.010010,1748400000
2011-12-16,2554.620117,2585.419922,2548.000000,2555.330078,2555.330078,2664690000
2011-12-19,2564.070068,2570.649902,2518.010010,2523.139893,2523.139893,1560110000
2011-12-20,2567.250000,2604.520020,2566.870117,2603.729980,2603.729980,1835720000
2011-12-21,2589.770020,2590.610107,2544.659912,2577.969971,2577.969971,1853710000
2011-12-22,2584.330078,2601.989990,2581.919922,2599.449951,2599.449951,1515610000
2011-12-23,2607.429932,2618.840088,2599.889893,2618.639893,2618.639893,960940000
2011-12-27,2613.510010,2633.340088,2610.770020,2625.199951,2625.199951,945590000
2011-12-28,2626.189941,2626.340088,2586.850098,2589.979980,2589.979980,1069930000
2011-12-29,2596.330078,2614.870117,2593.040039,2613.739990,2613.739990,1011380000
2011-12-30,2610.229980,2616.459961,2604.600098,2605.149902,2605.149902,1056790000
2012-01-03,2657.389893,2665.899902,2641.979980,2648.719971,2648.719971,1636850000
2012-01-04,2639.899902,2653.179932,2627.229980,2648.360107,2648.360107,1670530000
2012-01-05,2642.570068,2673.560059,2631.229980,2669.860107,2669.860107,1836410000
2012-01-06,2671.169922,2682.120117,2658.830078,2674.219971,2674.219971,1683090000
2012-01-09,2682.979980,2683.780029,2662.959961,2676.560059,2676.560059,1768080000
2012-01-10,2704.419922,2712.500000,2694.330078,2702.500000,2702.500000,1809500000
2012-01-11,2695.770020,2714.290039,2690.729980,2710.760010,2710.760010,1699660000
2012-01-12,2716.870117,2726.429932,2697.320068,2724.699951,2724.699951,1669550000
2012-01-13,2707.409912,2712.929932,2689.580078,2710.669922,2710.669922,1655960000
2012-01-17,2736.340088,2742.729980,2721.030029,2728.080078,2728.080078,1664210000
2012-01-18,2731.159912,2769.709961,2730.050049,2769.709961,2769.709961,1968940000
2012-01-19,2779.739990,2793.350098,2777.169922,2788.330078,2788.330078,1959950000
2012-01-20,2776.040039,2787.199951,2775.870117,2786.699951,2786.699951,1949660000
2012-01-23,2786.209961,2804.989990,2769.820068,2784.169922,2784.169922,1652940000
2012-01-24,2771.580078,2788.379883,2766.340088,2786.639893,2786.639893,1620690000
2012-01-25,2803.229980,2822.790039,2788.949951,2818.310059,2818.310059,1918040000
2012-01-26,2828.780029,2834.300049,2794.780029,2805.280029,2805.280029,1998970000
2012-01-27,2797.659912,2821.550049,2797.239990,2816.550049,2816.550049,1707350000
2012-01-30,2790.399902,2816.850098,2782.439941,2811.939941,2811.939941,1668970000
2012-01-31,2825.760010,2830.449951,2798.770020,2813.840088,2813.840088,1786550000
2012-02-01,2830.100098,2855.729980,2825.189941,2848.270020,2848.270020,2125720000
2012-02-02,2854.100098,2868.229980,2849.399902,2859.679932,2859.679932,1913430000
2012-02-03,2888.949951,2908.129883,2885.840088,2905.659912,2905.659912,2152890000
2012-02-06,2892.520020,2903.030029,2887.330078,2901.989990,2901.989990,1684490000
2012-02-07,2895.909912,2910.270020,2885.169922,2904.080078,2904.080078,1784580000
2012-02-08,2906.590088,2918.260010,2892.709961,2915.860107,2915.860107,1981150000
2012-02-09,2922.459961,2930.679932,2904.510010,2927.229980,2927.229980,2153090000
2012-02-10,2902.000000,2910.979980,2895.100098,2903.879883,2903.879883,1787640000
2012-02-13,2926.209961,2933.929932,2913.889893,2931.389893,2931.389893,1619980000
2012-02-14,2921.699951,2932.080078,2911.600098,2931.830078,2931.830078,1881630000
2012-02-15,2943.419922,2958.189941,2911.330078,2915.830078,2915.830078,2038980000
2012-02-16,2915.669922,2961.379883,2912.719971,2959.850098,2959.850098,1945230000
2012-02-17,2958.219971,2962.780029,2941.550049,2951.780029,2951.780029,1973900000
2012-02-21,2957.300049,2965.050049,2934.070068,2948.570068,2948.570068,1821540000
2012-02-22,2942.770020,2950.370117,2929.679932,2933.169922,2933.169922,1706310000
2012-02-23,2933.159912,2958.419922,2922.959961,2956.979980,2956.979980,1768390000
2012-02-24,2963.129883,2970.879883,2958.820068,2963.750000,2963.750000,1643180000
2012-02-27,2945.870117,2976.080078,2933.300049,2966.159912,2966.159912,1763650000
2012-02-28,2969.250000,2988.590088,2966.610107,2986.760010,2986.760010,1812490000
2012-02-29,2991.669922,3000.110107,2961.770020,2966.889893,2966.889893,2170190000
2012-03-01,2979.110107,2996.370117,2974.590088,2988.969971,2988.969971,1903690000
2012-03-02,2986.080078,2995.969971,2968.000000,2976.189941,2976.189941,1755130000
2012-03-05,2969.729980,2973.929932,2940.520020,2950.479980,2950.479980,1679030000
2012-03-06,2917.520020,2921.770020,2900.280029,2910.320068,2910.320068,1870720000
2012-03-07,2922.570068,2940.280029,2920.540039,2935.689941,2935.689941,1589360000
2012-03-08,2954.399902,2976.050049,2945.729980,2970.419922,2970.419922,1619740000
2012-03-09,2975.090088,2993.979980,2973.959961,2988.340088,2988.340088,1580560000
2012-03-12,2989.050049,2994.100098,2973.649902,2983.659912,2983.659912,1341660000
2012-03-13,3003.709961,3039.889893,2996.459961,3039.879883,3039.879883,1709900000
2012-03-14,3042.209961,3051.370117,3024.729980,3040.729980,3040.729980,1662300000
2012-03-15,3048.580078,3059.810059,3037.820068,3056.370117,3056.370117,1677540000
2012-03-16,3058.489990,3060.820068,3047.689941,3055.260010,3055.260010,2088610000
2012-03-19,3057.239990,3087.100098,3050.889893,3078.320068,3078.320068,1548400000
2012-03-20,3060.929932,3078.719971,3050.820068,3074.149902,3074.149902,1508580000
2012-03-21,3077.439941,3090.080078,3069.090088,3075.320068,3075.320068,1552400000
2012-03-22,3055.000000,3068.500000,3050.699951,3063.320068,3063.320068,1524800000
2012-03-23,3066.370117,3070.929932,3044.669922,3067.919922,3067.919922,1428940000
2012-03-26,3090.520020,3122.570068,3090.050049,3122.570068,3122.570068,1627520000
2012-03-27,3124.060059,3134.169922,3119.030029,3120.350098,3120.350098,1662460000
2012-03-28,3123.840088,3130.560059,3086.929932,3104.959961,3104.959961,1765680000
2012-03-29,3087.250000,3099.800049,3069.810059,3095.360107,3095.360107,1756160000
2012-03-30,3110.969971,3111.550049,3079.050049,3091.570068,3091.570068,1833130000
2012-04-02,3085.939941,3123.030029,3079.780029,3119.699951,3119.699951,1768210000
2012-04-03,3119.649902,3128.250000,3097.409912,3113.570068,3113.570068,1804950000
2012-04-04,3085.459961,3086.350098,3052.580078,3068.090088,3068.090088,1813150000
2012-04-05,3061.750000,3083.379883,3061.139893,3080.500000,3080.500000,1548040000
2012-04-09,3037.280029,3058.760010,3032.219971,3047.080078,3047.080078,1371140000
2012-04-10,3044.669922,3055.199951,2987.000000,2991.219971,2991.219971,1953600000
2012-04-11,3020.149902,3030.510010,3008.750000,3016.459961,3016.459961,1540890000
2012-04-12,3023.110107,3059.260010,3020.439941,3055.550049,3055.550049,1480340000
2012-04-13,3045.080078,3045.419922,3010.770020,3011.330078,3011.330078,1483850000
2012-04-16,3027.570068,3027.570068,2975.870117,2988.399902,2988.399902,1594320000
2012-04-17,3002.020020,3052.760010,2999.489990,3042.820068,3042.820068,1555070000
2012-04-18,3031.820068,3045.040039,3023.909912,3031.449951,3031.449951,1599470000
2012-04-19,3028.199951,3058.719971,2994.939941,3007.560059,3007.560059,1991120000
2012-04-20,3023.729980,3034.689941,2999.010010,3000.449951,3000.449951,1935880000
2012-04-23,2969.000000,2973.379883,2946.040039,2970.449951,2970.449951,1767360000
2012-04-24,2967.370117,2979.080078,2950.379883,2961.600098,2961.600098,1690840000
2012-04-25,3013.649902,3031.409912,3010.570068,3029.629883,3029.629883,1721330000
2012-04-26,3029.620117,3056.770020,3027.790039,3050.610107,3050.610107,1763510000
2012-04-27,3060.340088,3076.439941,3043.300049,3069.199951,3069.199951,1777750000
2012-04-30,3060.060059,3063.659912,3043.250000,3046.360107,3046.360107,1633170000
2012-05-01,3044.790039,3085.399902,3041.620117,3050.439941,3050.439941,1854230000
2012-05-02,3035.070068,3061.469971,3028.939941,3059.850098,3059.850098,1825190000
2012-05-03,3061.129883,3061.379883,3016.199951,3024.300049,3024.300049,1869130000
2012-05-04,3001.149902,3001.479980,2956.340088,2956.340088,2956.340088,1944010000
2012-05-07,2940.409912,2970.199951,2939.209961,2957.760010,2957.760010,1740430000
2012-05-08,2939.360107,2952.649902,2900.060059,2946.270020,2946.270020,2175840000
2012-05-09,2912.409912,2948.770020,2900.179932,2934.709961,2934.709961,2047090000
2012-05-10,2950.209961,2950.209961,2923.139893,2933.639893,2933.639893,2004150000
2012-05-11,2919.350098,2960.379883,2918.739990,2933.820068,2933.820068,1735380000
2012-05-14,2907.780029,2924.889893,2898.899902,2902.580078,2902.580078,1683460000
2012-05-15,2902.300049,2930.679932,2889.389893,2893.760010,2893.760010,1826210000
2012-05-16,2904.669922,2913.899902,2872.250000,2874.040039,2874.040039,1933900000
2012-05-17,2874.709961,2879.219971,2813.689941,2813.689941,2813.689941,2016980000
2012-05-18,2814.429932,2827.280029,2774.449951,2778.790039,2778.790039,2692450000
2012-05-21,2782.550049,2848.830078,2774.760010,2847.209961,2847.209961,1870420000
2012-05-22,2853.870117,2867.340088,2823.219971,2839.080078,2839.080078,1861850000
2012-05-23,2832.169922,2855.350098,2795.500000,2850.120117,2850.120117,1929640000
2012-05-24,2856.550049,2858.239990,2817.620117,2839.379883,2839.379883,1750290000
2012-05-25,2839.739990,2846.310059,2829.760010,2837.530029,2837.530029,1282680000
2012-05-29,2853.270020,2882.830078,2846.679932,2870.989990,2870.989990,221430000
2012-05-30,2847.270020,2847.270020,2825.639893,2837.360107,2837.360107,1671040000
2012-05-31,2837.370117,2842.429932,2801.959961,2827.340088,2827.340088,2180130000
2012-06-01,2810.129883,2810.129883,2747.239990,2747.479980,2747.479980,1966370000
2012-06-04,2747.610107,2769.929932,2726.679932,2760.010010,2760.010010,1755750000
2012-06-05,2749.350098,2781.969971,2749.340088,2778.110107,2778.110107,1625600000
2012-06-06,2796.229980,2844.719971,2796.229980,2844.719971,2844.719971,1761050000
2012-06-07,2872.050049,2873.590088,2827.820068,2831.020020,2831.020020,1655370000
2012-06-08,2823.820068,2860.939941,2814.800049,2858.419922,2858.419922,1390260000
2012-06-11,2882.489990,2882.959961,2806.899902,2809.729980,2809.729980,1480220000
2012-06-12,2815.840088,2843.669922,2802.379883,2843.070068,2843.070068,1594310000
2012-06-13,2838.120117,2853.169922,2810.590088,2818.610107,2818.610107,1602080000
2012-06-14,2820.629883,2842.310059,2807.550049,2836.330078,2836.330078,1633370000
2012-06-15,2839.399902,2874.379883,2837.939941,2872.800049,2872.800049,2020100000
2012-06-18,2872.489990,2903.030029,2853.860107,2895.330078,2895.330078,1586190000
2012-06-19,2909.870117,2940.229980,2908.449951,2929.760010,2929.760010,1835480000
2012-06-20,2932.959961,2942.280029,2910.000000,2930.449951,2930.449951,1563080000
2012-06-21,2929.149902,2930.929932,2857.100098,2859.090088,2859.090088,1822200000
2012-06-22,2866.169922,2894.350098,2863.929932,2892.419922,2892.419922,3544010000
2012-06-25,2863.889893,2863.889893,2829.229980,2836.159912,2836.159912,1514430000
2012-06-26,2845.399902,2862.149902,2832.020020,2854.060059,2854.060059,1623160000
2012-06-27,2862.129883,2882.399902,2860.129883,2875.320068,2875.320068,1668580000
2012-06-28,2853.889893,2855.739990,2818.189941,2849.489990,2849.489990,1795850000
2012-06-29,2902.439941,2935.129883,2895.600098,2935.050049,2935.050049,2021190000
2012-07-02,2938.409912,2951.229980,2925.709961,2951.229980,2951.229980,1845240000
2012-07-03,2950.810059,2976.080078,2948.399902,2976.080078,2976.080078,1009330000
2012-07-05,2970.370117,2987.939941,2958.300049,2976.120117,2976.120117,1423990000
2012-07-06,2955.199951,2957.500000,2921.370117,2937.330078,2937.330078,1437420000
2012-07-09,2934.489990,2942.989990,2919.040039,2931.770020,2931.770020,1455500000
2012-07-10,2945.350098,2953.469971,2891.419922,2902.330078,2902.330078,1725730000
2012-07-11,2898.770020,2905.510010,2866.530029,2887.979980,2887.979980,1635120000
2012-07-12,2867.080078,2876.320068,2837.719971,2866.189941,2866.189941,1719460000
2012-07-13,2874.060059,2913.280029,2873.389893,2908.469971,2908.469971,1373620000
2012-07-16,2903.030029,2910.199951,2888.010010,2896.939941,2896.939941,1414470000
2012-07-17,2911.459961,2916.610107,2871.649902,2910.040039,2910.040039,1774160000
2012-07-18,2904.239990,2951.300049,2902.949951,2942.600098,2942.600098,1817040000
2012-07-19,2961.709961,2976.219971,2952.419922,2965.899902,2965.899902,1735920000
2012-07-20,2957.020020,2957.020020,2925.300049,2925.300049,2925.300049,1810420000
2012-07-23,2877.510010,2898.050049,2852.879883,2890.149902,2890.149902,1607140000
2012-07-24,2894.949951,2896.560059,2847.219971,2862.989990,2862.989990,1748410000
2012-07-25,2856.780029,2870.219971,2839.760010,2854.239990,2854.239990,1784150000
2012-07-26,2896.679932,2905.570068,2876.010010,2893.250000,2893.250000,1981520000
2012-07-27,2906.500000,2961.870117,2900.979980,2958.090088,2958.090088,2102610000
2012-07-30,2959.070068,2970.300049,2939.040039,2945.840088,2945.840088,1483990000
2012-07-31,2945.080078,2959.620117,2938.409912,2939.520020,2939.520020,1801440000
2012-08-01,2956.719971,2958.280029,2917.780029,2920.209961,2920.209961,1722530000
2012-08-02,2900.459961,2934.649902,2890.850098,2909.770020,2909.770020,1822620000
2012-08-03,2951.280029,2977.409912,2945.810059,2967.899902,2967.899902,1730210000
2012-08-06,2978.159912,3000.239990,2974.229980,2989.909912,2989.909912,1528260000
2012-08-07,3002.659912,3028.610107,3002.090088,3015.860107,3015.860107,1899240000
2012-08-08,3003.770020,3018.899902,3002.409912,3011.250000,3011.250000,1874580000
2012-08-09,3009.860107,3022.689941,3007.300049,3018.639893,3018.639893,1677970000
2012-08-10,3008.830078,3020.860107,3003.379883,3020.860107,3020.860107,1556460000
2012-08-13,3018.270020,3023.030029,2999.120117,3022.520020,3022.520020,1353380000
2012-08-14,3032.669922,3034.159912,3009.929932,3016.979980,3016.979980,1567830000
2012-08-15,3013.330078,3032.060059,3013.330078,3030.929932,3030.929932,1536730000
2012-08-16,3037.179932,3067.439941,3033.280029,3062.389893,3062.389893,1937430000
2012-08-17,3067.110107,3076.719971,3060.149902,3076.590088,3076.590088,1640640000
2012-08-20,3072.659912,3076.209961,3059.899902,3076.209961,3076.209961,1451550000
2012-08-21,3085.250000,3100.540039,3058.739990,3067.260010,3067.260010,1574220000
2012-08-22,3059.939941,3080.729980,3053.429932,3073.669922,3073.669922,1459130000
2012-08-23,3065.820068,3070.340088,3045.520020,3053.399902,3053.399902,1383860000
2012-08-24,3045.219971,3076.800049,3042.219971,3069.790039,3069.790039,1349740000
2012-08-27,3083.620117,3085.810059,3068.129883,3073.189941,3073.189941,1383530000
2012-08-28,3069.399902,3083.189941,3063.649902,3077.139893,3077.139893,1364740000
2012-08-29,3078.050049,3087.239990,3067.620117,3081.189941,3081.189941,1282900000
2012-08-30,3066.729980,3067.540039,3045.919922,3048.709961,3048.709961,1216640000
2012-08-31,3069.639893,3078.520020,3040.590088,3066.959961,3066.959961,1394760000
2012-09-04,3063.250000,3082.260010,3040.239990,3075.060059,3075.060059,1505960000
2012-09-05,3072.580078,3082.750000,3062.540039,3069.270020,3069.270020,1495030000
2012-09-06,3087.939941,3135.810059,3087.669922,3135.810059,3135.810059,1918900000
2012-09-07,3133.219971,3139.610107,3128.169922,3136.419922,3136.419922,1740640000
2012-09-10,3131.340088,3133.889893,3102.760010,3104.020020,3104.020020,1575370000
2012-09-11,3105.020020,3117.860107,3099.100098,3104.530029,3104.530029,1586250000
2012-09-12,3115.330078,3120.120117,3098.820068,3114.310059,3114.310059,1689140000
2012-09-13,3117.659912,3167.629883,3112.620117,3155.830078,3155.830078,1870050000
2012-09-14,3166.239990,3195.669922,3164.260010,3183.949951,3183.949951,1984720000
2012-09-17,3183.399902,3183.399902,3168.629883,3178.669922,3178.669922,1485390000
2012-09-18,3173.620117,3179.370117,3169.409912,3177.800049,3177.800049,1707200000
2012-09-19,3179.040039,3189.350098,3170.290039,3182.620117,3182.620117,1850920000
2012-09-20,3166.840088,3178.449951,3156.459961,3175.959961,3175.959961,1809130000
2012-09-21,3194.860107,3196.929932,3178.090088,3179.959961,3179.959961,2526250000
2012-09-24,3155.350098,3167.739990,3150.709961,3160.780029,3160.780029,1704860000
2012-09-25,3170.370117,3176.300049,3117.729980,3117.729980,3117.729980,1975470000
2012-09-26,3113.399902,3114.540039,3080.280029,3093.699951,3093.699951,1738010000
2012-09-27,3105.870117,3142.020020,3098.459961,3136.600098,3136.600098,1691800000
2012-09-28,3125.310059,3132.510010,3109.909912,3116.229980,3116.229980,1864640000
2012-10-01,3130.310059,3146.989990,3103.889893,3113.530029,3113.530029,1758170000
2012-10-02,3127.729980,3131.639893,3101.639893,3120.040039,3120.040039,1609570000
2012-10-03,3130.850098,3142.360107,3115.040039,3135.229980,3135.229980,1704050000
2012-10-04,3142.379883,3153.479980,3132.560059,3149.459961,3149.459961,1585190000
2012-10-05,3161.209961,3171.459961,3130.760010,3136.189941,3136.189941,1607940000
2012-10-08,3121.330078,3125.489990,3107.570068,3112.350098,3112.350098,1186260000
2012-10-09,3108.010010,3108.010010,3062.520020,3065.020020,3065.020020,1645740000
2012-10-10,3066.250000,3071.570068,3046.780029,3051.780029,3051.780029,1788970000
2012-10-11,3075.889893,3078.080078,3047.139893,3049.409912,3049.409912,1595020000
2012-10-12,3049.080078,3061.770020,3039.580078,3044.110107,3044.110107,1524840000
2012-10-15,3053.209961,3066.310059,3037.270020,3064.179932,3064.179932,1563440000
2012-10-16,3073.209961,3102.969971,3070.250000,3101.169922,3101.169922,1736930000
2012-10-17,3091.379883,3112.449951,3088.050049,3104.120117,3104.120117,1770920000
2012-10-18,3097.770020,3102.560059,3065.239990,3072.870117,3072.870117,2043290000
2012-10-19,3066.560059,3066.560059,3000.270020,3005.620117,3005.620117,2225580000
2012-10-22,3005.919922,3020.610107,2995.780029,3016.959961,3016.959961,1654130000
2012-10-23,2989.439941,3006.590088,2974.070068,2990.459961,2990.459961,1830840000
2012-10-24,3011.820068,3012.949951,2978.729980,2981.699951,2981.699951,1967000000
2012-10-25,3005.040039,3007.709961,2975.979980,2986.120117,2986.120117,1922660000
2012-10-26,2986.050049,2999.139893,2961.159912,2987.949951,2987.949951,1839700000
2012-10-31,2986.850098,2989.699951,2964.939941,2977.229980,2977.229980,1806780000
2012-11-01,2987.540039,3021.939941,2984.219971,3020.060059,3020.060059,1880140000
2012-11-02,3033.850098,3033.850098,2981.689941,2982.129883,2982.129883,1834590000
2012-11-05,2983.030029,3004.870117,2975.850098,2999.659912,2999.659912,1496210000
2012-11-06,3003.709961,3024.439941,2998.929932,3011.929932,3011.929932,1782430000
2012-11-07,2976.459961,2977.810059,2926.790039,2937.290039,2937.290039,2059690000
2012-11-08,2942.090088,2949.699951,2895.580078,2895.580078,2895.580078,1876420000
2012-11-09,2892.570068,2931.110107,2889.810059,2904.870117,2904.870117,1802580000
2012-11-12,2916.379883,2920.010010,2896.550049,2904.250000,2904.250000,1379240000
2012-11-13,2880.770020,2909.000000,2877.060059,2883.889893,2883.889893,1816260000
2012-11-14,2896.810059,2900.100098,2842.860107,2846.810059,2846.810059,2106590000
2012-11-15,2847.840088,2855.639893,2826.750000,2836.939941,2836.939941,2010300000
2012-11-16,2838.899902,2859.570068,2810.800049,2853.129883,2853.129883,2187730000
2012-11-19,2886.000000,2916.070068,2884.750000,2916.070068,2916.070068,1767240000
2012-11-20,2910.729980,2919.959961,2893.379883,2916.679932,2916.679932,1588750000
2012-11-21,2919.139893,2928.169922,2912.419922,2926.550049,2926.550049,1430060000
2012-11-23,2943.620117,2967.189941,2940.679932,2966.850098,2966.850098,792750000
2012-11-26,2961.020020,2976.929932,2951.729980,2976.780029,2976.780029,1641710000
2012-11-27,2974.560059,2985.320068,2965.129883,2967.790039,2967.790039,1763320000
2012-11-28,2952.020020,2992.169922,2935.879883,2991.780029,2991.780029,1725550000
2012-11-29,3005.409912,3017.179932,2996.300049,3012.030029,3012.030029,1758440000
2012-11-30,3013.250000,3014.250000,2999.719971,3010.239990,3010.239990,2194240000
2012-12-03,3029.209961,3030.280029,2999.570068,3002.199951,3002.199951,1667330000
2012-12-04,3000.439941,3002.899902,2980.929932,2996.689941,2996.689941,1781760000
2012-12-05,2993.199951,2994.729980,2958.260010,2973.699951,2973.699951,1800820000
2012-12-06,2967.989990,2996.530029,2962.020020,2989.270020,2989.270020,1713460000
2012-12-07,2999.689941,3003.270020,2968.820068,2978.040039,2978.040039,1613570000
2012-12-10,2973.189941,2997.639893,2971.560059,2986.959961,2986.959961,1528430000
2012-12-11,3005.429932,3033.139893,3003.820068,3022.300049,3022.300049,1921860000
2012-12-12,3033.929932,3035.189941,3008.489990,3013.810059,3013.810059,1756220000
2012-12-13,3007.830078,3026.510010,2982.629883,2992.159912,2992.159912,1833990000
2012-12-14,2976.949951,2985.330078,2963.800049,2971.330078,2971.330078,1786980000
2012-12-17,2975.500000,3011.219971,2973.540039,3010.600098,3010.600098,1911420000
2012-12-18,3020.820068,3056.649902,3016.399902,3054.530029,3054.530029,2022130000
2012-12-19,3059.030029,3061.820068,3044.360107,3044.360107,3044.360107,1933270000
2012-12-20,3050.300049,3053.530029,3034.149902,3050.389893,3050.389893,1691190000
2012-12-21,2998.600098,3022.189941,2995.129883,3021.010010,3021.010010,2843090000
2012-12-24,3013.889893,3016.179932,3008.530029,3012.600098,3012.600098,614230000
2012-12-26,3013.129883,3018.649902,2983.350098,2990.159912,2990.159912,1059190000
2012-12-27,2989.870117,2993.659912,2951.040039,2985.909912,2985.909912,1342790000
2012-12-28,2965.120117,2985.469971,2959.370117,2960.310059,2960.310059,1143530000
2012-12-31,2955.449951,3021.409912,2953.520020,3019.510010,3019.510010,1557230000
2013-01-02,3091.330078,3112.649902,3083.489990,3112.260010,3112.260010,2111300000
2013-01-03,3108.489990,3118.179932,3092.280029,3100.570068,3100.570068,1769420000
2013-01-04,3100.879883,3108.439941,3090.810059,3101.659912,3101.659912,1745140000
2013-01-07,3089.169922,3102.350098,3083.879883,3098.810059,3098.810059,1702540000
2013-01-08,3098.459961,3103.389893,3076.600098,3091.810059,3091.810059,1744380000
2013-01-09,3099.649902,3111.219971,3096.340088,3105.810059,3105.810059,1732510000
2013-01-10,3125.639893,3127.719971,3098.469971,3121.760010,3121.760010,1754240000
2013-01-11,3122.120117,3126.590088,3114.100098,3125.629883,3125.629883,1772600000
2013-01-14,3113.649902,3123.479980,3104.080078,3117.500000,3117.500000,1876050000
2013-01-15,3101.060059,3112.290039,3093.320068,3110.780029,3110.780029,1852870000
2013-01-16,3110.719971,3124.649902,3106.790039,3117.540039,3117.540039,1692380000
2013-01-17,3130.489990,3144.050049,3125.790039,3136.000000,3136.000000,1766510000
2013-01-18,3127.909912,3134.729980,3119.199951,3134.709961,3134.709961,1860070000
2013-01-22,3135.629883,3143.179932,3121.540039,3143.179932,3143.179932,1790730000
2013-01-23,3155.820068,3161.060059,3149.739990,3153.669922,3153.669922,1698190000
2013-01-24,3125.669922,3153.560059,3124.449951,3130.379883,3130.379883,2046990000
2013-01-25,3140.649902,3156.199951,3135.860107,3149.709961,3149.709961,1920250000
2013-01-28,3152.169922,3161.830078,3144.889893,3154.300049,3154.300049,1935590000
2013-01-29,3149.620117,3156.939941,3133.110107,3153.659912,3153.659912,2050670000
2013-01-30,3157.429932,3164.060059,3135.830078,3142.310059,3142.310059,2014350000
2013-01-31,3140.669922,3154.179932,3136.820068,3142.129883,3142.129883,2190840000
2013-02-01,3162.939941,3183.139893,3154.909912,3179.100098,3179.100098,2012930000
2013-02-04,3161.719971,3169.629883,3130.570068,3131.169922,3131.169922,1874750000
2013-02-05,3140.899902,3178.520020,3136.820068,3171.580078,3171.580078,2150080000
2013-02-06,3159.379883,3174.820068,3157.350098,3168.479980,3168.479980,2002740000
2013-02-07,3167.439941,3170.419922,3135.979980,3165.129883,3165.129883,1955960000
2013-02-08,3178.060059,3196.889893,3177.179932,3193.870117,3193.870117,1816480000
2013-02-11,3192.530029,3194.010010,3182.189941,3192.000000,3192.000000,1551370000
2013-02-12,3190.729980,3196.919922,3184.840088,3186.489990,3186.489990,1786800000
2013-02-13,3195.340088,3205.520020,3187.060059,3196.879883,3196.879883,1822450000
2013-02-14,3182.739990,3202.330078,3182.389893,3198.659912,3198.659912,1924900000
2013-02-15,3202.840088,3206.209961,3184.030029,3192.030029,3192.030029,1858670000
2013-02-19,3197.459961,3213.600098,3194.919922,3213.590088,3213.590088,1843840000
2013-02-20,3211.989990,3213.250000,3163.949951,3164.409912,3164.409912,2001800000
2013-02-21,3154.879883,3155.189941,3118.620117,3131.489990,3131.489990,2052630000
2013-02-22,3149.090088,3161.820068,3139.550049,3161.820068,3161.820068,1581500000
2013-02-25,3180.590088,3186.250000,3116.250000,3116.250000,3116.250000,1930990000
2013-02-26,3126.229980,3135.570068,3105.360107,3129.649902,3129.649902,1847750000
2013-02-27,3129.719971,3177.800049,3127.270020,3162.260010,3162.260010,1727260000
2013-02-28,3161.429932,3182.600098,3159.719971,3160.189941,3160.189941,2022530000
2013-03-01,3143.540039,3171.500000,3129.399902,3169.739990,3169.739990,1870250000
2013-03-04,3159.459961,3182.270020,3154.790039,3182.030029,3182.030029,1718290000
2013-03-05,3200.379883,3227.310059,3200.270020,3224.129883,3224.129883,1891510000
2013-03-06,3233.310059,3233.439941,3217.669922,3222.370117,3222.370117,1764020000
2013-03-07,3224.500000,3235.100098,3221.469971,3232.090088,3232.090088,1675640000
2013-03-08,3245.850098,3248.699951,3227.889893,3244.370117,3244.370117,1611700000
2013-03-11,3237.739990,3252.870117,3233.669922,3252.870117,3252.870117,1628500000
2013-03-12,3244.850098,3249.780029,3229.919922,3242.320068,3242.320068,1673740000
2013-03-13,3243.040039,3251.449951,3230.620117,3245.120117,3245.120117,1577280000
2013-03-14,3253.000000,3258.929932,3250.239990,3258.929932,3258.929932,1651650000
2013-03-15,3260.459961,3260.620117,3242.649902,3249.070068,3249.070068,2305230000
2013-03-18,3215.709961,3249.370117,3211.100098,3237.590088,3237.590088,1550510000
2013-03-19,3246.699951,3252.600098,3205.419922,3229.100098,3229.100098,1690680000
2013-03-20,3251.909912,3257.989990,3240.899902,3254.189941,3254.189941,1599120000
2013-03-21,3228.169922,3237.570068,3215.689941,3222.600098,3222.600098,1692260000
2013-03-22,3235.300049,3247.939941,3230.860107,3245.000000,3245.000000,1681360000
2013-03-25,3255.850098,3263.629883,3222.479980,3235.300049,3235.300049,1666010000
2013-03-26,3249.949951,3252.929932,3239.919922,3252.479980,3252.479980,1444500000
2013-03-27,3230.760010,3258.260010,3227.020020,3256.520020,3256.520020,1420130000
2013-03-28,3257.320068,3270.300049,3253.209961,3267.520020,3267.520020,1636800000
2013-04-01,3268.629883,3270.229980,3230.570068,3239.169922,3239.169922,1481360000
2013-04-02,3252.550049,3267.929932,3245.409912,3254.860107,3254.860107,1580800000
2013-04-03,3257.379883,3260.149902,3210.389893,3218.600098,3218.600098,1813910000
2013-04-04,3219.110107,3226.239990,3206.020020,3224.979980,3224.979980,1475720000
2013-04-05,3174.000000,3206.209961,3168.879883,3203.860107,3203.860107,1594090000
2013-04-08,3207.149902,3222.260010,3195.570068,3222.250000,3222.250000,1323520000
2013-04-09,3229.810059,3249.949951,3215.020020,3237.860107,3237.860107,1498130000
2013-04-10,3246.060059,3299.159912,3245.800049,3297.250000,3297.250000,1769870000
2013-04-11,3289.590088,3306.949951,3287.739990,3300.159912,3300.159912,1829170000
2013-04-12,3292.389893,3296.500000,3271.020020,3294.949951,3294.949951,1471180000
2013-04-15,3277.580078,3283.399902,3213.459961,3216.489990,3216.489990,1779320000
2013-04-16,3239.050049,3265.840088,3231.449951,3264.629883,3264.629883,1515400000
2013-04-17,3236.250000,3236.979980,3186.080078,3204.669922,3204.669922,1902730000
2013-04-18,3212.239990,3212.969971,3154.959961,3166.360107,3166.360107,1766000000
2013-04-19,3169.320068,3210.030029,3168.330078,3206.060059,3206.060059,1738850000
2013-04-22,3217.399902,3241.159912,3198.739990,3233.550049,3233.550049,1628340000
2013-04-23,3252.800049,3275.889893,3241.520020,3269.330078,3269.330078,1684770000
2013-04-24,3262.209961,3277.120117,3255.439941,3269.649902,3269.649902,1738590000
2013-04-25,3279.820068,3301.280029,3279.290039,3289.989990,3289.989990,2012230000
2013-04-26,3284.070068,3287.479980,3268.030029,3279.260010,3279.260010,1721970000
2013-04-29,3290.310059,3315.330078,3289.419922,3307.020020,3307.020020,1594110000
2013-04-30,3308.050049,3328.790039,3298.580078,3328.790039,3328.790039,1984270000
2013-05-01,3325.350098,3330.020020,3296.500000,3299.129883,3299.129883,1884600000
2013-05-02,3306.149902,3344.899902,3305.810059,3340.620117,3340.620117,1757480000
2013-05-03,3371.409912,3388.120117,3370.300049,3378.629883,3378.629883,1745570000
2013-05-06,3382.330078,3396.209961,3381.439941,3392.969971,3392.969971,1500410000
2013-05-07,3398.840088,3402.239990,3381.040039,3396.629883,3396.629883,1709800000
2013-05-08,3394.889893,3413.270020,3389.800049,3413.270020,3413.270020,1756400000
2013-05-09,3408.939941,3428.540039,3403.429932,3409.169922,3409.169922,1826220000
2013-05-10,3414.840088,3436.600098,3411.590088,3436.580078,3436.580078,1689730000
2013-05-13,3429.530029,3447.100098,3426.669922,3438.790039,3438.790039,1615510000
2013-05-14,3439.719971,3468.669922,3439.719971,3462.610107,3462.610107,1820520000
2013-05-15,3455.669922,3475.479980,3452.310059,3471.620117,3471.620117,1843910000
2013-05-16,3473.159912,3485.949951,3462.239990,3465.239990,3465.239990,1945760000
2013-05-17,3483.409912,3499.199951,3473.040039,3498.969971,3498.969971,1828610000
2013-05-20,3490.459961,3509.409912,3488.129883,3496.429932,3496.429932,1745260000
2013-05-21,3495.459961,3512.149902,3486.879883,3502.120117,3502.120117,1776780000
2013-05-22,3503.479980,3532.040039,3446.959961,3463.300049,3463.300049,2179330000
2013-05-23,3426.070068,3467.129883,3422.510010,3459.419922,3459.419922,1820670000
2013-05-24,3438.280029,3459.469971,3429.310059,3459.139893,3459.139893,1449210000
2013-05-28,3497.899902,3514.800049,3475.389893,3488.889893,3488.889893,1748070000
2013-05-29,3471.669922,3479.530029,3450.399902,3467.520020,3467.520020,1794650000
2013-05-30,3473.209961,3503.820068,3473.040039,3491.300049,3491.300049,1737320000
2013-05-31,3478.219971,3500.669922,3455.840088,3455.909912,3455.909912,1968270000
2013-06-03,3460.760010,3465.840088,3419.389893,3465.370117,3465.370117,2054100000
2013-06-04,3467.020020,3482.750000,3430.020020,3445.260010,3445.260010,1871640000
2013-06-05,3432.850098,3446.149902,3397.909912,3401.479980,3401.479980,1813890000
2013-06-06,3404.409912,3424.050049,3378.239990,3424.050049,3424.050049,1802700000
2013-06-07,3437.840088,3471.729980,3429.429932,3469.219971,3469.219971,1646810000
2013-06-10,3475.679932,3484.810059,3465.540039,3473.770020,3473.770020,1556520000
2013-06-11,3436.620117,3466.570068,3426.570068,3436.949951,3436.949951,1560370000
2013-06-12,3458.139893,3459.179932,3395.909912,3400.429932,3400.429932,1630200000
2013-06-13,3398.540039,3451.030029,3387.610107,3445.360107,3445.360107,1584740000
2013-06-14,3442.310059,3448.399902,3419.320068,3423.560059,3423.560059,1458030000
2013-06-17,3449.969971,3468.560059,3436.340088,3452.129883,3452.129883,1581830000
2013-06-18,3456.290039,3488.310059,3456.090088,3482.179932,3482.179932,1675090000
2013-06-19,3483.590088,3485.449951,3443.199951,3443.199951,3443.199951,1649200000
2013-06-20,3405.139893,3412.939941,3355.929932,3364.639893,3364.639893,2041500000
2013-06-21,3367.810059,3377.300049,3326.860107,3357.250000,3357.250000,2921900000
2013-06-24,3326.379883,3344.659912,3294.949951,3320.760010,3320.760010,2030960000
2013-06-25,3350.590088,3358.310059,3327.689941,3347.889893,3347.889893,1657280000
2013-06-26,3375.699951,3383.699951,3365.479980,3376.219971,3376.219971,1671280000
2013-06-27,3395.790039,3412.790039,3395.409912,3401.860107,3401.860107,1689800000
2013-06-28,3389.300049,3422.199951,3382.750000,3403.250000,3403.250000,3630410000
2013-07-01,3430.479980,3454.429932,3430.310059,3434.489990,3434.489990,1586750000
2013-07-02,3430.689941,3453.290039,3415.229980,3433.399902,3433.399902,1685190000
2013-07-03,3420.270020,3455.419922,3417.879883,3443.669922,3443.669922,935980000
2013-07-05,3468.479980,3479.459961,3441.780029,3479.379883,3479.379883,1254400000
2013-07-08,3493.810059,3495.510010,3475.389893,3484.830078,3484.830078,1521720000
2013-07-09,3501.250000,3508.810059,3484.790039,3504.260010,3504.260010,1633520000
2013-07-10,3502.110107,3522.989990,3502.000000,3520.760010,3520.760010,1567340000
2013-07-11,3557.790039,3579.290039,3552.520020,3578.300049,3578.300049,1744210000
2013-07-12,3579.580078,3600.080078,3576.570068,3600.080078,3600.080078,1615820000
2013-07-15,3601.090088,3609.590088,3591.540039,3607.489990,3607.489990,1449130000
2013-07-16,3611.000000,3611.350098,3589.649902,3598.500000,3598.500000,1590540000
2013-07-17,3608.129883,3615.790039,3600.689941,3610.000000,3610.000000,1564340000
2013-07-18,3610.030029,3624.540039,3607.090088,3611.280029,3611.280029,1719390000
2013-07-19,3581.899902,3589.050049,3578.570068,3587.610107,3587.610107,1785460000
2013-07-22,3599.870117,3601.919922,3587.459961,3600.389893,3600.389893,1507010000
2013-07-23,3606.699951,3606.699951,3576.959961,3579.270020,3579.270020,1620350000
2013-07-24,3605.260010,3606.280029,3573.530029,3579.600098,3579.600098,1856660000
2013-07-25,3589.459961,3606.189941,3579.199951,3605.189941,3605.189941,2203970000
2013-07-26,3584.850098,3613.330078,3581.260010,3613.159912,3613.159912,1796060000
2013-07-29,3604.290039,3618.860107,3592.800049,3599.139893,3599.139893,1545720000
2013-07-30,3612.360107,3629.120117,3606.330078,3616.469971,3616.469971,1763580000
2013-07-31,3627.659912,3649.350098,3624.770020,3626.370117,3626.370117,1942380000
2013-08-01,3654.179932,3678.500000,3653.739990,3675.739990,3675.739990,1863290000
2013-08-02,3671.110107,3689.590088,3663.879883,3689.590088,3689.590088,1683270000
2013-08-05,3682.669922,3694.189941,3681.340088,3692.949951,3692.949951,1471860000
2013-08-06,3685.389893,3690.320068,3654.669922,3665.770020,3665.770020,1444200000
2013-08-07,3658.530029,3663.199951,3633.590088,3654.010010,3654.010010,1659780000
2013-08-08,3672.209961,3675.709961,3649.639893,3669.120117,3669.120117,1702950000
2013-08-09,3664.270020,3677.830078,3649.689941,3660.110107,3660.110107,1546570000
2013-08-12,3645.780029,3673.510010,3645.389893,3669.949951,3669.949951,1422420000
2013-08-13,3675.370117,3691.060059,3648.820068,3684.439941,3684.439941,1644730000
2013-08-14,3683.969971,3686.550049,3668.739990,3669.270020,3669.270020,1589370000
2013-08-15,3625.360107,3626.770020,3600.959961,3606.120117,3606.120117,1742510000
2013-08-16,3603.780029,3621.459961,3598.649902,3602.780029,3602.780029,1520430000
2013-08-19,3601.879883,3623.479980,3589.030029,3589.090088,3589.090088,1381050000
2013-08-20,3596.770020,3625.260010,3593.139893,3613.590088,3613.590088,1308280000
2013-08-21,3603.679932,3630.229980,3589.020020,3599.790039,3599.790039,1438510000
2013-08-22,3614.139893,3639.209961,3613.929932,3638.709961,3638.709961,927400000
2013-08-23,3659.209961,3660.659912,3643.860107,3657.790039,3657.790039,1499890000
2013-08-26,3661.810059,3684.219971,3652.260010,3657.570068,3657.570068,1404230000
2013-08-27,3616.060059,3629.949951,3573.570068,3578.520020,3578.520020,1640040000
2013-08-28,3579.110107,3607.360107,3578.800049,3593.350098,3593.350098,1370650000
2013-08-29,3587.070068,3635.840088,3587.070068,3620.300049,3620.300049,1344900000
2013-08-30,3621.590088,3621.780029,3581.050049,3589.870117,3589.870117,1328320000
2013-09-03,3622.639893,3637.060059,3593.620117,3612.610107,3612.610107,1628810000
2013-09-04,3619.050049,3651.780029,3612.219971,3649.040039,3649.040039,1855980000
2013-09-05,3652.439941,3665.010010,3651.169922,3658.780029,3658.780029,1550180000
2013-09-06,3672.820068,3677.070068,3618.770020,3660.010010,3660.010010,1647310000
2013-09-09,3675.120117,3708.419922,3675.120117,3706.179932,3706.179932,1664290000
2013-09-10,3724.669922,3729.379883,3716.439941,3729.020020,3729.020020,1842570000
2013-09-11,3710.790039,3726.590088,3704.219971,3725.010010,3725.010010,1722380000
2013-09-12,3724.530029,3731.840088,3713.080078,3715.969971,3715.969971,1653860000
2013-09-13,3723.270020,3724.729980,3701.879883,3722.179932,3722.179932,1460190000
2013-09-16,3755.000000,3756.239990,3712.469971,3717.850098,3717.850098,1542500000
2013-09-17,3725.310059,3747.080078,3724.260010,3745.699951,3745.699951,1338800000
2013-09-18,3751.290039,3790.699951,3737.689941,3783.639893,3783.639893,1828820000
2013-09-19,3794.699951,3798.159912,3781.590088,3789.379883,3789.379883,1775980000
2013-09-20,3796.280029,3798.760010,3774.110107,3774.729980,3774.729980,2711270000
2013-09-23,3786.840088,3787.139893,3745.540039,3765.290039,3765.290039,1728620000
2013-09-24,3771.600098,3789.850098,3753.040039,3768.250000,3768.250000,1810950000
2013-09-25,3772.590088,3782.919922,3754.939941,3761.100098,3761.100098,1821790000
2013-09-26,3774.949951,3795.719971,3772.800049,3787.429932,3787.429932,1817960000
2013-09-27,3767.889893,3788.350098,3762.669922,3781.590088,3781.590088,1699720000
2013-09-30,3737.600098,3780.969971,3734.739990,3771.479980,3771.479980,1895760000
2013-10-01,3774.179932,3817.979980,3774.179932,3817.979980,3817.979980,1843320000
2013-10-02,3793.110107,3819.280029,3788.449951,3815.020020,3815.020020,1792980000
2013-10-03,3809.899902,3816.959961,3753.169922,3774.340088,3774.340088,1884340000
2013-10-04,3774.719971,3812.860107,3773.399902,3807.750000,3807.750000,1549600000
2013-10-07,3776.639893,3800.080078,3769.750000,3770.379883,3770.379883,1475990000
2013-10-08,3772.219971,3772.489990,3694.149902,3694.830078,3694.830078,2087580000
2013-10-09,3701.620117,3702.149902,3650.030029,3677.780029,3677.780029,2242700000
2013-10-10,3721.580078,3764.719971,3721.110107,3760.750000,3760.750000,1902410000
2013-10-11,3753.219971,3794.370117,3751.379883,3791.870117,3791.870117,1750350000
2013-10-14,3767.489990,3816.409912,3766.280029,3815.280029,3815.280029,1455160000
2013-10-15,3810.719971,3824.439941,3789.679932,3794.010010,3794.010010,1745560000
2013-10-16,3815.000000,3840.479980,3814.149902,3839.429932,3839.429932,1744000000
2013-10-17,3822.850098,3863.489990,3821.429932,3863.149902,3863.149902,1975140000
2013-10-18,3893.360107,3914.929932,3882.060059,3914.280029,3914.280029,1943090000
2013-10-21,3922.649902,3931.449951,3909.909912,3920.050049,3920.050049,1674470000
2013-10-22,3935.540039,3947.669922,3904.060059,3929.570068,3929.570068,1890500000
2013-10-23,3907.300049,3911.639893,3887.669922,3907.070068,3907.070068,1915030000
2013-10-24,3911.610107,3932.600098,3907.540039,3928.959961,3928.959961,2054350000
2013-10-25,3955.979980,3961.100098,3927.500000,3943.360107,3943.360107,2225780000
2013-10-28,3942.560059,3947.580078,3927.090088,3940.129883,3940.129883,1904810000
2013-10-29,3954.340088,3957.120117,3934.939941,3952.340088,3952.340088,1897380000
2013-10-30,3962.399902,3966.709961,3919.139893,3930.620117,3930.620117,1923000000
2013-10-31,3924.340088,3945.040039,3909.260010,3919.709961,3919.709961,2139650000
2013-11-01,3932.449951,3938.479980,3904.199951,3922.040039,3922.040039,1949460000
2013-11-04,3932.600098,3937.500000,3919.459961,3936.590088,3936.590088,1817880000
2013-11-05,3925.060059,3947.270020,3909.629883,3939.860107,3939.860107,1934630000
2013-11-06,3952.179932,3955.969971,3920.909912,3931.949951,3931.949951,2020160000
2013-11-07,3935.810059,3938.330078,3855.070068,3857.330078,3857.330078,2303320000
2013-11-08,3871.239990,3919.229980,3869.120117,3919.229980,3919.229980,1981740000
2013-11-11,3913.639893,3925.340088,3904.719971,3919.790039,3919.790039,1595340000
2013-11-12,3907.820068,3922.270020,3902.669922,3919.919922,3919.919922,1776860000
2013-11-13,3899.379883,3965.580078,3899.310059,3965.580078,3965.580078,1827220000
2013-11-14,3956.469971,3975.889893,3949.010010,3972.739990,3972.739990,1965350000
2013-11-15,3978.270020,3985.969971,3969.219971,3985.969971,3985.969971,1899150000
2013-11-18,3990.060059,3994.969971,3942.850098,3949.070068,3949.070068,1829870000
2013-11-19,3945.979980,3960.439941,3923.469971,3931.550049,3931.550049,1747840000
2013-11-20,3940.979980,3952.080078,3911.610107,3921.270020,3921.270020,1721160000
2013-11-21,3938.110107,3970.909912,3936.820068,3969.159912,3969.159912,1684250000
2013-11-22,3977.310059,3991.659912,3973.000000,3991.649902,3991.649902,1730280000
2013-11-25,4004.370117,4007.090088,3987.159912,3994.570068,3994.570068,1795760000
2013-11-26,3996.699951,4026.989990,3989.489990,4017.750000,4017.750000,1907680000
2013-11-27,4026.919922,4045.810059,4023.649902,4044.750000,4044.750000,1477020000
2013-11-29,4057.159912,4069.699951,4055.449951,4059.889893,4059.889893,853500000
2013-12-02,4065.659912,4068.489990,4040.879883,4045.260010,4045.260010,1680380000
2013-12-03,4038.989990,4050.080078,4022.120117,4037.199951,4037.199951,1875010000
2013-12-04,4020.330078,4051.739990,4004.760010,4038.000000,4038.000000,1886970000
2013-12-05,4037.989990,4043.709961,4025.260010,4033.169922,4033.169922,1880950000
2013-12-06,4069.860107,4069.860107,4042.350098,4062.520020,4062.520020,1727130000
2013-12-09,4073.750000,4081.780029,4063.500000,4068.750000,4068.750000,1717120000
2013-12-10,4061.169922,4074.010010,4056.489990,4060.489990,4060.489990,1864860000
2013-12-11,4061.669922,4065.080078,3998.919922,4003.810059,4003.810059,1923520000
2013-12-12,4004.750000,4013.540039,3993.570068,3998.399902,3998.399902,1893270000
2013-12-13,4015.530029,4017.449951,3992.290039,4000.979980,4000.979980,1615340000
2013-12-16,4019.370117,4043.000000,4019.139893,4029.520020,4029.520020,1943830000
2013-12-17,4028.879883,4034.689941,4011.580078,4023.679932,4023.679932,1861130000
2013-12-18,4024.669922,4070.379883,3979.590088,4070.060059,4070.060059,2178330000
2013-12-19,4059.340088,4063.699951,4045.409912,4058.139893,4058.139893,1813050000
2013-12-20,4064.889893,4111.930176,4064.729980,4104.740234,4104.740234,3510420000
2013-12-23,4136.149902,4149.310059,4127.720215,4148.899902,4148.899902,1779400000
2013-12-24,4150.640137,4155.620117,4147.149902,4155.419922,4155.419922,802270000
2013-12-26,4164.209961,4169.970215,4158.589844,4167.180176,4167.180176,1180670000
2013-12-27,4173.359863,4175.359863,4153.640137,4156.589844,4156.589844,1255020000
2013-12-30,4153.580078,4158.729980,4142.180176,4154.200195,4154.200195,1349470000
2013-12-31,4161.509766,4177.729980,4160.770020,4176.589844,4176.589844,1401140000
2014-01-02,4160.029785,4160.959961,4131.790039,4143.069824,4143.069824,1738820000
2014-01-03,4148.560059,4152.959961,4124.959961,4131.910156,4131.910156,1667480000
2014-01-06,4137.029785,4139.779785,4103.750000,4113.680176,4113.680176,2292840000
2014-01-07,4128.569824,4158.180176,4126.479980,4153.180176,4153.180176,2278220000
2014-01-08,4154.279785,4171.750000,4145.000000,4165.609863,4165.609863,2345220000
2014-01-09,4179.040039,4182.740234,4142.700195,4156.189941,4156.189941,2214770000
2014-01-10,4168.939941,4174.680176,4142.209961,4174.669922,4174.669922,2143070000
2014-01-13,4167.410156,4179.470215,4097.990234,4113.299805,4113.299805,2322240000
2014-01-14,4129.600098,4183.839844,4125.810059,4183.020020,4183.020020,2034180000
2014-01-15,4196.529785,4218.790039,4195.979980,4214.879883,4214.879883,2101870000
2014-01-16,4209.589844,4219.279785,4204.160156,4218.689941,4218.689941,2005850000
2014-01-17,4207.819824,4217.240234,4187.310059,4197.580078,4197.580078,2150370000
2014-01-21,4222.979980,4227.930176,4193.169922,4225.759766,4225.759766,2034030000
2014-01-22,4234.580078,4246.549805,4225.520020,4243.000000,4243.000000,2026910000
2014-01-23,4224.359863,4224.439941,4192.279785,4218.879883,4218.879883,2191980000
2014-01-24,4194.970215,4197.930176,4128.169922,4128.169922,4128.169922,2489470000
2014-01-27,4132.220215,4136.459961,4052.629883,4083.610107,4083.610107,2398280000
2014-01-28,4067.860107,4099.810059,4067.689941,4097.959961,4097.959961,2091180000
2014-01-29,4060.610107,4091.270020,4044.760010,4051.429932,4051.429932,2231850000
2014-01-30,4098.810059,4135.839844,4094.169922,4123.129883,4123.129883,2168410000
2014-01-31,4068.629883,4124.919922,4067.610107,4103.879883,4103.879883,2300570000
2014-02-03,4105.060059,4113.549805,3989.949951,3996.959961,3996.959961,2617030000
2014-02-04,4019.439941,4044.199951,4004.580078,4031.520020,4031.520020,2173360000
2014-02-05,4015.500000,4026.280029,3968.189941,4011.550049,4011.550049,2168360000
2014-02-06,4022.659912,4064.060059,4022.169922,4057.120117,4057.120117,1942700000
2014-02-07,4081.820068,4126.509766,4069.929932,4125.859863,4125.859863,2055850000
2014-02-10,4125.120117,4148.299805,4122.609863,4148.169922,4148.169922,1811970000
2014-02-11,4154.660156,4198.509766,4153.100098,4191.049805,4191.049805,1993950000
2014-02-12,4196.850098,4212.609863,4190.390137,4201.290039,4201.290039,2035890000
2014-02-13,4171.580078,4240.669922,4170.470215,4240.669922,4240.669922,2249990000
2014-02-14,4237.000000,4250.910156,4225.750000,4244.020020,4244.020020,1881510000
2014-02-18,4253.709961,4277.330078,4243.560059,4272.779785,4272.779785,1886210000
2014-02-19,4260.740234,4274.290039,4232.379883,4237.950195,4237.950195,1956720000
2014-02-20,4241.459961,4272.339844,4226.750000,4267.549805,4267.549805,1992780000
2014-02-21,4282.169922,4284.850098,4261.629883,4263.410156,4263.410156,2138250000
2014-02-24,4273.319824,4311.129883,4272.109863,4292.970215,4292.970215,2161300000
2014-02-25,4298.479980,4307.509766,4275.799805,4287.589844,4287.589844,2137150000
2014-02-26,4300.450195,4316.819824,4278.540039,4292.060059,4292.060059,2108270000
2014-02-27,4291.470215,4322.459961,4284.779785,4318.930176,4318.930176,2049160000
2014-02-28,4323.520020,4342.589844,4275.609863,4308.120117,4308.120117,2617730000
2014-03-03,4261.419922,4284.149902,4239.649902,4277.299805,4277.299805,2077500000
2014-03-04,4327.850098,4357.209961,4327.540039,4351.970215,4351.970215,2477850000
2014-03-05,4352.759766,4362.500000,4344.149902,4357.970215,4357.970215,2215980000
2014-03-06,4368.810059,4371.709961,4341.000000,4352.129883,4352.129883,2136260000
2014-03-07,4370.979980,4371.390137,4319.149902,4336.220215,4336.220215,2175560000
2014-03-10,4332.620117,4339.930176,4307.839844,4334.450195,4334.450195,2111610000
2014-03-11,4342.930176,4354.430176,4295.470215,4307.189941,4307.189941,2477780000
2014-03-12,4288.600098,4323.330078,4270.220215,4323.330078,4323.330078,2131880000
2014-03-13,4338.259766,4339.899902,4242.950195,4260.419922,4260.419922,2383600000
2014-03-14,4250.450195,4272.339844,4241.939941,4245.399902,4245.399902,2196890000
2014-03-17,4274.220215,4301.279785,4273.009766,4279.950195,4279.950195,1810410000
2014-03-18,4286.220215,4334.660156,4284.109863,4333.310059,4333.310059,1962890000
2014-03-19,4331.459961,4334.299805,4283.540039,4307.600098,4307.600098,1992750000
2014-03-20,4297.990234,4329.609863,4287.410156,4319.290039,4319.290039,1847270000
2014-03-21,4339.899902,4344.390137,4268.339844,4276.790039,4276.790039,3245740000
2014-03-24,4289.490234,4289.490234,4190.609863,4226.390137,4226.390137,2434650000
2014-03-25,4252.649902,4274.319824,4203.640137,4234.270020,4234.270020,2270760000
2014-03-26,4254.979980,4263.069824,4173.580078,4173.580078,4173.580078,2455460000
2014-03-27,4169.350098,4186.129883,4131.810059,4151.229980,4151.229980,2270650000
2014-03-28,4163.180176,4203.490234,4144.689941,4155.759766,4155.759766,2029840000
2014-03-31,4185.629883,4212.970215,4180.540039,4198.990234,4198.990234,2090850000
2014-04-01,4219.870117,4268.200195,4218.770020,4268.040039,4268.040039,2153130000
2014-04-02,4281.609863,4286.089844,4258.859863,4276.459961,4276.459961,2187100000
2014-04-03,4282.180176,4284.689941,4216.569824,4237.740234,4237.740234,2067370000
2014-04-04,4263.939941,4267.060059,4118.709961,4127.729980,4127.729980,2621270000
2014-04-07,4110.919922,4133.680176,4052.139893,4079.750000,4079.750000,2554680000
2014-04-08,4085.179932,4120.240234,4066.110107,4112.990234,4112.990234,2198900000
2014-04-09,4129.629883,4185.189941,4121.169922,4183.899902,4183.899902,1957560000
2014-04-10,4181.209961,4182.609863,4042.760010,4054.110107,4054.110107,2421210000
2014-04-11,4015.070068,4067.219971,3991.639893,3999.729980,3999.729980,2264480000
2014-04-14,4038.060059,4050.790039,3986.500000,4022.689941,4022.689941,1890480000
2014-04-15,4032.629883,4054.800049,3946.030029,4034.159912,4034.159912,2413110000
2014-04-16,4066.820068,4086.280029,4038.810059,4086.229980,4086.229980,1863110000
2014-04-17,4080.300049,4110.459961,4064.699951,4095.520020,4095.520020,1954720000
2014-04-21,4105.370117,4121.549805,4081.909912,4121.549805,4121.549805,1544440000
2014-04-22,4132.060059,4170.720215,4131.609863,4161.459961,4161.459961,1875930000
2014-04-23,4160.899902,4161.439941,4125.410156,4126.970215,4126.970215,1794760000
2014-04-24,4174.609863,4177.160156,4107.520020,4148.339844,4148.339844,2130870000
2014-04-25,4125.160156,4126.979980,4068.100098,4075.560059,4075.560059,2087140000
2014-04-28,4091.810059,4111.589844,4014.169922,4074.399902,4074.399902,2348320000
2014-04-29,4089.510010,4111.450195,4070.250000,4103.540039,4103.540039,1911240000
2014-04-30,4085.189941,4116.140137,4070.629883,4114.560059,4114.560059,2151400000
2014-05-01,4121.250000,4149.560059,4105.609863,4127.450195,4127.450195,2077040000
2014-05-02,4138.629883,4145.060059,4115.890137,4123.899902,4123.899902,1844790000
2014-05-05,4099.250000,4138.339844,4086.350098,4138.060059,4138.060059,1561170000
2014-05-06,4128.220215,4132.459961,4080.760010,4080.760010,4080.760010,1850610000
2014-05-07,4085.489990,4091.030029,4021.050049,4067.669922,4067.669922,2486030000
2014-05-08,4053.280029,4109.200195,4039.909912,4051.500000,4051.500000,2411940000
2014-05-09,4043.439941,4071.870117,4025.239990,4071.870117,4071.870117,1976160000
2014-05-12,4092.840088,4146.540039,4092.090088,4143.859863,4143.859863,1880020000
2014-05-13,4144.899902,4155.129883,4128.009766,4130.169922,4130.169922,1923480000
2014-05-14,4122.080078,4132.330078,4093.830078,4100.629883,4100.629883,1764430000
2014-05-15,4096.529785,4098.250000,4035.959961,4069.290039,4069.290039,2083030000
2014-05-16,4070.350098,4091.159912,4044.270020,4090.590088,4090.590088,1741070000
2014-05-19,4080.330078,4128.470215,4075.699951,4125.810059,4125.810059,1601400000
2014-05-20,4121.109863,4124.859863,4080.610107,4096.890137,4096.890137,1797910000
2014-05-21,4105.959961,4133.609863,4103.609863,4131.540039,4131.540039,1703500000
2014-05-22,4136.089844,4164.850098,4131.470215,4154.339844,4154.339844,1835810000
2014-05-23,4159.779785,4186.580078,4148.299805,4185.810059,4185.810059,1536610000
2014-05-27,4206.439941,4237.069824,4204.720215,4237.069824,4237.069824,1812330000
2014-05-28,4234.959961,4238.169922,4216.890137,4225.080078,4225.080078,1785140000
2014-05-29,4238.040039,4247.950195,4228.959961,4247.950195,4247.950195,1714000000
2014-05-30,4251.490234,4252.080078,4221.950195,4242.620117,4242.620117,1903660000
2014-06-02,4247.959961,4247.959961,4207.609863,4237.200195,4237.200195,1631310000
2014-06-03,4222.040039,4240.350098,4215.799805,4234.080078,4234.080078,1718640000
2014-06-04,4222.209961,4256.189941,4216.229980,4251.640137,4251.640137,1610090000
2014-06-05,4259.120117,4299.500000,4241.680176,4296.229980,4296.229980,1926750000
2014-06-06,4312.759766,4322.509766,4305.740234,4321.399902,4321.399902,1616650000
2014-06-09,4324.350098,4346.740234,4320.279785,4336.240234,4336.240234,1783060000
2014-06-10,4329.200195,4338.870117,4319.930176,4338.000000,4338.000000,1787120000
2014-06-11,4322.919922,4338.209961,4315.490234,4331.930176,4331.930176,1778460000
2014-06-12,4323.109863,4328.350098,4284.529785,4297.629883,4297.629883,1908190000
2014-06-13,4315.310059,4317.669922,4288.410156,4310.649902,4310.649902,1754560000
2014-06-16,4303.930176,4326.890137,4296.259766,4321.100098,4321.100098,1675120000
2014-06-17,4316.009766,4346.120117,4311.149902,4337.229980,4337.229980,1814360000
2014-06-18,4341.180176,4365.100098,4320.540039,4362.839844,4362.839844,1860660000
2014-06-19,4370.140137,4372.180176,4339.609863,4359.330078,4359.330078,1845460000
2014-06-20,4365.370117,4368.799805,4354.029785,4368.040039,4368.040039,2721380000
2014-06-23,4368.959961,4371.810059,4358.680176,4368.680176,4368.680176,1712930000
2014-06-24,4367.899902,4399.870117,4342.899902,4350.350098,4350.350098,2014700000
2014-06-25,4341.819824,4383.549805,4339.410156,4379.759766,4379.759766,1722820000
2014-06-26,4379.439941,4379.799805,4347.450195,4379.049805,4379.049805,1554070000
2014-06-27,4371.799805,4398.850098,4371.600098,4397.930176,4397.930176,3964930000
2014-06-30,4398.370117,4417.459961,4396.589844,4408.180176,4408.180176,1848110000
2014-07-01,4424.709961,4471.600098,4424.430176,4458.649902,4458.649902,1942550000
2014-07-02,4457.859863,4466.919922,4450.870117,4457.729980,4457.729980,1599480000
2014-07-03,4472.890137,4485.930176,4463.850098,4485.930176,4485.930176,1001730000
2014-07-07,4477.740234,4478.020020,4447.600098,4451.529785,4451.529785,1691390000
2014-07-08,4442.870117,4443.560059,4372.040039,4391.459961,4391.459961,2221820000
2014-07-09,4403.029785,4421.930176,4388.009766,4419.029785,4419.029785,1736960000
2014-07-10,4352.040039,4415.850098,4351.040039,4396.200195,4396.200195,1682920000
2014-07-11,4401.049805,4417.160156,4389.290039,4415.490234,4415.490234,1511250000
2014-07-14,4441.390137,4451.600098,4432.950195,4440.419922,4440.419922,1579660000
2014-07-15,4444.910156,4451.930176,4389.700195,4416.390137,4416.390137,1772030000
2014-07-16,4446.169922,4448.870117,4419.709961,4425.970215,4425.970215,2059340000
2014-07-17,4411.520020,4425.379883,4352.229980,4363.450195,4363.450195,2055240000
2014-07-18,4379.939941,4434.439941,4378.220215,4432.149902,4432.149902,1823580000
2014-07-21,4421.200195,4432.419922,4404.509766,4424.700195,4424.700195,1557820000
2014-07-22,4444.939941,4464.129883,4443.350098,4456.020020,4456.020020,1724440000
2014-07-23,4468.160156,4480.729980,4457.950195,4473.700195,4473.700195,1909810000
2014-07-24,4481.609863,4485.500000,4465.939941,4472.109863,4472.109863,1935090000
2014-07-25,4448.060059,4457.950195,4430.430176,4449.560059,4449.560059,1711430000
2014-07-28,4451.120117,4455.390137,4413.919922,4444.910156,4444.910156,1783250000
2014-07-29,4456.069824,4470.970215,4441.029785,4442.700195,4442.700195,2090810000
2014-07-30,4468.439941,4476.060059,4444.509766,4462.899902,4462.899902,1872430000
2014-07-31,4421.290039,4430.799805,4367.149902,4369.770020,4369.770020,2273380000
2014-08-01,4363.390137,4385.049805,4324.020020,4352.640137,4352.640137,2050340000
2014-08-04,4365.620117,4395.379883,4343.029785,4383.890137,4383.890137,1677400000
2014-08-05,4364.589844,4383.020020,4333.580078,4352.839844,4352.839844,1916180000
2014-08-06,4326.279785,4378.990234,4325.040039,4355.049805,4355.049805,1819310000
2014-08-07,4373.250000,4379.700195,4321.890137,4334.970215,4334.970215,1866330000
2014-08-08,4340.879883,4373.120117,4327.870117,4370.899902,4370.899902,1759060000
2014-08-11,4387.379883,4415.779785,4384.149902,4401.330078,4401.330078,1537880000
2014-08-12,4394.689941,4407.080078,4371.839844,4389.250000,4389.250000,1560220000
2014-08-13,4407.870117,4434.310059,4403.640137,4434.129883,4434.129883,1611690000
2014-08-14,4438.129883,4453.000000,4433.939941,4453.000000,4453.000000,1549820000
2014-08-15,4479.640137,4482.470215,4427.129883,4464.930176,4464.930176,1799460000
2014-08-18,4490.529785,4509.160156,4486.439941,4508.310059,4508.310059,1571100000
2014-08-19,4514.259766,4528.910156,4513.919922,4527.509766,4527.509766,1556560000
2014-08-20,4517.750000,4533.009766,4515.729980,4526.479980,4526.479980,1502290000
2014-08-21,4526.720215,4534.000000,4513.810059,4532.100098,4532.100098,1421730000
2014-08-22,4534.870117,4547.240234,4521.770020,4538.549805,4538.549805,1311810000
2014-08-25,4563.720215,4571.140137,4547.779785,4557.350098,4557.350098,1384620000
2014-08-26,4563.810059,4575.589844,4556.779785,4570.640137,4570.640137,1469620000
2014-08-27,4574.350098,4575.810059,4561.839844,4569.620117,4569.620117,1389470000
2014-08-28,4552.549805,4565.959961,4546.620117,4557.700195,4557.700195,1309580000
2014-08-29,4571.759766,4580.270020,4553.779785,4580.270020,4580.270020,1352830000
2014-09-02,4592.419922,4598.640137,4576.810059,4598.189941,4598.189941,1859080000
2014-09-03,4610.140137,4610.140137,4565.379883,4572.560059,4572.560059,1897450000
2014-09-04,4581.520020,4603.149902,4553.310059,4562.290039,4562.290039,1728700000
2014-09-05,4560.629883,4583.000000,4542.740234,4582.899902,4582.899902,1641830000
2014-09-08,4579.060059,4600.399902,4570.229980,4592.290039,4592.290039,1670210000
2014-09-09,4588.830078,4599.029785,4544.439941,4552.290039,4552.290039,1956550000
2014-09-10,4554.149902,4587.100098,4544.839844,4586.520020,4586.520020,1808650000
2014-09-11,4567.640137,4591.810059,4559.750000,4591.810059,4591.810059,1704850000
2014-09-12,4588.770020,4590.080078,4555.680176,4567.600098,4567.600098,1784170000
2014-09-15,4567.450195,4567.470215,4506.729980,4518.899902,4518.899902,1940520000
2014-09-16,4502.109863,4558.240234,4499.870117,4552.759766,4552.759766,1879350000
2014-09-17,4553.959961,4582.399902,4539.359863,4562.189941,4562.189941,1796710000
2014-09-18,4575.740234,4593.979980,4572.620117,4593.430176,4593.430176,1774840000
2014-09-19,4606.129883,4610.569824,4563.439941,4579.790039,4579.790039,3178490000
2014-09-22,4568.450195,4568.870117,4513.120117,4527.689941,4527.689941,1881520000
2014-09-23,4511.319824,4536.029785,4508.419922,4508.689941,4508.689941,1847730000
2014-09-24,4514.919922,4557.270020,4500.129883,4555.220215,4555.220215,1765260000
2014-09-25,4540.819824,4546.930176,4466.640137,4466.750000,4466.750000,1939610000
2014-09-26,4476.479980,4515.750000,4475.479980,4512.189941,4512.189941,1637480000
2014-09-29,4465.839844,4515.240234,4464.439941,4505.850098,4505.850098,1737750000
2014-09-30,4512.640137,4522.060059,4483.910156,4493.390137,4493.390137,2200380000
2014-10-01,4486.649902,4486.790039,4409.299805,4422.089844,4422.089844,2312630000
2014-10-02,4421.250000,4441.950195,4367.740234,4430.200195,4430.200195,2165500000
2014-10-03,4456.810059,4488.069824,4445.720215,4475.620117,4475.620117,1777640000
2014-10-06,4492.399902,4496.259766,4444.100098,4454.799805,4454.799805,1828240000
2014-10-07,4433.910156,4441.759766,4385.149902,4385.200195,4385.200195,2111360000
2014-10-08,4385.700195,4473.729980,4355.339844,4468.589844,4468.589844,2451630000
2014-10-09,4458.290039,4464.129883,4377.279785,4378.339844,4378.339844,2264220000
2014-10-10,4354.629883,4380.509766,4276.240234,4276.240234,4276.240234,2765750000
2014-10-13,4274.910156,4303.819824,4212.870117,4213.660156,4213.660156,2467830000
2014-10-14,4246.229980,4281.339844,4212.819824,4227.169922,4227.169922,2496120000
2014-10-15,4154.100098,4231.540039,4116.600098,4215.319824,4215.319824,3058740000
2014-10-16,4133.250000,4246.009766,4131.649902,4217.390137,4217.390137,2591940000
2014-10-17,4275.089844,4296.109863,4241.669922,4258.439941,4258.439941,2260070000
2014-10-20,4254.160156,4316.870117,4248.220215,4316.069824,4316.069824,1717370000
2014-10-21,4359.169922,4419.479980,4356.100098,4419.479980,4419.479980,1997580000
2014-10-22,4429.160156,4435.859863,4381.279785,4382.850098,4382.850098,1967020000
2014-10-23,4427.439941,4475.549805,4421.560059,4452.790039,4452.790039,1952380000
2014-10-24,4459.459961,4486.259766,4445.850098,4483.720215,4483.720215,1754300000
2014-10-27,4469.020020,4489.600098,4450.290039,4485.930176,4485.930176,1585580000
2014-10-28,4505.729980,4564.290039,4505.109863,4564.290039,4564.290039,1966920000
2014-10-29,4551.370117,4564.439941,4517.020020,4549.229980,4549.229980,2184050000
2014-10-30,4532.100098,4575.500000,4521.790039,4566.140137,4566.140137,2034960000
2014-10-31,4639.450195,4641.509766,4616.580078,4630.740234,4630.740234,2424360000
2014-11-03,4633.709961,4654.189941,4627.419922,4638.910156,4638.910156,2033000000
2014-11-04,4623.770020,4635.950195,4594.919922,4623.640137,4623.640137,1939320000
2014-11-05,4649.470215,4650.390137,4607.729980,4620.720215,4620.720215,2001870000
2014-11-06,4616.779785,4639.169922,4604.759766,4638.470215,4638.470215,1986820000
2014-11-07,4636.890137,4638.799805,4606.810059,4632.529785,4632.529785,1978830000
2014-11-10,4635.100098,4653.379883,4626.490234,4651.620117,4651.620117,1830010000
2014-11-11,4649.189941,4661.229980,4640.240234,4660.560059,4660.560059,1663690000
2014-11-12,4644.629883,4678.580078,4643.779785,4675.140137,4675.140137,1773060000
2014-11-13,4681.560059,4703.100098,4664.270020,4680.140137,4680.140137,1857580000
2014-11-14,4679.850098,4688.740234,4664.310059,4688.540039,4688.540039,1739950000
2014-11-17,4678.439941,4689.529785,4655.200195,4671.000000,4671.000000,1695070000
2014-11-18,4674.839844,4709.830078,4674.299805,4702.439941,4702.439941,1655760000
2014-11-19,4694.779785,4696.200195,4655.720215,4675.709961,4675.709961,1641560000
2014-11-20,4655.200195,4702.970215,4653.330078,4701.870117,4701.870117,1667330000
2014-11-21,4751.009766,4751.600098,4700.729980,4712.970215,4712.970215,1854340000
2014-11-24,4725.169922,4755.020020,4723.620117,4754.890137,4754.890137,1568130000
2014-11-25,4762.390137,4774.520020,4749.919922,4758.250000,4758.250000,1720140000
2014-11-26,4760.229980,4788.000000,4757.479980,4787.319824,4787.319824,1362930000
2014-11-28,4797.100098,4810.859863,4786.720215,4791.629883,4791.629883,998600000
2014-12-01,4777.729980,4782.069824,4724.620117,4727.350098,4727.350098,1893600000
2014-12-02,4732.970215,4761.629883,4729.759766,4755.810059,4755.810059,1839170000
2014-12-03,4761.310059,4781.370117,4745.140137,4774.470215,4774.470215,1734510000
2014-12-04,4772.000000,4785.410156,4753.709961,4769.439941,4769.439941,1724090000
2014-12-05,4776.580078,4788.979980,4769.640137,4780.759766,4780.759766,1767100000
2014-12-08,4769.759766,4793.240234,4722.910156,4740.689941,4740.689941,1966770000
2014-12-09,4685.200195,4768.410156,4674.379883,4766.470215,4766.470215,1950330000
2014-12-10,4754.419922,4766.640137,4679.250000,4684.020020,4684.020020,1850810000
2014-12-11,4704.649902,4759.879883,4699.430176,4708.160156,4708.160156,1873050000
2014-12-12,4665.350098,4707.919922,4653.600098,4653.600098,4653.600098,1888870000
2014-12-15,4679.669922,4690.580078,4592.430176,4605.160156,4605.160156,2143610000
2014-12-16,4572.790039,4645.189941,4547.310059,4547.830078,4547.830078,2231670000
2014-12-17,4556.899902,4651.899902,4550.700195,4644.310059,4644.310059,2279930000
2014-12-18,4712.390137,4748.399902,4697.089844,4748.399902,4748.399902,2172260000
2014-12-19,4752.600098,4782.129883,4738.290039,4765.379883,4765.379883,3287920000
2014-12-22,4759.040039,4781.930176,4757.799805,4781.419922,4781.419922,1720070000
2014-12-23,4798.029785,4798.060059,4761.390137,4765.419922,4765.419922,1590820000
2014-12-24,4770.120117,4787.569824,4768.669922,4773.470215,4773.470215,729750000
2014-12-26,4788.060059,4814.950195,4787.850098,4806.859863,4806.859863,930220000
2014-12-29,4801.259766,4813.720215,4798.899902,4806.910156,4806.910156,1227740000
2014-12-30,4793.609863,4803.890137,4772.879883,4777.439941,4777.439941,1269200000
2014-12-31,4790.529785,4806.430176,4734.109863,4736.049805,4736.049805,1515600000
2015-01-02,4760.240234,4777.009766,4698.109863,4726.810059,4726.810059,1435150000
2015-01-05,4700.339844,4702.770020,4641.459961,4652.569824,4652.569824,1794470000
2015-01-06,4666.850098,4667.330078,4567.589844,4592.740234,4592.740234,2167320000
2015-01-07,4626.839844,4652.720215,4613.899902,4650.470215,4650.470215,1957950000
2015-01-08,4689.540039,4741.379883,4688.020020,4736.189941,4736.189941,2105450000
2015-01-09,4744.470215,4744.709961,4681.240234,4704.069824,4704.069824,1715830000
2015-01-12,4714.069824,4715.810059,4650.649902,4664.709961,4664.709961,1861960000
2015-01-13,4708.740234,4751.339844,4624.279785,4661.500000,4661.500000,2162180000
2015-01-14,4610.759766,4655.370117,4595.979980,4639.319824,4639.319824,2073810000
2015-01-15,4657.459961,4663.959961,4567.390137,4570.819824,4570.819824,1976260000
2015-01-16,4566.379883,4635.819824,4563.109863,4634.379883,4634.379883,1970520000
2015-01-20,4655.839844,4665.649902,4601.100098,4654.850098,4654.850098,1835040000
2015-01-21,4641.950195,4692.459961,4629.589844,4667.419922,4667.419922,1847420000
2015-01-22,4690.930176,4752.600098,4644.569824,4750.399902,4750.399902,1996550000
2015-01-23,4748.189941,4771.180176,4737.950195,4757.879883,4757.879883,1653830000
2015-01-26,4752.359863,4774.180176,4734.200195,4771.759766,4771.759766,1717510000
2015-01-27,4698.229980,4721.870117,4659.830078,4681.500000,4681.500000,1954160000
2015-01-28,4740.689941,4742.060059,4637.479980,4637.990234,4637.990234,2118680000
2015-01-29,4635.729980,4688.410156,4601.759766,4683.410156,4683.410156,2110710000
2015-01-30,4671.209961,4703.810059,4631.100098,4635.240234,4635.240234,2264230000
2015-02-02,4650.600098,4676.689941,4580.459961,4676.689941,4676.689941,2006450000
2015-02-03,4693.250000,4727.740234,4670.819824,4727.740234,4727.740234,2153520000
2015-02-04,4699.810059,4744.330078,4697.790039,4716.700195,4716.700195,2212960000
2015-02-05,4729.649902,4767.379883,4722.799805,4765.100098,4765.100098,2036590000
2015-02-06,4768.839844,4787.180176,4731.220215,4744.399902,4744.399902,2034060000
2015-02-09,4723.729980,4749.470215,4719.609863,4726.009766,4726.009766,1654680000
2015-02-10,4754.629883,4793.270020,4737.120117,4787.640137,4787.640137,1773730000
2015-02-11,4788.370117,4810.359863,4780.129883,4801.180176,4801.180176,1793630000
2015-02-12,4828.080078,4857.609863,4823.569824,4857.609863,4857.609863,2075470000
2015-02-13,4869.729980,4893.839844,4860.120117,4893.839844,4893.839844,1942240000
2015-02-17,4889.990234,4901.890137,4880.640137,4899.270020,4899.270020,1751490000
2015-02-18,4890.839844,4907.500000,4885.600098,4906.359863,4906.359863,1684800000
2015-02-19,4901.509766,4929.529785,4900.629883,4924.700195,4924.700195,1592890000
2015-02-20,4919.779785,4957.020020,4905.589844,4955.970215,4955.970215,1761140000
2015-02-23,4953.100098,4960.970215,4939.560059,4960.970215,4960.970215,1754850000
2015-02-24,4956.209961,4971.180176,4945.140137,4968.120117,4968.120117,1834890000
2015-02-25,4960.359863,4984.240234,4956.000000,4967.140137,4967.140137,1848560000
2015-02-26,4969.270020,4989.109863,4955.509766,4987.890137,4987.890137,1905550000
2015-02-27,4985.029785,4989.250000,4960.870117,4963.529785,4963.529785,1955590000
2015-03-02,4973.430176,5008.569824,4972.009766,5008.100098,5008.100098,1931110000
2015-03-03,4990.700195,4996.660156,4956.069824,4979.899902,4979.899902,2018900000
2015-03-04,4961.240234,4973.319824,4938.899902,4967.140137,4967.140137,1824830000
2015-03-05,4979.950195,4993.520020,4963.100098,4982.810059,4982.810059,1724200000
2015-03-06,4967.240234,4982.930176,4918.629883,4927.370117,4927.370117,1918220000
2015-03-09,4936.080078,4950.470215,4920.819824,4942.439941,4942.439941,1696510000
2015-03-10,4899.509766,4903.439941,4859.790039,4859.790039,4859.790039,1876010000
2015-03-11,4866.939941,4876.089844,4846.790039,4849.939941,4849.939941,1846020000
2015-03-12,4853.979980,4895.799805,4853.200195,4893.290039,4893.290039,1855110000
2015-03-13,4885.540039,4904.470215,4842.799805,4871.759766,4871.759766,1851410000
2015-03-16,4897.270020,4929.939941,4889.089844,4929.509766,4929.509766,1713480000
2015-03-17,4912.649902,4944.910156,4907.020020,4937.430176,4937.430176,1724370000
2015-03-18,4926.830078,5001.569824,4907.720215,4982.830078,4982.830078,1983570000
2015-03-19,4982.020020,5000.020020,4979.939941,4992.379883,4992.379883,1674970000
2015-03-20,5033.470215,5042.140137,5020.069824,5026.419922,5026.419922,2825670000
2015-03-23,5020.600098,5031.390137,5010.970215,5010.970215,5010.970215,1608880000
2015-03-24,5010.100098,5032.479980,4994.560059,4994.729980,4994.729980,1611670000
2015-03-25,5002.830078,5006.759766,4876.520020,4876.520020,4876.520020,2219520000
2015-03-26,4835.709961,4889.209961,4825.930176,4863.359863,4863.359863,2004960000
2015-03-27,4863.740234,4899.259766,4859.660156,4891.220215,4891.220215,1678650000
2015-03-30,4921.779785,4948.459961,4921.120117,4947.439941,4947.439941,1778520000
2015-03-31,4925.910156,4940.870117,4899.310059,4900.879883,4900.879883,1837660000
2015-04-01,4894.359863,4899.379883,4844.390137,4880.229980,4880.229980,1874960000
2015-04-02,4885.410156,4901.330078,4872.959961,4886.939941,4886.939941,1563670000
2015-04-06,4855.939941,4929.620117,4852.910156,4917.319824,4917.319824,1737560000
2015-04-07,4917.500000,4948.879883,4909.770020,4910.229980,4910.229980,1572940000
2015-04-08,4914.149902,4956.720215,4914.149902,4950.819824,4950.819824,1714210000
2015-04-09,4950.839844,4975.930176,4928.109863,4974.560059,4974.560059,1729750000
2015-04-10,4977.029785,4996.080078,4970.020020,4995.979980,4995.979980,1494240000
2015-04-13,5001.549805,5024.250000,4985.959961,4988.250000,4988.250000,1544190000
2015-04-14,4988.819824,4996.819824,4952.009766,4977.290039,4977.290039,1571360000
2015-04-15,4992.620117,5021.189941,4989.240234,5011.020020,5011.020020,1795530000
2015-04-16,4999.359863,5016.000000,4996.000000,5007.790039,5007.790039,1662850000
2015-04-17,4966.109863,4974.089844,4912.330078,4931.810059,4931.810059,1985190000
2015-04-20,4958.069824,5000.200195,4952.680176,4994.600098,4994.600098,1646340000
2015-04-21,5023.959961,5028.220215,5009.509766,5014.100098,5014.100098,1721260000
2015-04-22,5026.569824,5040.649902,4992.620117,5035.169922,5035.169922,1696380000
2015-04-23,5020.220215,5073.089844,5019.290039,5056.060059,5056.060059,1858620000
2015-04-24,5096.339844,5100.370117,5081.209961,5092.080078,5092.080078,1895150000
2015-04-27,5104.359863,5119.830078,5053.540039,5060.250000,5060.250000,2172470000
2015-04-28,5063.259766,5075.299805,5006.279785,5055.419922,5055.419922,2032500000
2015-04-29,5028.450195,5053.839844,4999.830078,5023.640137,5023.640137,1871300000
2015-04-30,4996.990234,5015.959961,4921.549805,4941.419922,4941.419922,2269290000
2015-05-01,4966.319824,5005.390137,4962.740234,5005.390137,5005.390137,1854400000
2015-05-04,5018.350098,5043.620117,5013.020020,5016.930176,5016.930176,1668200000
2015-05-05,5000.200195,5008.270020,4934.339844,4939.330078,4939.330078,2069490000
2015-05-06,4956.700195,4965.100098,4888.169922,4919.640137,4919.640137,2144620000
2015-05-07,4917.750000,4957.120117,4914.529785,4945.540039,4945.540039,2042960000
2015-05-08,4991.629883,5014.330078,4989.259766,5003.549805,5003.549805,1978760000
2015-05-11,5003.259766,5017.379883,4992.020020,4993.569824,4993.569824,1731390000
2015-05-12,4966.439941,4995.500000,4931.600098,4976.189941,4976.189941,1705870000
2015-05-13,4991.419922,5012.970215,4977.490234,4981.689941,4981.689941,1672260000
2015-05-14,5016.680176,5051.720215,4999.649902,5050.799805,5050.799805,1741970000
2015-05-15,5059.149902,5062.649902,5034.839844,5048.290039,5048.290039,1667260000
2015-05-18,5040.919922,5084.500000,5037.540039,5078.439941,5078.439941,1643870000
2015-05-19,5080.439941,5087.350098,5062.799805,5070.029785,5070.029785,1750980000
2015-05-20,5072.439941,5097.520020,5050.209961,5071.740234,5071.740234,1786830000
2015-05-21,5065.939941,5098.229980,5062.509766,5090.790039,5090.790039,1683670000
2015-05-22,5085.390137,5103.839844,5085.189941,5089.359863,5089.359863,1544920000
2015-05-26,5076.910156,5081.169922,5016.740234,5032.750000,5032.750000,1731950000
2015-05-27,5047.859863,5111.540039,5039.370117,5106.589844,5106.589844,1809550000
2015-05-28,5096.339844,5106.649902,5080.250000,5097.979980,5097.979980,1741420000
2015-05-29,5093.100098,5099.399902,5057.589844,5070.029785,5070.029785,2024170000
2015-06-01,5094.939941,5099.009766,5045.669922,5082.930176,5082.930176,1902120000
2015-06-02,5063.470215,5100.020020,5047.350098,5076.520020,5076.520020,1729750000
2015-06-03,5098.479980,5114.600098,5084.990234,5099.229980,5099.229980,1852680000
2015-06-04,5078.220215,5101.109863,5046.290039,5059.120117,5059.120117,1813960000
2015-06-05,5057.040039,5074.979980,5025.520020,5068.459961,5068.459961,1842890000
2015-06-08,5066.649902,5069.000000,5014.060059,5021.629883,5021.629883,1712210000
2015-06-09,5013.129883,5027.020020,4974.620117,5013.870117,5013.870117,1754340000
2015-06-10,5029.410156,5086.660156,5024.169922,5076.689941,5076.689941,1792980000
2015-06-11,5088.259766,5101.390137,5075.049805,5082.509766,5082.509766,1623950000
2015-06-12,5060.240234,5067.959961,5043.240234,5051.100098,5051.100098,1428900000
2015-06-15,5011.790039,5035.370117,4985.939941,5029.970215,5029.970215,1790280000
2015-06-16,5023.580078,5063.060059,5022.560059,5055.549805,5055.549805,1654820000
2015-06-17,5067.680176,5080.109863,5042.250000,5064.879883,5064.879883,1712820000
2015-06-18,5082.060059,5143.319824,5082.029785,5132.950195,5132.950195,1877920000
2015-06-19,5139.770020,5140.169922,5113.939941,5117.000000,5117.000000,2468310000
2015-06-22,5147.870117,5162.129883,5142.779785,5153.970215,5153.970215,1619970000
2015-06-23,5161.680176,5163.410156,5139.330078,5160.089844,5160.089844,1613540000
2015-06-24,5151.379883,5164.359863,5121.640137,5122.410156,5122.410156,1628800000
2015-06-25,5139.479980,5141.709961,5102.160156,5112.189941,5112.189941,1614760000
2015-06-26,5113.259766,5121.470215,5060.819824,5080.509766,5080.509766,3843810000
2015-06-29,5021.209961,5051.009766,4956.229980,4958.470215,4958.470215,2025580000
2015-06-30,5000.149902,5008.759766,4968.259766,4986.870117,4986.870117,2034430000
2015-07-01,5029.049805,5038.549805,4994.459961,5013.120117,5013.120117,1814560000
2015-07-02,5024.299805,5027.470215,4990.740234,5009.209961,5009.209961,1490810000
2015-07-06,4963.799805,5020.709961,4960.930176,4991.939941,4991.939941,1741500000
2015-07-07,4993.759766,5001.990234,4902.209961,4997.459961,4997.459961,2132080000
2015-07-08,4953.979980,4965.450195,4901.509766,4909.759766,4909.759766,1931520000
2015-07-09,4976.149902,4982.189941,4920.399902,4922.399902,4922.399902,1861600000
2015-07-10,4981.240234,5008.049805,4966.509766,4997.700195,4997.700195,1590230000
2015-07-13,5037.270020,5074.810059,5036.680176,5071.509766,5071.509766,1694140000
2015-07-14,5077.120117,5116.520020,5075.120117,5104.890137,5104.890137,1682660000
2015-07-15,5111.109863,5125.319824,5088.120117,5098.939941,5098.939941,1691350000
2015-07-16,5138.180176,5163.180176,5128.560059,5163.180176,5163.180176,1823530000
2015-07-17,5196.109863,5210.160156,5183.229980,5210.140137,5210.140137,1854450000
2015-07-20,5223.180176,5231.939941,5201.490234,5218.859863,5218.859863,1814180000
2015-07-21,5219.200195,5229.000000,5196.299805,5208.120117,5208.120117,1774570000
2015-07-22,5146.029785,5184.740234,5145.779785,5171.770020,5171.770020,2035730000
2015-07-23,5180.330078,5197.000000,5137.640137,5146.410156,5146.410156,2003310000
2015-07-24,5166.910156,5167.540039,5084.509766,5088.629883,5088.629883,2004380000
2015-07-27,5055.919922,5072.879883,5032.689941,5039.779785,5039.779785,1942520000
2015-07-28,5063.439941,5097.689941,5025.609863,5089.209961,5089.209961,2025110000
2015-07-29,5097.859863,5117.839844,5080.040039,5111.729980,5111.729980,1890350000
2015-07-30,5100.299805,5135.649902,5070.620117,5128.779785,5128.779785,1908480000
2015-07-31,5148.180176,5155.020020,5122.370117,5128.279785,5128.279785,1926360000
2015-08-03,5134.339844,5143.080078,5082.319824,5115.379883,5115.379883,1790080000
2015-08-04,5110.959961,5125.899902,5092.459961,5105.549805,5105.549805,1819700000
2015-08-05,5132.770020,5175.259766,5131.859863,5139.939941,5139.939941,2041490000
2015-08-06,5146.629883,5149.930176,5035.410156,5056.439941,5056.439941,2290950000
2015-08-07,5043.970215,5055.560059,5006.149902,5043.540039,5043.540039,2008360000
2015-08-10,5081.720215,5112.470215,5081.109863,5101.799805,5101.799805,1784930000
2015-08-11,5069.160156,5089.330078,5013.450195,5036.790039,5036.790039,1912340000
2015-08-12,4994.520020,5055.750000,4945.790039,5044.390137,5044.390137,2089460000
2015-08-13,5050.939941,5071.459961,5029.609863,5033.560059,5033.560059,1632340000
2015-08-14,5025.919922,5051.890137,5012.609863,5048.240234,5048.240234,1487630000
2015-08-17,5032.339844,5092.689941,5022.419922,5091.700195,5091.700195,1510790000
2015-08-18,5082.169922,5085.140137,5054.970215,5059.350098,5059.350098,1501540000
2015-08-19,5039.029785,5060.930176,4992.850098,5019.049805,5019.049805,1785420000
2015-08-20,4973.490234,4986.509766,4877.490234,4877.490234,4877.490234,2087000000
2015-08-21,4801.040039,4856.750000,4706.040039,4706.040039,4706.040039,2768540000
2015-08-24,4351.609863,4694.899902,4292.140137,4526.250000,4526.250000,3508840000
2015-08-25,4687.270020,4689.540039,4506.100098,4506.490234,4506.490234,2612800000
2015-08-26,4633.509766,4703.970215,4530.029785,4697.540039,4697.540039,2631660000
2015-08-27,4761.049805,4818.709961,4721.790039,4812.709961,4812.709961,2368880000
2015-08-28,4792.109863,4836.779785,4788.379883,4828.319824,4828.319824,1936540000
2015-08-31,4798.680176,4824.609863,4763.419922,4776.509766,4776.509766,1839010000
2015-09-01,4673.609863,4722.129883,4614.910156,4636.100098,4636.100098,2253750000
2015-09-02,4704.419922,4749.979980,4659.410156,4749.979980,4749.979980,1929080000
2015-09-03,4763.100098,4800.180176,4721.910156,4733.500000,4733.500000,1803320000
2015-09-04,4670.350098,4712.669922,4657.819824,4683.919922,4683.919922,1574720000
2015-09-08,4769.720215,4815.040039,4754.890137,4811.930176,4811.930176,1765600000
2015-09-09,4856.270020,4862.879883,4746.729980,4756.529785,4756.529785,1963750000
2015-09-10,4749.959961,4826.330078,4746.520020,4796.250000,4796.250000,1845770000
2015-09-11,4770.729980,4822.339844,4763.149902,4822.339844,4822.339844,1686190000
2015-09-14,4831.979980,4832.000000,4791.080078,4805.759766,4805.759766,1467740000
2015-09-15,4819.319824,4872.350098,4802.089844,4860.520020,4860.520020,1587460000
2015-09-16,4860.430176,4893.439941,4848.149902,4889.240234,4889.240234,1666380000
2015-09-17,4884.109863,4960.870117,4880.500000,4893.950195,4893.950195,1891510000
2015-09-18,4828.709961,4878.709961,4819.089844,4827.229980,4827.229980,3272150000
2015-09-21,4851.979980,4881.459961,4795.910156,4828.950195,4828.950195,2021530000
2015-09-22,4762.290039,4776.279785,4716.910156,4756.720215,4756.720215,2042880000
2015-09-23,4764.689941,4780.640137,4735.129883,4752.740234,4752.740234,1606330000
2015-09-24,4717.890137,4746.209961,4670.120117,4734.479980,4734.479980,1995820000
2015-09-25,4782.410156,4785.220215,4659.479980,4686.500000,4686.500000,2050530000
2015-09-28,4665.060059,4665.209961,4529.410156,4543.970215,4543.970215,2387610000
2015-09-29,4551.040039,4596.060059,4487.060059,4517.319824,4517.319824,2293450000
2015-09-30,4574.379883,4620.160156,4559.180176,4620.160156,4620.160156,2398350000
2015-10-01,4624.459961,4628.229980,4559.209961,4627.080078,4627.080078,2133990000
2015-10-02,4566.129883,4707.779785,4552.339844,4707.779785,4707.779785,2183320000
2015-10-05,4742.129883,4785.910156,4740.240234,4781.259766,4781.259766,2005320000
2015-10-06,4767.629883,4783.370117,4711.790039,4748.359863,4748.359863,2085020000
2015-10-07,4775.049805,4791.149902,4728.709961,4791.149902,4791.149902,2149890000
2015-10-08,4775.060059,4819.069824,4737.930176,4810.790039,4810.790039,1984230000
2015-10-09,4817.279785,4841.379883,4804.589844,4830.470215,4830.470215,1804260000
2015-10-12,4839.790039,4846.740234,4818.169922,4838.640137,4838.640137,1343820000
2015-10-13,4809.240234,4858.279785,4793.919922,4796.609863,4796.609863,1565060000
2015-10-14,4801.350098,4820.089844,4771.620117,4782.850098,4782.850098,1902460000
2015-10-15,4799.430176,4870.100098,4795.290039,4870.100098,4870.100098,1942900000
2015-10-16,4872.359863,4886.950195,4851.279785,4886.689941,4886.689941,1855290000
2015-10-19,4873.540039,4915.490234,4865.830078,4905.470215,4905.470215,1619920000
2015-10-20,4900.020020,4909.370117,4866.600098,4880.970215,4880.970215,1711700000
2015-10-21,4903.979980,4904.850098,4836.459961,4840.120117,4840.120117,1895390000
2015-10-22,4875.959961,4926.990234,4861.799805,4920.049805,4920.049805,2156040000
2015-10-23,5024.379883,5048.549805,4999.540039,5031.859863,5031.859863,2178270000
2015-10-26,5030.799805,5045.160156,5012.740234,5034.700195,5034.700195,1758690000
2015-10-27,5018.990234,5040.080078,5009.069824,5030.149902,5030.149902,1986840000
2015-10-28,5040.379883,5095.689941,5019.600098,5095.689941,5095.689941,2141130000
2015-10-29,5071.040039,5084.629883,5066.890137,5074.270020,5074.270020,1928310000
2015-10-30,5079.759766,5085.220215,5053.750000,5053.750000,5053.750000,2016390000
2015-11-02,5065.640137,5130.509766,5061.470215,5127.149902,5127.149902,1888180000
2015-11-03,5114.310059,5163.470215,5109.680176,5145.129883,5145.129883,2028630000
2015-11-04,5155.620117,5162.569824,5122.779785,5142.479980,5142.479980,2096110000
2015-11-05,5144.149902,5154.859863,5098.490234,5127.740234,5127.740234,2054490000
2015-11-06,5124.040039,5147.120117,5092.870117,5147.120117,5147.120117,2066430000
2015-11-09,5128.939941,5133.439941,5066.100098,5095.299805,5095.299805,1850770000
2015-11-10,5068.549805,5086.879883,5051.220215,5083.240234,5083.240234,1906120000
2015-11-11,5098.129883,5111.189941,5066.680176,5067.020020,5067.020020,1672340000
2015-11-12,5043.100098,5062.490234,5004.459961,5005.080078,5005.080078,1820930000
2015-11-13,4980.859863,4989.060059,4925.350098,4927.879883,4927.879883,2001050000
2015-11-16,4916.140137,4984.910156,4908.660156,4984.620117,4984.620117,1819190000
2015-11-17,4991.709961,5023.450195,4975.740234,4986.020020,4986.020020,1861710000
2015-11-18,5004.600098,5078.799805,5001.669922,5075.200195,5075.200195,2017390000
2015-11-19,5078.669922,5092.459961,5067.270020,5073.640137,5073.640137,1794110000
2015-11-20,5096.959961,5112.459961,5094.319824,5104.919922,5104.919922,1766630000
2015-11-23,5106.720215,5128.080078,5084.850098,5102.479980,5102.479980,1668280000
2015-11-24,5070.660156,5110.750000,5050.140137,5102.810059,5102.810059,1956920000
2015-11-25,5106.870117,5124.089844,5101.180176,5116.140137,5116.140137,1539300000
2015-11-27,5121.930176,5134.350098,5108.509766,5127.520020,5127.520020,781730000
2015-11-30,5139.580078,5141.359863,5098.700195,5108.669922,5108.669922,2244550000
2015-12-01,5129.640137,5156.310059,5120.169922,5156.310059,5156.310059,2035570000
2015-12-02,5158.819824,5176.770020,5117.149902,5123.220215,5123.220215,2060340000
2015-12-03,5143.160156,5144.600098,5011.720215,5037.529785,5037.529785,2088100000
2015-12-04,5050.930176,5147.000000,5043.490234,5142.270020,5142.270020,1897490000
2015-12-07,5139.459961,5139.779785,5082.229980,5101.810059,5101.810059,1952690000
2015-12-08,5050.520020,5111.729980,5045.729980,5098.240234,5098.240234,1871450000
2015-12-09,5077.209961,5106.370117,5000.120117,5022.870117,5022.870117,2003450000
2015-12-10,5026.299805,5075.649902,5019.310059,5045.169922,5045.169922,1746520000
2015-12-11,4979.770020,4996.189941,4928.669922,4933.470215,4933.470215,2084950000
2015-12-14,4932.609863,4953.600098,4871.589844,4952.229980,4952.229980,2216060000
2015-12-15,4991.209961,5026.540039,4986.990234,4995.359863,4995.359863,2054710000
2015-12-16,5033.479980,5078.990234,4992.629883,5071.129883,5071.129883,2036610000
2015-12-17,5087.169922,5088.580078,5002.549805,5002.549805,5002.549805,1897220000
2015-12-18,4982.580078,4996.490234,4921.330078,4923.080078,4923.080078,3765210000
2015-12-21,4957.529785,4968.919922,4928.930176,4968.919922,4968.919922,1673400000
2015-12-22,4988.680176,5007.770020,4964.080078,5001.109863,5001.109863,1556670000
2015-12-23,5025.549805,5046.089844,5020.439941,5045.930176,5045.930176,1591490000
2015-12-24,5046.189941,5063.279785,5043.649902,5048.490234,5048.490234,706880000
2015-12-28,5032.290039,5041.270020,4999.069824,5040.990234,5040.990234,1310650000
2015-12-29,5066.520020,5116.990234,5065.890137,5107.939941,5107.939941,1383470000
2015-12-30,5101.180176,5102.350098,5065.680176,5065.850098,5065.850098,1247530000
2015-12-31,5047.040039,5058.060059,5007.009766,5007.410156,5007.410156,1437480000
2016-01-04,4897.649902,4903.089844,4846.979980,4903.089844,4903.089844,2218420000
2016-01-05,4917.839844,4926.729980,4872.740234,4891.430176,4891.430176,1927380000
2016-01-06,4813.759766,4866.040039,4804.689941,4835.759766,4835.759766,2168620000
2016-01-07,4736.399902,4788.020020,4688.169922,4689.430176,4689.430176,2552590000
2016-01-08,4722.020020,4742.569824,4637.850098,4643.629883,4643.629883,2288750000
2016-01-11,4673.439941,4683.020020,4573.779785,4637.990234,4637.990234,2391110000
2016-01-12,4681.540039,4714.799805,4618.029785,4685.919922,4685.919922,2147470000
2016-01-13,4706.020020,4713.979980,4517.560059,4526.060059,4526.060059,2533200000
2016-01-14,4545.370117,4650.549805,4470.589844,4615.000000,4615.000000,2565560000
2016-01-15,4464.370117,4520.450195,4419.410156,4488.419922,4488.419922,2818630000
2016-01-19,4548.049805,4550.569824,4430.770020,4476.950195,4476.950195,2394550000
2016-01-20,4405.220215,4514.919922,4313.390137,4471.689941,4471.689941,3204130000
2016-01-21,4480.700195,4537.149902,4432.020020,4472.060059,4472.060059,2447750000
2016-01-22,4557.390137,4591.180176,4540.270020,4591.180176,4591.180176,2153340000
2016-01-25,4574.589844,4590.439941,4514.779785,4518.490234,4518.490234,2028880000
2016-01-26,4537.040039,4583.209961,4503.529785,4567.669922,4567.669922,1981180000
2016-01-27,4548.870117,4568.850098,4450.830078,4468.169922,4468.169922,2115710000
2016-01-28,4533.810059,4533.810059,4447.500000,4506.680176,4506.680176,2322310000
2016-01-29,4512.089844,4613.950195,4511.299805,4613.950195,4613.950195,2617550000
2016-02-01,4587.589844,4636.930176,4565.370117,4620.370117,4620.370117,1983340000
2016-02-02,4588.689941,4589.899902,4503.120117,4516.950195,4516.950195,2185180000
2016-02-03,4543.819824,4547.319824,4424.470215,4504.240234,4504.240234,2466190000
2016-02-04,4492.479980,4545.520020,4463.990234,4509.560059,4509.560059,2200930000
2016-02-05,4491.479980,4493.189941,4350.370117,4363.140137,4363.140137,2489280000
2016-02-08,4288.020020,4301.529785,4212.810059,4283.750000,4283.750000,2702070000
2016-02-09,4224.870117,4329.609863,4222.479980,4268.759766,4268.759766,2465790000
2016-02-10,4318.279785,4369.620117,4280.729980,4283.589844,4283.589844,2448380000
2016-02-11,4218.810059,4293.220215,4209.759766,4266.839844,4266.839844,2812330000
2016-02-12,4307.290039,4340.129883,4274.149902,4337.509766,4337.509766,1983190000
2016-02-16,4397.950195,4435.959961,4376.520020,4435.959961,4435.959961,2117920000
2016-02-17,4471.660156,4540.779785,4463.509766,4534.060059,4534.060059,2296440000
2016-02-18,4548.100098,4548.470215,4482.770020,4487.540039,4487.540039,1955870000
2016-02-19,4464.669922,4513.149902,4455.100098,4504.430176,4504.430176,1903770000
2016-02-22,4548.310059,4576.470215,4546.549805,4570.609863,4570.609863,1794020000
2016-02-23,4550.049805,4558.060059,4500.939941,4503.580078,4503.580078,1777750000
2016-02-24,4453.930176,4547.640137,4425.720215,4542.609863,4542.609863,1978180000
2016-02-25,4554.729980,4582.200195,4516.890137,4582.200195,4582.200195,1667840000
2016-02-26,4615.140137,4618.850098,4580.779785,4590.470215,4590.470215,1814920000
2016-02-29,4585.299805,4619.899902,4557.459961,4557.950195,4557.950195,2065260000
2016-03-01,4596.009766,4689.600098,4581.750000,4689.600098,4689.600098,2080150000
2016-03-02,4683.799805,4703.580078,4665.930176,4703.419922,4703.419922,1912510000
2016-03-03,4698.379883,4707.720215,4674.459961,4707.419922,4707.419922,1936290000
2016-03-04,4715.759766,4746.649902,4687.939941,4717.020020,4717.020020,2171230000
2016-03-07,4690.879883,4731.189941,4674.819824,4708.250000,4708.250000,2084390000
2016-03-08,4676.220215,4695.040039,4642.859863,4648.819824,4648.819824,1993060000
2016-03-09,4666.419922,4676.470215,4642.419922,4674.379883,4674.379883,1789550000
2016-03-10,4691.200195,4716.140137,4607.990234,4662.160156,4662.160156,1936470000
2016-03-11,4712.379883,4748.790039,4700.910156,4748.470215,4748.470215,1801790000
2016-03-14,4733.390137,4762.270020,4731.509766,4750.279785,4750.279785,1615100000
2016-03-15,4731.140137,4735.270020,4712.069824,4728.669922,4728.669922,1692420000
2016-03-16,4717.879883,4774.779785,4716.450195,4763.970215,4763.970215,1781060000
2016-03-17,4752.620117,4788.089844,4737.970215,4774.990234,4774.990234,1907190000
2016-03-18,4784.629883,4804.580078,4772.410156,4795.649902,4795.649902,2829040000
2016-03-21,4787.310059,4814.850098,4785.379883,4808.870117,4808.870117,1609230000
2016-03-22,4783.600098,4835.600098,4781.709961,4821.660156,4821.660156,1596200000
2016-03-23,4813.870117,4816.669922,4765.370117,4768.859863,4768.859863,1732630000
2016-03-24,4743.359863,4773.500000,4734.770020,4773.500000,4773.500000,1590990000
2016-03-28,4785.250000,4787.390137,4760.009766,4766.790039,4766.790039,1381000000
2016-03-29,4756.549805,4849.310059,4749.779785,4846.620117,4846.620117,1806490000
2016-03-30,4875.459961,4899.140137,4859.350098,4869.290039,4869.290039,1717820000
2016-03-31,4869.569824,4891.299805,4864.410156,4869.850098,4869.850098,1774270000
2016-04-01,4842.549805,4917.089844,4832.060059,4914.540039,4914.540039,1812250000
2016-04-04,4911.209961,4917.750000,4885.169922,4891.799805,4891.799805,1705730000
2016-04-05,4855.899902,4872.700195,4838.620117,4843.930176,4843.930176,1726010000
2016-04-06,4849.580078,4921.509766,4849.279785,4920.720215,4920.720215,1761770000
2016-04-07,4893.569824,4901.490234,4831.490234,4848.370117,4848.370117,1908940000
2016-04-08,4883.990234,4892.600098,4835.359863,4850.689941,4850.689941,1588830000
2016-04-11,4873.390137,4897.549805,4833.399902,4833.399902,4833.399902,1545540000
2016-04-12,4838.819824,4879.600098,4808.910156,4872.089844,4872.089844,1759280000
2016-04-13,4904.790039,4951.910156,4903.600098,4947.419922,4947.419922,1936450000
2016-04-14,4947.620117,4961.299805,4931.810059,4945.890137,4945.890137,1645810000
2016-04-15,4938.830078,4950.430176,4925.459961,4938.220215,4938.220215,1684790000
2016-04-18,4919.359863,4960.790039,4915.629883,4960.020020,4960.020020,1672260000
2016-04-19,4968.299805,4968.669922,4915.520020,4940.330078,4940.330078,1824250000
2016-04-20,4941.990234,4969.319824,4928.290039,4948.129883,4948.129883,1781340000
2016-04-21,4949.120117,4966.609863,4932.640137,4945.890137,4945.890137,1758190000
2016-04-22,4898.240234,4921.660156,4872.020020,4906.229980,4906.229980,2018930000
2016-04-25,4891.479980,4904.870117,4878.370117,4895.790039,4895.790039,1582270000
2016-04-26,4903.810059,4915.000000,4875.419922,4888.279785,4888.279785,1825020000
2016-04-27,4855.379883,4872.910156,4826.379883,4863.140137,4863.140137,1938780000
2016-04-28,4857.600098,4889.160156,4796.319824,4805.290039,4805.290039,2161400000
2016-04-29,4805.790039,4807.890137,4740.839844,4775.359863,4775.359863,2376460000
2016-05-02,4786.549805,4821.569824,4768.279785,4817.589844,4817.589844,1880460000
2016-05-03,4780.879883,4791.430176,4749.709961,4763.220215,4763.220215,1984340000
2016-05-04,4735.279785,4751.640137,4713.910156,4725.640137,4725.640137,1950800000
2016-05-05,4742.419922,4744.549805,4709.750000,4717.089844,4717.089844,1888350000
2016-05-06,4695.899902,4736.160156,4684.279785,4736.160156,4736.160156,1860800000
2016-05-09,4736.350098,4771.939941,4735.060059,4750.209961,4750.209961,1625100000
2016-05-10,4768.910156,4811.299805,4758.200195,4809.879883,4809.879883,1760120000
2016-05-11,4799.299805,4812.189941,4760.359863,4760.689941,4760.689941,1859110000
2016-05-12,4778.189941,4779.459961,4710.169922,4737.330078,4737.330078,1930450000
2016-05-13,4731.069824,4759.290039,4708.259766,4717.680176,4717.680176,1698030000
2016-05-16,4728.859863,4791.250000,4724.729980,4775.459961,4775.459961,1741510000
2016-05-17,4768.850098,4776.149902,4703.390137,4715.729980,4715.729980,1925230000
2016-05-18,4705.779785,4762.279785,4704.490234,4739.120117,4739.120117,1934100000
2016-05-19,4717.359863,4735.270020,4678.379883,4712.529785,4712.529785,1805890000
2016-05-20,4729.439941,4781.700195,4729.000000,4769.560059,4769.560059,1970520000
2016-05-23,4771.569824,4792.640137,4763.910156,4765.779785,4765.779785,1865110000
2016-05-24,4792.850098,4865.990234,4792.629883,4861.060059,4861.060059,1942280000
2016-05-25,4877.180176,4905.450195,4872.419922,4894.890137,4894.890137,1784420000
2016-05-26,4897.779785,4909.379883,4887.270020,4901.770020,4901.770020,1606250000
2016-05-27,4904.049805,4933.500000,4902.500000,4933.500000,4933.500000,1505020000
2016-05-31,4938.479980,4951.450195,4923.029785,4948.049805,4948.049805,2285350000
2016-06-01,4928.970215,4958.979980,4923.200195,4952.250000,4952.250000,1797090000
2016-06-02,4941.250000,4971.359863,4924.229980,4971.359863,4971.359863,1729050000
2016-06-03,4958.100098,4958.649902,4909.209961,4942.520020,4942.520020,1697840000
2016-06-06,4950.459961,4980.140137,4944.870117,4968.709961,4968.709961,1663840000
2016-06-07,4972.129883,4979.379883,4960.279785,4961.750000,4961.750000,1747760000
2016-06-08,4970.009766,4979.660156,4956.790039,4974.640137,4974.640137,1692640000
2016-06-09,4954.149902,4965.490234,4940.549805,4958.620117,4958.620117,1632340000
2016-06-10,4915.149902,4917.919922,4880.609863,4894.549805,4894.549805,1822200000
2016-06-13,4868.509766,4894.850098,4844.939941,4848.439941,4848.439941,1888300000
2016-06-14,4836.669922,4863.009766,4811.930176,4843.549805,4843.549805,1919710000
2016-06-15,4855.080078,4868.160156,4830.330078,4834.930176,4834.930176,1802200000
2016-06-16,4809.689941,4847.859863,4778.779785,4844.919922,4844.919922,1851770000
2016-06-17,4835.020020,4835.020020,4792.339844,4800.339844,4800.339844,2638220000
2016-06-20,4856.689941,4882.149902,4834.509766,4837.209961,4837.209961,1779560000
2016-06-21,4845.080078,4852.189941,4826.589844,4843.759766,4843.759766,1698080000
2016-06-22,4846.680176,4875.930176,4830.000000,4833.319824,4833.319824,1682220000
2016-06-23,4872.189941,4910.040039,4859.399902,4910.040039,4910.040039,1738570000
2016-06-24,4715.790039,4798.220215,4698.419922,4707.979980,4707.979980,4411040000
2016-06-27,4664.430176,4665.040039,4574.250000,4594.439941,4594.439941,2659650000
2016-06-28,4643.930176,4692.979980,4643.930176,4691.870117,4691.870117,2074090000
2016-06-29,4732.930176,4787.589844,4732.339844,4779.250000,4779.250000,2116550000
2016-06-30,4793.750000,4843.109863,4774.520020,4842.669922,4842.669922,2171180000
2016-07-01,4837.180176,4880.169922,4837.169922,4862.569824,4862.569824,1745130000
2016-07-05,4837.060059,4839.129883,4797.290039,4822.899902,4822.899902,1690340000
2016-07-06,4799.319824,4861.049805,4786.009766,4859.160156,4859.160156,1876090000
2016-07-07,4867.470215,4889.009766,4853.680176,4876.810059,4876.810059,1672770000
2016-07-08,4906.660156,4959.000000,4901.270020,4956.759766,4956.759766,1947260000
2016-07-11,4976.540039,5002.500000,4976.540039,4988.640137,4988.640137,1718450000
2016-07-12,5017.990234,5032.100098,5009.680176,5022.819824,5022.819824,1866280000
2016-07-13,5036.319824,5036.379883,5002.819824,5005.729980,5005.729980,1650820000
2016-07-14,5041.950195,5045.180176,5025.149902,5034.060059,5034.060059,1641170000
2016-07-15,5041.189941,5044.810059,5018.520020,5029.589844,5029.589844,1610300000
2016-07-18,5034.990234,5063.529785,5030.129883,5055.779785,5055.779785,1585570000
2016-07-19,5038.220215,5052.240234,5028.240234,5036.370117,5036.370117,1694740000
2016-07-20,5061.600098,5098.250000,5053.919922,5089.930176,5089.930176,1877330000
2016-07-21,5093.970215,5102.779785,5061.109863,5073.899902,5073.899902,1880310000
2016-07-22,5078.120117,5103.520020,5064.109863,5100.160156,5100.160156,1639000000
2016-07-25,5096.990234,5100.720215,5082.660156,5097.629883,5097.629883,1770620000
2016-07-26,5095.609863,5122.299805,5084.180176,5110.049805,5110.049805,2038060000
2016-07-27,5143.839844,5151.060059,5120.660156,5139.810059,5139.810059,2122250000
2016-07-28,5144.819824,5160.160156,5130.750000,5154.979980,5154.979980,1950910000
2016-07-29,5162.149902,5175.810059,5140.049805,5162.129883,5162.129883,2072640000
2016-08-01,5167.419922,5199.129883,5158.930176,5184.200195,5184.200195,1866590000
2016-08-02,5177.529785,5181.020020,5109.799805,5137.729980,5137.729980,2142010000
2016-08-03,5133.240234,5159.740234,5128.439941,5159.740234,5159.740234,1909470000
2016-08-04,5158.020020,5174.000000,5145.390137,5166.250000,5166.250000,1930000000
2016-08-05,5190.709961,5227.229980,5186.250000,5221.120117,5221.120117,2017720000
2016-08-08,5223.540039,5228.399902,5202.180176,5213.140137,5213.140137,1624450000
2016-08-09,5216.209961,5238.540039,5214.950195,5225.479980,5225.479980,1664320000
2016-08-10,5227.950195,5227.959961,5193.799805,5204.580078,5204.580078,1651240000
2016-08-11,5222.149902,5235.290039,5211.250000,5228.399902,5228.399902,1511670000
2016-08-12,5219.660156,5233.339844,5215.549805,5232.890137,5232.890137,1501620000
2016-08-15,5242.180176,5271.359863,5241.140137,5262.020020,5262.020020,1533170000
2016-08-16,5247.959961,5248.259766,5226.779785,5227.109863,5227.109863,1698390000
2016-08-17,5228.439941,5230.089844,5197.229980,5228.660156,5228.660156,1747890000
2016-08-18,5226.450195,5243.169922,5221.839844,5240.149902,5240.149902,1659080000
2016-08-19,5229.870117,5245.810059,5217.649902,5238.379883,5238.379883,1632740000
2016-08-22,5231.459961,5252.129883,5224.629883,5244.600098,5244.600098,1560210000
2016-08-23,5265.779785,5275.740234,5257.899902,5260.080078,5260.080078,1547050000
2016-08-24,5254.419922,5262.990234,5205.640137,5217.689941,5217.689941,1714780000
2016-08-25,5207.609863,5230.589844,5201.640137,5212.200195,5212.200195,1511890000
2016-08-26,5219.049805,5253.390137,5191.859863,5218.919922,5218.919922,1591060000
2016-08-29,5223.799805,5245.120117,5222.339844,5232.330078,5232.330078,1416640000
2016-08-30,5229.879883,5241.620117,5205.609863,5222.990234,5222.990234,1561020000
2016-08-31,5216.419922,5219.890137,5191.180176,5213.220215,5213.220215,1761770000
2016-09-01,5218.279785,5229.939941,5189.359863,5227.209961,5227.209961,1592520000
2016-09-02,5249.660156,5263.390137,5231.020020,5249.899902,5249.899902,1474200000
2016-09-06,5260.000000,5275.910156,5244.000000,5275.910156,5275.910156,1777940000
2016-09-07,5274.229980,5287.609863,5261.919922,5283.930176,5283.930176,1878460000
2016-09-08,5269.959961,5271.009766,5248.410156,5259.479980,5259.479980,1839790000
2016-09-09,5217.950195,5225.930176,5125.910156,5125.910156,5125.910156,2208690000
2016-09-12,5098.029785,5217.879883,5097.799805,5211.890137,5211.890137,2007610000
2016-09-13,5181.140137,5195.029785,5131.270020,5155.250000,5155.250000,2071460000
2016-09-14,5160.209961,5201.339844,5159.549805,5173.770020,5173.770020,1902680000
2016-09-15,5178.100098,5254.779785,5176.250000,5249.689941,5249.689941,1950940000
2016-09-16,5238.709961,5248.600098,5218.970215,5244.569824,5244.569824,3013860000
2016-09-19,5263.549805,5281.069824,5222.910156,5235.029785,5235.029785,1792650000
2016-09-20,5256.189941,5265.180176,5235.419922,5241.350098,5241.350098,1697530000
2016-09-21,5263.649902,5299.399902,5233.939941,5295.180176,5295.180176,2001890000
2016-09-22,5323.259766,5342.879883,5320.930176,5339.520020,5339.520020,1914550000
2016-09-23,5327.430176,5329.709961,5301.629883,5305.750000,5305.750000,1762700000
2016-09-26,5275.729980,5282.270020,5254.959961,5257.490234,5257.490234,1672190000
2016-09-27,5254.180176,5306.810059,5251.319824,5305.709961,5305.709961,1754700000
2016-09-28,5312.729980,5320.620117,5284.839844,5318.549805,5318.549805,1788240000
2016-09-29,5311.310059,5317.000000,5254.520020,5269.149902,5269.149902,1946150000
2016-09-30,5288.870117,5325.879883,5277.879883,5312.000000,5312.000000,2063260000
2016-10-03,5300.290039,5308.600098,5281.950195,5300.870117,5300.870117,1606460000
2016-10-04,5313.490234,5323.600098,5271.700195,5289.660156,5289.660156,1711810000
2016-10-05,5305.279785,5330.810059,5304.060059,5316.020020,5316.020020,1755640000
2016-10-06,5306.589844,5315.729980,5281.470215,5306.850098,5306.850098,1655480000
2016-10-07,5314.919922,5315.649902,5266.799805,5292.399902,5292.399902,1647330000
2016-10-10,5318.459961,5340.520020,5317.729980,5328.669922,5328.669922,1365600000
2016-10-11,5321.819824,5321.819824,5227.430176,5246.790039,5246.790039,1822980000
2016-10-12,5247.910156,5257.180176,5228.770020,5239.020020,5239.020020,1567930000
2016-10-13,5200.299805,5228.259766,5169.759766,5213.330078,5213.330078,1737720000
2016-10-14,5241.259766,5258.879883,5213.370117,5214.160156,5214.160156,1593610000
2016-10-17,5213.689941,5219.979980,5196.029785,5199.819824,5199.819824,1427060000
2016-10-18,5255.319824,5264.270020,5239.439941,5243.839844,5243.839844,1476970000
2016-10-19,5240.330078,5253.830078,5234.250000,5246.410156,5246.410156,1548910000
2016-10-20,5238.200195,5252.100098,5216.049805,5241.830078,5241.830078,1745270000
2016-10-21,5238.649902,5259.129883,5225.759766,5257.399902,5257.399902,1651490000
2016-10-24,5290.310059,5311.500000,5289.229980,5309.830078,5309.830078,1533370000
2016-10-25,5306.470215,5310.270020,5278.569824,5283.399902,5283.399902,1580830000
2016-10-26,5256.399902,5280.850098,5237.049805,5250.270020,5250.270020,1732300000
2016-10-27,5272.189941,5274.120117,5211.750000,5215.970215,5215.970215,1926820000
2016-10-28,5203.700195,5232.350098,5178.759766,5190.100098,5190.100098,1911810000
2016-10-31,5205.089844,5206.709961,5186.560059,5189.140137,5189.140137,1709060000
2016-11-01,5199.770020,5201.129883,5112.319824,5153.580078,5153.580078,1880920000
2016-11-02,5147.279785,5156.700195,5097.560059,5105.569824,5105.569824,2124990000
2016-11-03,5104.700195,5115.060059,5053.520020,5058.410156,5058.410156,2113730000
2016-11-04,5034.410156,5087.509766,5034.410156,5046.370117,5046.370117,2020130000
2016-11-07,5128.990234,5169.410156,5122.770020,5166.169922,5166.169922,1916620000
2016-11-08,5154.990234,5214.169922,5145.299805,5193.490234,5193.490234,1739440000
2016-11-09,5143.859863,5258.990234,5143.859863,5251.069824,5251.069824,2827570000
2016-11-10,5283.479980,5302.680176,5145.319824,5208.799805,5208.799805,2986760000
2016-11-11,5191.819824,5241.080078,5179.640137,5237.109863,5237.109863,2290080000
2016-11-14,5246.330078,5247.169922,5192.049805,5218.399902,5218.399902,2371900000
2016-11-15,5241.350098,5287.060059,5236.250000,5275.620117,5275.620117,2159180000
2016-11-16,5253.740234,5299.629883,5251.879883,5294.580078,5294.580078,2066130000
2016-11-17,5295.069824,5334.049805,5288.160156,5333.970215,5333.970215,2084710000
2016-11-18,5340.970215,5346.799805,5315.529785,5321.509766,5321.509766,1865770000
2016-11-21,5336.779785,5369.830078,5334.160156,5368.859863,5368.859863,1748170000
2016-11-22,5384.750000,5392.259766,5365.600098,5386.350098,5386.350098,1890410000
2016-11-23,5366.549805,5380.680176,5350.680176,5380.680176,5380.680176,1617700000
2016-11-25,5388.490234,5398.919922,5379.279785,5398.919922,5398.919922,768080000
2016-11-28,5387.919922,5396.270020,5364.910156,5368.810059,5368.810059,1630150000
2016-11-29,5370.979980,5403.859863,5360.560059,5379.919922,5379.919922,1791760000
2016-11-30,5391.350098,5393.149902,5323.680176,5323.680176,5323.680176,2056060000
2016-12-01,5323.879883,5326.339844,5238.209961,5251.109863,5251.109863,2269790000
2016-12-02,5249.020020,5274.540039,5239.270020,5255.649902,5255.649902,1851030000
2016-12-05,5283.580078,5321.089844,5269.569824,5308.890137,5308.890137,1800570000
2016-12-06,5317.740234,5333.990234,5299.939941,5333.000000,5333.000000,1977480000
2016-12-07,5322.669922,5397.930176,5307.310059,5393.759766,5393.759766,2125370000
2016-12-08,5394.149902,5425.520020,5389.100098,5417.359863,5417.359863,2236580000
2016-12-09,5436.109863,5450.160156,5427.120117,5444.500000,5444.500000,2042340000
2016-12-12,5428.220215,5434.899902,5394.419922,5412.540039,5412.540039,1931840000
2016-12-13,5433.569824,5486.750000,5430.720215,5463.830078,5463.830078,2094860000
2016-12-14,5465.689941,5476.250000,5425.729980,5436.669922,5436.669922,1976570000
2016-12-15,5443.509766,5485.120117,5439.390137,5456.850098,5456.850098,2101320000
2016-12-16,5467.819824,5474.580078,5426.009766,5437.160156,5437.160156,3281480000
2016-12-19,5441.200195,5483.419922,5436.540039,5457.439941,5457.439941,1688680000
2016-12-20,5473.529785,5489.470215,5471.709961,5483.939941,5483.939941,1679630000
2016-12-21,5482.629883,5486.259766,5465.310059,5471.430176,5471.430176,1496850000
2016-12-22,5472.009766,5472.009766,5432.770020,5447.419922,5447.419922,1585470000
2016-12-23,5441.759766,5462.689941,5441.759766,5462.689941,5462.689941,1144900000
2016-12-27,5470.759766,5512.370117,5469.609863,5487.439941,5487.439941,1219050000
2016-12-28,5497.439941,5498.910156,5434.700195,5438.560059,5438.560059,1326660000
2016-12-29,5437.509766,5450.629883,5415.180176,5432.089844,5432.089844,1266350000
2016-12-30,5440.169922,5441.899902,5371.890137,5383.120117,5383.120117,1551690000
2017-01-03,5425.620117,5452.569824,5397.990234,5429.080078,5429.080078,1887670000
2017-01-04,5440.910156,5482.350098,5440.240234,5477.000000,5477.000000,1885490000
2017-01-05,5474.390137,5495.850098,5464.359863,5487.939941,5487.939941,1799170000
2017-01-06,5499.080078,5536.520020,5482.810059,5521.060059,5521.060059,1711870000
2017-01-09,5527.580078,5541.080078,5517.140137,5531.819824,5531.819824,1887740000
2017-01-10,5536.540039,5564.250000,5528.109863,5551.819824,5551.819824,1798610000
2017-01-11,5550.720215,5564.080078,5524.029785,5563.649902,5563.649902,1960830000
2017-01-12,5542.560059,5550.669922,5496.819824,5547.490234,5547.490234,1805840000
2017-01-13,5557.569824,5584.259766,5557.200195,5574.120117,5574.120117,1611260000
2017-01-17,5555.160156,5557.049805,5527.220215,5538.729980,5538.729980,1759440000
2017-01-18,5546.939941,5555.979980,5534.770020,5555.649902,5555.649902,1686260000
2017-01-19,5560.609863,5571.529785,5528.370117,5540.080078,5540.080078,1809900000
2017-01-20,5556.870117,5574.350098,5542.229980,5555.330078,5555.330078,1750340000
2017-01-23,5546.640137,5564.140137,5522.689941,5552.939941,5552.939941,1652370000
2017-01-24,5568.270020,5606.529785,5558.490234,5600.959961,5600.959961,1808560000
2017-01-25,5635.859863,5658.589844,5634.330078,5656.339844,5656.339844,1964040000
2017-01-26,5666.279785,5669.609863,5647.649902,5655.180176,5655.180176,1837020000
2017-01-27,5664.879883,5667.450195,5643.899902,5660.779785,5660.779785,1669190000
2017-01-30,5635.859863,5636.089844,5578.759766,5613.709961,5613.709961,1782380000
2017-01-31,5592.870117,5615.149902,5576.089844,5614.790039,5614.790039,2047460000
2017-02-01,5654.509766,5662.109863,5621.029785,5642.649902,5642.649902,2239570000
2017-02-02,5627.149902,5656.009766,5616.399902,5636.200195,5636.200195,2077010000
2017-02-03,5650.729980,5666.839844,5647.580078,5666.770020,5666.770020,1792330000
2017-02-06,5656.950195,5668.200195,5650.259766,5663.549805,5663.549805,1736140000
2017-02-07,5674.859863,5689.600098,5664.819824,5674.220215,5674.220215,1922030000
2017-02-08,5662.950195,5686.959961,5649.390137,5682.450195,5682.450195,1947100000
2017-02-09,5688.020020,5722.709961,5685.149902,5715.180176,5715.180176,1948120000
2017-02-10,5726.169922,5743.430176,5717.419922,5734.129883,5734.129883,1867270000
2017-02-13,5753.189941,5770.990234,5751.919922,5763.959961,5763.959961,1843480000
2017-02-14,5756.509766,5783.089844,5748.740234,5782.569824,5782.569824,1952370000
2017-02-15,5777.899902,5821.950195,5776.700195,5819.439941,5819.439941,2094140000
2017-02-16,5823.009766,5835.149902,5796.709961,5814.899902,5814.899902,1945600000
2017-02-17,5807.310059,5838.580078,5800.799805,5838.580078,5838.580078,1879030000
2017-02-21,5850.200195,5867.890137,5847.500000,5865.950195,5865.950195,1940110000
2017-02-22,5857.560059,5864.419922,5848.279785,5860.629883,5860.629883,1874710000
2017-02-23,5866.819824,5866.959961,5809.549805,5835.509766,5835.509766,1881490000
2017-02-24,5802.330078,5845.310059,5800.549805,5845.310059,5845.310059,1684650000
2017-02-27,5835.040039,5861.899902,5827.000000,5861.899902,5861.899902,1882610000
2017-02-28,5852.790039,5855.069824,5817.220215,5825.439941,5825.439941,2303390000
2017-03-01,5874.859863,5911.790039,5865.790039,5904.029785,5904.029785,2220350000
2017-03-02,5897.009766,5897.009766,5856.299805,5861.220215,5861.220215,2043610000
2017-03-03,5854.270020,5870.750000,5841.470215,5870.750000,5870.750000,1853600000
2017-03-06,5846.419922,5857.740234,5827.459961,5849.180176,5849.180176,1774040000
2017-03-07,5836.120117,5859.770020,5826.319824,5833.930176,5833.930176,1825510000
2017-03-08,5838.439941,5860.629883,5832.629883,5837.549805,5837.549805,1813080000
2017-03-09,5834.669922,5852.540039,5812.080078,5838.810059,5838.810059,1886780000
2017-03-10,5867.160156,5872.600098,5835.439941,5861.729980,5861.729980,1999440000
2017-03-13,5863.479980,5877.430176,5860.830078,5875.779785,5875.779785,1812460000
2017-03-14,5860.069824,5860.500000,5831.879883,5856.819824,5856.819824,1664870000
2017-03-15,5869.979980,5911.200195,5858.160156,5900.049805,5900.049805,1955400000
2017-03-16,5907.859863,5911.479980,5887.240234,5900.759766,5900.759766,1770640000
2017-03-17,5898.580078,5912.609863,5890.419922,5901.000000,5901.000000,3189970000
2017-03-20,5898.810059,5915.120117,5888.120117,5901.529785,5901.529785,1736790000
2017-03-21,5923.419922,5928.060059,5790.729980,5793.830078,5793.830078,2199920000
2017-03-22,5790.589844,5825.669922,5781.799805,5821.640137,5821.640137,1860290000
2017-03-23,5812.310059,5842.819824,5806.979980,5817.689941,5817.689941,1746990000
2017-03-24,5839.330078,5858.950195,5807.830078,5828.740234,5828.740234,1855040000
2017-03-27,5776.330078,5849.200195,5769.390137,5840.370117,5840.370117,1673060000
2017-03-28,5836.500000,5888.700195,5828.859863,5875.140137,5875.140137,1823600000
2017-03-29,5875.350098,5900.870117,5870.930176,5897.549805,5897.549805,1722190000
2017-03-30,5896.149902,5916.770020,5894.000000,5914.339844,5914.339844,1732100000
2017-03-31,5905.629883,5927.810059,5901.770020,5911.740234,5911.740234,1905150000
2017-04-03,5917.319824,5928.930176,5867.729980,5894.680176,5894.680176,1852990000
2017-04-04,5878.759766,5901.390137,5878.759766,5898.609863,5898.609863,1795260000
2017-04-05,5911.919922,5936.390137,5856.259766,5864.479980,5864.479980,2208600000
2017-04-06,5870.520020,5889.580078,5856.220215,5878.950195,5878.950195,1849790000
2017-04-07,5873.939941,5892.069824,5855.509766,5877.810059,5877.810059,1703730000
2017-04-10,5883.430176,5907.850098,5865.560059,5880.930176,5880.930176,1633190000
2017-04-11,5871.160156,5878.939941,5819.290039,5866.770020,5866.770020,1830760000
2017-04-12,5863.589844,5868.089844,5830.439941,5836.160156,5836.160156,1666570000
2017-04-13,5828.370117,5856.540039,5805.149902,5805.149902,5805.149902,1587150000
2017-04-17,5821.549805,5856.790039,5818.200195,5856.790039,5856.790039,1383550000
2017-04-18,5838.589844,5860.040039,5828.569824,5849.470215,5849.470215,1610230000
2017-04-19,5874.430176,5894.680176,5856.339844,5863.029785,5863.029785,1754240000
2017-04-20,5887.870117,5926.229980,5880.200195,5916.779785,5916.779785,1751490000
2017-04-21,5919.020020,5919.229980,5899.430176,5910.520020,5910.520020,1736420000
2017-04-24,5979.959961,5989.919922,5970.250000,5983.819824,5983.819824,1842880000
2017-04-25,6004.160156,6036.020020,6002.649902,6025.490234,6025.490234,1898120000
2017-04-26,6028.120117,6040.890137,6021.720215,6025.229980,6025.229980,1899570000
2017-04-27,6038.470215,6050.700195,6031.589844,6048.939941,6048.939941,1883610000
2017-04-28,6072.870117,6074.040039,6040.709961,6047.609863,6047.609863,2005870000
2017-05-01,6067.560059,6100.729980,6061.350098,6091.600098,6091.600098,1763100000
2017-05-02,6102.509766,6102.720215,6081.560059,6095.370117,6095.370117,2162610000
2017-05-03,6075.040039,6076.959961,6053.279785,6072.549805,6072.549805,2152850000
2017-05-04,6075.060059,6080.819824,6054.330078,6075.339844,6075.339844,2059820000
2017-05-05,6091.689941,6100.759766,6067.160156,6100.759766,6100.759766,1903040000
2017-05-08,6100.660156,6106.120117,6083.060059,6102.660156,6102.660156,1912030000
2017-05-09,6111.819824,6133.000000,6107.589844,6120.589844,6120.589844,2005820000
2017-05-10,6121.640137,6131.640137,6103.870117,6129.140137,6129.140137,2111850000
2017-05-11,6110.049805,6120.200195,6075.680176,6115.959961,6115.959961,1952650000
2017-05-12,6119.270020,6122.839844,6105.419922,6121.229980,6121.229980,1749010000
2017-05-15,6128.109863,6153.040039,6124.790039,6149.669922,6149.669922,1865450000
2017-05-16,6160.520020,6170.160156,6139.100098,6169.870117,6169.870117,2006980000
2017-05-17,6108.620117,6122.870117,6009.479980,6011.240234,6011.240234,2355460000
2017-05-18,5998.459961,6073.450195,5996.810059,6055.129883,6055.129883,2134610000
2017-05-19,6070.229980,6106.549805,6070.229980,6083.700195,6083.700195,1908030000
2017-05-22,6098.250000,6135.919922,6097.240234,6133.620117,6133.620117,1728190000
2017-05-23,6149.549805,6150.910156,6121.790039,6138.709961,6138.709961,1709140000
2017-05-24,6154.180176,6166.089844,6139.330078,6163.020020,6163.020020,1672380000
2017-05-25,6183.020020,6217.339844,6174.520020,6205.259766,6205.259766,1775750000
2017-05-26,6207.040039,6211.520020,6196.660156,6210.189941,6210.189941,1573200000
2017-05-30,6204.180176,6217.129883,6200.410156,6203.189941,6203.189941,1690930000
2017-05-31,6221.629883,6221.990234,6164.069824,6198.520020,6198.520020,2212130000
2017-06-01,6215.910156,6247.069824,6200.450195,6246.830078,6246.830078,1946000000
2017-06-02,6261.589844,6308.759766,6253.770020,6305.799805,6305.799805,1825450000
2017-06-05,6305.470215,6310.620117,6292.149902,6295.680176,6295.680176,1742160000
2017-06-06,6281.879883,6304.209961,6269.870117,6275.060059,6275.060059,1893110000
2017-06-07,6290.439941,6302.779785,6267.180176,6297.379883,6297.379883,1827220000
2017-06-08,6311.729980,6324.060059,6282.930176,6321.759766,6321.759766,2134350000
2017-06-09,6330.250000,6341.700195,6137.680176,6207.919922,6207.919922,3154590000
2017-06-12,6153.560059,6183.810059,6110.669922,6175.459961,6175.459961,2588860000
2017-06-13,6206.120117,6226.410156,6180.040039,6220.370117,6220.370117,2063930000
2017-06-14,6237.459961,6237.529785,6153.549805,6194.890137,6194.890137,1949040000
2017-06-15,6127.049805,6170.149902,6107.850098,6165.500000,6165.500000,1870010000
2017-06-16,6154.279785,6161.560059,6125.500000,6151.759766,6151.759766,3133000000
2017-06-19,6196.850098,6243.310059,6194.000000,6239.009766,6239.009766,1989290000
2017-06-20,6229.620117,6234.009766,6186.939941,6188.029785,6188.029785,2580440000
2017-06-21,6202.750000,6236.660156,6200.859863,6233.950195,6233.950195,2408800000
2017-06-22,6239.149902,6257.680176,6221.959961,6236.689941,6236.689941,2177430000
2017-06-23,6234.350098,6269.370117,6218.779785,6265.250000,6265.250000,4164310000
2017-06-26,6292.729980,6303.450195,6233.430176,6247.149902,6247.149902,2155460000
2017-06-27,6227.899902,6234.319824,6146.620117,6146.620117,6146.620117,2189250000
2017-06-28,6173.100098,6238.290039,6144.799805,6234.410156,6234.410156,2077390000
2017-06-29,6215.490234,6216.600098,6087.810059,6144.350098,6144.350098,2410510000
2017-06-30,6166.839844,6170.629883,6129.040039,6140.419922,6140.419922,2011720000
2017-07-03,6173.290039,6177.359863,6106.120117,6110.060059,6110.060059,1091030000
2017-07-05,6122.060059,6163.620117,6100.419922,6150.859863,6150.859863,1874040000
2017-07-06,6109.600098,6127.979980,6081.959961,6089.459961,6089.459961,1993290000
2017-07-07,6111.209961,6164.939941,6111.209961,6153.080078,6153.080078,1712490000
2017-07-10,6156.029785,6191.270020,6141.830078,6176.390137,6176.390137,1681270000
2017-07-11,6171.250000,6200.580078,6149.870117,6193.299805,6193.299805,1812560000
2017-07-12,6238.899902,6265.640137,6236.819824,6261.169922,6261.169922,1827740000
2017-07-13,6269.100098,6281.450195,6251.259766,6274.439941,6274.439941,1806160000
2017-07-14,6289.080078,6321.759766,6278.700195,6312.470215,6312.470215,1615440000
2017-07-17,6320.350098,6330.970215,6307.339844,6314.430176,6314.430176,1563390000
2017-07-18,6304.819824,6344.549805,6291.069824,6344.310059,6344.310059,1773220000
2017-07-19,6363.240234,6387.729980,6362.189941,6385.040039,6385.040039,1867470000
2017-07-20,6396.459961,6398.259766,6365.680176,6390.000000,6390.000000,1850000000
2017-07-21,6383.049805,6388.779785,6365.120117,6387.750000,6387.750000,1807110000
2017-07-24,6387.819824,6417.700195,6380.609863,6410.810059,6410.810059,1748140000
2017-07-25,6407.589844,6425.450195,6396.870117,6412.169922,6412.169922,1930840000
2017-07-26,6425.930176,6432.379883,6416.299805,6422.750000,6422.750000,1996680000
2017-07-27,6459.759766,6460.839844,6318.620117,6382.189941,6382.189941,2501400000
2017-07-28,6350.270020,6379.700195,6337.220215,6374.680176,6374.680176,1877100000
2017-07-31,6394.689941,6396.589844,6338.790039,6348.120117,6348.120117,1898830000
2017-08-01,6372.160156,6375.750000,6345.750000,6362.939941,6362.939941,1821780000
2017-08-02,6393.100098,6394.209961,6313.430176,6362.649902,6362.649902,2115870000
2017-08-03,6366.240234,6368.529785,6331.140137,6340.339844,6340.339844,2124100000
2017-08-04,6350.790039,6361.490234,6329.729980,6351.560059,6351.560059,1908930000
2017-08-07,6361.060059,6386.029785,6356.229980,6383.770020,6383.770020,1704010000
2017-08-08,6373.330078,6423.350098,6355.879883,6370.459961,6370.459961,1931490000
2017-08-09,6322.919922,6355.040039,6309.439941,6352.330078,6352.330078,2037810000
2017-08-10,6312.649902,6318.279785,6214.410156,6216.870117,6216.870117,2214990000
2017-08-11,6222.180176,6266.890137,6216.189941,6256.560059,6256.560059,1799780000
2017-08-14,6306.109863,6346.830078,6305.549805,6340.229980,6340.229980,1702570000
2017-08-15,6350.509766,6350.740234,6324.750000,6333.009766,6333.009766,1582560000
2017-08-16,6348.109863,6374.560059,6330.270020,6345.109863,6345.109863,1809070000
2017-08-17,6322.720215,6334.229980,6221.910156,6221.910156,6221.910156,2052940000
2017-08-18,6222.459961,6254.220215,6193.379883,6216.529785,6216.529785,1968470000
2017-08-21,6216.319824,6226.930176,6177.189941,6213.129883,6213.129883,1582990000
2017-08-22,6241.209961,6302.839844,6241.209961,6297.479980,6297.479980,1599760000
2017-08-23,6263.470215,6291.299805,6263.290039,6278.410156,6278.410156,1535320000
2017-08-24,6294.819824,6302.850098,6244.569824,6271.330078,6271.330078,1618660000
2017-08-25,6293.810059,6308.720215,6257.100098,6265.640137,6265.640137,1445590000
2017-08-28,6286.009766,6292.259766,6267.850098,6283.020020,6283.020020,1565110000
2017-08-29,6228.899902,6311.259766,6228.729980,6301.890137,6301.890137,1639810000
2017-08-30,6308.680176,6374.470215,6303.569824,6368.310059,6368.310059,1717060000
2017-08-31,6385.799805,6435.270020,6383.580078,6428.660156,6428.660156,1889500000
2017-09-01,6442.169922,6449.649902,6417.870117,6435.330078,6435.330078,1489120000
2017-09-05,6414.819824,6426.509766,6334.589844,6375.569824,6375.569824,1889620000
2017-09-06,6394.350098,6407.399902,6356.200195,6393.310059,6393.310059,1902720000
2017-09-07,6402.939941,6413.069824,6379.810059,6397.870117,6397.870117,2000910000
2017-09-08,6389.649902,6391.410156,6354.959961,6360.189941,6360.189941,1786070000
2017-09-11,6411.180176,6439.109863,6410.709961,6432.259766,6432.259766,1819310000
2017-09-12,6448.810059,6455.029785,6429.540039,6454.279785,6454.279785,1747620000
2017-09-13,6440.720215,6460.419922,6433.200195,6460.189941,6460.189941,1944630000
2017-09-14,6439.459961,6455.319824,6424.040039,6429.080078,6429.080078,1817840000
2017-09-15,6426.160156,6464.270020,6419.649902,6448.470215,6448.470215,2827910000
2017-09-18,6460.100098,6477.770020,6438.410156,6454.640137,6454.640137,1881900000
2017-09-19,6465.569824,6467.790039,6446.750000,6461.319824,6461.319824,1816080000
2017-09-20,6459.740234,6466.049805,6414.229980,6456.040039,6456.040039,2083580000
2017-09-21,6448.569824,6448.569824,6405.299805,6422.689941,6422.689941,1779600000
2017-09-22,6401.439941,6429.540039,6400.810059,6426.919922,6426.919922,1648690000
2017-09-25,6403.109863,6408.049805,6343.959961,6370.589844,6370.589844,2061150000
2017-09-26,6391.850098,6405.000000,6364.569824,6380.160156,6380.160156,1935990000
2017-09-27,6414.370117,6472.649902,6405.359863,6453.259766,6453.259766,2068400000
2017-09-28,6437.959961,6456.229980,6427.660156,6453.450195,6453.450195,1882790000
2017-09-29,6461.279785,6497.979980,6454.859863,6495.959961,6495.959961,1970720000
2017-10-02,6506.080078,6527.220215,6484.140137,6516.720215,6516.720215,1984400000
2017-10-03,6523.740234,6532.180176,6509.709961,6531.709961,6531.709961,1972760000
2017-10-04,6521.959961,6546.459961,6513.120117,6534.629883,6534.629883,1941470000
2017-10-05,6552.870117,6587.209961,6547.649902,6585.359863,6585.359863,1888970000
2017-10-06,6566.950195,6590.180176,6566.839844,6590.180176,6590.180176,1752170000
2017-10-09,6597.370117,6599.339844,6572.439941,6579.729980,6579.729980,1494160000
2017-10-10,6602.490234,6608.299805,6561.779785,6587.250000,6587.250000,1802480000
2017-10-11,6586.729980,6604.209961,6577.990234,6603.549805,6603.549805,1837860000
2017-10-12,6594.759766,6613.500000,6586.319824,6591.509766,6591.509766,2020330000
2017-10-13,6613.209961,6616.580078,6602.200195,6605.799805,6605.799805,1761700000
2017-10-16,6622.549805,6632.500000,6607.029785,6624.000000,6624.000000,1632240000
2017-10-17,6621.419922,6628.600098,6613.209961,6623.660156,6623.660156,1653160000
2017-10-18,6634.259766,6635.520020,6613.549805,6624.220215,6624.220215,1738060000
2017-10-19,6583.700195,6605.290039,6558.529785,6605.069824,6605.069824,1847020000
2017-10-20,6633.370117,6640.029785,6622.919922,6629.049805,6629.049805,1812220000
2017-10-23,6641.569824,6641.569824,6581.149902,6586.830078,6586.830078,1813080000
2017-10-24,6598.609863,6611.899902,6582.060059,6598.430176,6598.430176,1852610000
2017-10-25,6587.220215,6600.640137,6517.930176,6563.890137,6563.890137,2205790000
2017-10-26,6567.589844,6582.759766,6550.029785,6556.770020,6556.770020,2125640000
2017-10-27,6635.029785,6708.129883,6625.779785,6701.259766,6701.259766,2414520000
2017-10-30,6693.770020,6727.390137,6677.149902,6698.959961,6698.959961,2015920000
2017-10-31,6713.709961,6737.750000,6705.790039,6727.669922,6727.669922,2054220000
2017-11-01,6758.640137,6759.660156,6691.479980,6716.529785,6716.529785,2074230000
2017-11-02,6709.390137,6719.970215,6677.549805,6714.939941,6714.939941,2282300000
2017-11-03,6737.089844,6765.140137,6712.930176,6764.439941,6764.439941,2203880000
2017-11-06,6763.299805,6790.669922,6763.169922,6786.439941,6786.439941,2173120000
2017-11-07,6785.439941,6795.520020,6750.350098,6767.779785,6767.779785,2209280000
2017-11-08,6764.850098,6791.649902,6753.339844,6789.120117,6789.120117,2121340000
2017-11-09,6737.450195,6758.930176,6687.279785,6750.049805,6750.049805,2243500000
2017-11-10,6736.390137,6757.339844,6727.350098,6750.939941,6750.939941,1979120000
2017-11-13,6727.390137,6766.299805,6723.430176,6757.600098,6757.600098,1976460000
2017-11-14,6733.870117,6743.629883,6709.270020,6737.870117,6737.870117,1988230000
2017-11-15,6700.680176,6725.319824,6667.310059,6706.209961,6706.209961,1923730000
2017-11-16,6742.339844,6806.669922,6742.339844,6793.290039,6793.290039,2020380000
2017-11-17,6794.450195,6797.750000,6777.430176,6782.790039,6782.790039,2009220000
2017-11-20,6789.279785,6795.830078,6779.490234,6790.709961,6790.709961,1811750000
2017-11-21,6820.549805,6862.660156,6820.020020,6862.479980,6862.479980,1891960000
2017-11-22,6869.529785,6874.520020,6859.279785,6867.359863,6867.359863,1589150000
2017-11-24,6878.109863,6890.020020,6873.740234,6889.160156,6889.160156,872110000
2017-11-27,6889.910156,6897.430176,6867.890137,6878.520020,6878.520020,1781550000
2017-11-28,6893.720215,6914.189941,6866.209961,6912.359863,6912.359863,2003840000
2017-11-29,6907.279785,6908.330078,6793.950195,6824.390137,6824.390137,2456990000
2017-11-30,6852.799805,6888.649902,6838.479980,6873.970215,6873.970215,2468530000
2017-12-01,6844.040039,6872.169922,6737.160156,6847.589844,6847.589844,2302140000
2017-12-04,6897.129883,6899.229980,6770.689941,6775.370117,6775.370117,2427170000
2017-12-05,6759.140137,6836.450195,6752.319824,6762.209961,6762.209961,2085760000
2017-12-06,6742.069824,6787.419922,6734.129883,6776.379883,6776.379883,1901770000
2017-12-07,6785.740234,6829.290039,6778.200195,6812.839844,6812.839844,1953740000
2017-12-08,6859.950195,6870.479980,6831.609863,6840.080078,6840.080078,1825640000
2017-12-11,6847.640137,6879.799805,6844.879883,6875.080078,6875.080078,1836780000
2017-12-12,6872.709961,6884.799805,6856.299805,6862.319824,6862.319824,1872810000
2017-12-13,6880.410156,6897.620117,6871.870117,6875.799805,6875.799805,1931090000
2017-12-14,6887.379883,6901.129883,6851.629883,6856.529785,6856.529785,1990090000
2017-12-15,6871.549805,6945.819824,6871.450195,6936.580078,6936.580078,3529590000
2017-12-18,6980.399902,7003.890137,6975.540039,6994.759766,6994.759766,2150580000
2017-12-19,6991.250000,6995.879883,6951.490234,6963.850098,6963.850098,2084190000
2017-12-20,6991.250000,6991.250000,6935.419922,6960.959961,6960.959961,1888140000
2017-12-21,6972.879883,6992.629883,6961.209961,6965.359863,6965.359863,1827410000
2017-12-22,6958.020020,6962.259766,6944.450195,6959.959961,6959.959961,1541880000
2017-12-26,6928.919922,6942.140137,6915.560059,6936.250000,6936.250000,1301000000
2017-12-27,6941.450195,6955.379883,6931.339844,6939.339844,6939.339844,1411010000
2017-12-28,6953.379883,6954.799805,6936.750000,6950.160156,6950.160156,1319870000
2017-12-29,6952.609863,6954.979980,6903.390137,6903.390137,6903.390137,1575290000
2018-01-02,6937.649902,7006.910156,6924.080078,7006.899902,7006.899902,1929700000
2018-01-03,7017.069824,7069.149902,7016.700195,7065.529785,7065.529785,2173130000
2018-01-04,7089.500000,7098.049805,7072.379883,7077.910156,7077.910156,2103220000
2018-01-05,7105.740234,7137.040039,7097.080078,7136.560059,7136.560059,2024000000
2018-01-08,7135.379883,7161.350098,7124.089844,7157.390137,7157.390137,2055010000
2018-01-09,7174.189941,7181.140137,7148.299805,7163.580078,7163.580078,2155810000
2018-01-10,7129.830078,7154.240234,7111.520020,7153.569824,7153.569824,2132430000
2018-01-11,7168.729980,7211.779785,7163.229980,7211.779785,7211.779785,2015170000
2018-01-12,7208.169922,7265.259766,7205.180176,7261.060059,7261.060059,1986600000
2018-01-16,7307.189941,7330.330078,7205.930176,7223.689941,7223.689941,2399790000
2018-01-17,7257.770020,7309.359863,7229.319824,7298.279785,7298.279785,2245910000
2018-01-18,7293.649902,7313.890137,7276.109863,7296.049805,7296.049805,2037410000
2018-01-19,7312.000000,7336.379883,7297.279785,7336.379883,7336.379883,2005470000
2018-01-22,7338.040039,7408.029785,7332.810059,7408.029785,7408.029785,2118310000
2018-01-23,7424.950195,7465.390137,7423.180176,7460.290039,7460.290039,2135840000
2018-01-24,7474.160156,7486.319824,7376.750000,7415.060059,7415.060059,2287320000
2018-01-25,7457.950195,7458.529785,7388.580078,7411.160156,7411.160156,2081380000
2018-01-26,7448.330078,7505.770020,7431.220215,7505.770020,7505.770020,2080700000
2018-01-29,7484.470215,7500.609863,7455.549805,7466.509766,7466.509766,2114420000
2018-01-30,7388.890137,7433.649902,7373.990234,7402.479980,7402.479980,2183420000
2018-01-31,7443.250000,7453.990234,7381.120117,7411.479980,7411.479980,2428990000
2018-02-01,7377.169922,7441.089844,7362.279785,7385.859863,7385.859863,2311180000
2018-02-02,7347.589844,7364.430176,7238.180176,7240.950195,7240.950195,2607160000
2018-02-05,7165.959961,7277.359863,6967.529785,6967.529785,6967.529785,3143210000
2018-02-06,6837.560059,7126.549805,6824.819824,7115.879883,7115.879883,3148270000
2018-02-07,7086.200195,7170.339844,7051.529785,7051.979980,7051.979980,2380020000
2018-02-08,7067.299805,7073.990234,6776.770020,6777.160156,6777.160156,2730740000
2018-02-09,6863.339844,6917.009766,6630.669922,6874.490234,6874.490234,3165330000
2018-02-12,6936.680176,7023.620117,6879.689941,6981.959961,6981.959961,2250650000
2018-02-13,6942.160156,7025.680176,6938.160156,7013.509766,7013.509766,1830320000
2018-02-14,6979.240234,7152.049805,6977.069824,7143.620117,7143.620117,2217630000
2018-02-15,7200.750000,7256.930176,7130.390137,7256.430176,7256.430176,2124060000
2018-02-16,7236.509766,7303.259766,7226.379883,7239.470215,7239.470215,2037710000
2018-02-20,7209.029785,7295.950195,7206.000000,7234.310059,7234.310059,1921870000
2018-02-21,7258.479980,7338.640137,7218.109863,7218.229980,7218.229980,1956120000
2018-02-22,7252.459961,7280.930176,7194.839844,7210.089844,7210.089844,1927580000
2018-02-23,7261.350098,7337.830078,7232.500000,7337.390137,7337.390137,1887540000
2018-02-26,7373.299805,7421.850098,7360.250000,7421.459961,7421.459961,1876560000
2018-02-27,7416.169922,7438.089844,7330.350098,7330.350098,7330.350098,2162250000
2018-02-28,7371.410156,7386.799805,7273.009766,7273.009766,7273.009766,2384940000
2018-03-01,7274.750000,7307.850098,7117.660156,7180.560059,7180.560059,2499010000
2018-03-02,7099.540039,7267.189941,7084.830078,7257.870117,7257.870117,2291480000
2018-03-05,7222.890137,7350.069824,7205.310059,7330.709961,7330.709961,2076870000
2018-03-06,7366.609863,7378.029785,7319.680176,7372.009766,7372.009766,2132920000
2018-03-07,7311.740234,7403.790039,7311.740234,7396.649902,7396.649902,2198610000
2018-03-08,7422.770020,7435.009766,7391.500000,7427.950195,7427.950195,2277740000
2018-03-09,7475.979980,7560.810059,7469.029785,7560.810059,7560.810059,2310050000
2018-03-12,7581.040039,7609.100098,7563.439941,7588.319824,7588.319824,2314480000
2018-03-13,7627.520020,7637.270020,7492.979980,7511.009766,7511.009766,2459220000
2018-03-14,7539.779785,7544.890137,7473.899902,7496.810059,7496.810059,2112950000
2018-03-15,7509.240234,7525.439941,7463.189941,7481.740234,7481.740234,2008290000
2018-03-16,7504.370117,7514.209961,7473.680176,7481.990234,7481.990234,3089970000
2018-03-19,7419.200195,7421.229980,7285.270020,7344.240234,7344.240234,2352810000
2018-03-20,7353.250000,7380.740234,7331.240234,7364.299805,7364.299805,1976000000
2018-03-21,7347.500000,7415.660156,7325.350098,7345.290039,7345.290039,1999230000
2018-03-22,7257.549805,7303.189941,7164.379883,7166.680176,7166.680176,2370970000
2018-03-23,7170.680176,7194.310059,6992.669922,6992.669922,6992.669922,2455760000
2018-03-26,7125.200195,7225.830078,7022.339844,7220.540039,7220.540039,2341370000
2018-03-27,7255.470215,7255.540039,6963.680176,7008.810059,7008.810059,2347480000
2018-03-28,6978.299805,7036.089844,6901.069824,6949.229980,6949.229980,2551950000
2018-03-29,6984.660156,7120.459961,6935.779785,7063.450195,7063.450195,2593390000
2018-04-02,7016.169922,7044.709961,6805.959961,6870.120117,6870.120117,2402670000
2018-04-03,6924.350098,6963.709961,6835.229980,6941.279785,6941.279785,2330900000
2018-04-04,6811.770020,7059.290039,6811.770020,7042.109863,7042.109863,2261580000
2018-04-05,7099.250000,7112.379883,7036.620117,7076.549805,7076.549805,2153030000
2018-04-06,6999.569824,7066.640137,6877.759766,6915.109863,6915.109863,2359780000
2018-04-09,6971.450195,7074.950195,6944.959961,6950.339844,6950.339844,2089220000
2018-04-10,7060.990234,7117.979980,7014.879883,7094.299805,7094.299805,2252020000
2018-04-11,7055.000000,7128.540039,7055.000000,7069.029785,7069.029785,1882090000
2018-04-12,7112.020020,7166.000000,7105.089844,7140.250000,7140.250000,2027080000
2018-04-13,7179.620117,7183.620117,7078.140137,7106.649902,7106.649902,1768160000
2018-04-16,7153.870117,7178.509766,7115.850098,7156.279785,7156.279785,1800450000
2018-04-17,7215.120117,7298.589844,7206.549805,7281.100098,7281.100098,1935380000
2018-04-18,7292.379883,7319.580078,7259.899902,7295.240234,7295.240234,1908700000
2018-04-19,7258.609863,7277.450195,7215.169922,7238.060059,7238.060059,1982090000
2018-04-20,7220.640137,7222.990234,7123.490234,7146.129883,7146.129883,1935160000
2018-04-23,7173.990234,7195.720215,7094.430176,7128.600098,7128.600098,1744480000
2018-04-24,7160.770020,7171.669922,6961.520020,7007.350098,7007.350098,2154270000
2018-04-25,7009.990234,7030.740234,6926.970215,7003.740234,7003.740234,2055840000
2018-04-26,7080.490234,7143.939941,7055.660156,7118.680176,7118.680176,2141220000
2018-04-27,7195.520020,7197.149902,7083.950195,7119.799805,7119.799805,2050350000
2018-04-30,7133.950195,7169.799805,7065.410156,7066.270020,7066.270020,1998570000
2018-05-01,7053.649902,7133.270020,7036.180176,7130.700195,7130.700195,1932660000
2018-05-02,7138.450195,7169.459961,7094.720215,7100.899902,7100.899902,2157860000
2018-05-03,7065.029785,7112.589844,6991.140137,7088.149902,7088.149902,2355780000
2018-05-04,7065.669922,7228.259766,7057.890137,7209.620117,7209.620117,2040520000
2018-05-07,7241.819824,7291.740234,7235.759766,7265.209961,7265.209961,1950650000
2018-05-08,7255.339844,7278.810059,7224.700195,7266.899902,7266.899902,2070970000
2018-05-09,7281.529785,7344.799805,7259.049805,7339.910156,7339.910156,2250260000
2018-05-10,7355.899902,7414.149902,7353.629883,7404.970215,7404.970215,2250450000
2018-05-11,7393.970215,7417.669922,7372.259766,7402.879883,7402.879883,2085350000
2018-05-14,7429.450195,7458.419922,7401.890137,7411.319824,7411.319824,2085850000
2018-05-15,7361.299805,7363.520020,7320.970215,7351.629883,7351.629883,2120380000
2018-05-16,7356.220215,7413.319824,7356.160156,7398.299805,7398.299805,2103060000
2018-05-17,7379.580078,7425.390137,7350.459961,7382.470215,7382.470215,1958970000
2018-05-18,7364.339844,7381.160156,7343.970215,7354.339844,7354.339844,1982190000
2018-05-21,7406.339844,7431.830078,7368.209961,7394.040039,7394.040039,1997220000
2018-05-22,7420.850098,7432.529785,7370.330078,7378.459961,7378.459961,1927420000
2018-05-23,7335.029785,7426.779785,7334.620117,7425.959961,7425.959961,1997090000
2018-05-24,7421.990234,7435.379883,7357.500000,7424.430176,7424.430176,2035460000
2018-05-25,7422.200195,7452.850098,7415.580078,7433.850098,7433.850098,1771950000
2018-05-29,7398.509766,7435.129883,7354.290039,7396.589844,7396.589844,2095380000
2018-05-30,7428.410156,7473.810059,7423.669922,7462.450195,7462.450195,2058300000
2018-05-31,7455.580078,7492.419922,7431.410156,7442.120117,7442.120117,2533360000
2018-06-01,7487.660156,7557.379883,7487.229980,7554.330078,7554.330078,2212330000
2018-06-04,7570.080078,7607.169922,7561.200195,7606.459961,7606.459961,2152170000
2018-06-05,7621.359863,7644.479980,7602.379883,7637.859863,7637.859863,2063270000
2018-06-06,7652.799805,7691.649902,7622.310059,7689.240234,7689.240234,2198100000
2018-06-07,7697.410156,7697.410156,7597.660156,7635.069824,7635.069824,2339720000
2018-06-08,7607.740234,7653.580078,7595.140137,7645.509766,7645.509766,1949810000
2018-06-11,7647.240234,7677.290039,7642.870117,7659.930176,7659.930176,1959360000
2018-06-12,7673.870117,7708.250000,7669.529785,7703.790039,7703.790039,2019890000
2018-06-13,7713.899902,7748.959961,7686.649902,7695.700195,7695.700195,2197830000
2018-06-14,7723.529785,7768.600098,7723.529785,7761.040039,7761.040039,2193630000
2018-06-15,7725.029785,7755.720215,7704.339844,7746.379883,7746.379883,3049870000
2018-06-18,7692.959961,7749.359863,7676.830078,7747.029785,7747.029785,2102660000
2018-06-19,7658.470215,7727.410156,7635.729980,7725.589844,7725.589844,2283340000
2018-06-20,7764.149902,7806.600098,7755.479980,7781.509766,7781.509766,2316420000
2018-06-21,7800.299805,7803.450195,7699.200195,7712.950195,7712.950195,2349640000
2018-06-22,7739.689941,7739.709961,7679.120117,7692.819824,7692.819824,3956300000
2018-06-25,7631.120117,7639.729980,7477.729980,7532.009766,7532.009766,2423190000
2018-06-26,7553.740234,7597.490234,7527.000000,7561.629883,7561.629883,2068870000
2018-06-27,7586.330078,7610.669922,7444.169922,7445.080078,7445.080078,2319650000
2018-06-28,7438.109863,7526.069824,7419.560059,7503.680176,7503.680176,2208870000
2018-06-29,7544.129883,7573.589844,7502.950195,7510.299805,7510.299805,2208820000
2018-07-02,7451.899902,7568.100098,7443.100098,7567.689941,7567.689941,1777880000
2018-07-03,7593.629883,7594.330078,7498.500000,7502.669922,7502.669922,1171420000
2018-07-05,7550.660156,7589.189941,7511.430176,7586.430176,7586.430176,1754690000
2018-07-06,7595.930176,7695.810059,7588.649902,7688.390137,7688.390137,1718600000
2018-07-09,7731.740234,7757.279785,7702.060059,7756.200195,7756.200195,1844440000
2018-07-10,7770.629883,7777.479980,7731.979980,7759.200195,7759.200195,1735230000
2018-07-11,7698.509766,7748.160156,7696.580078,7716.609863,7716.609863,1768480000
2018-07-12,7752.709961,7825.669922,7746.759766,7823.919922,7823.919922,1930830000
2018-07-13,7827.620117,7843.520020,7803.339844,7825.979980,7825.979980,1727500000
2018-07-16,7831.740234,7838.819824,7791.979980,7805.720215,7805.720215,1739360000
2018-07-17,7751.970215,7867.149902,7749.609863,7855.120117,7855.120117,1752210000
2018-07-18,7859.430176,7863.770020,7822.830078,7854.439941,7854.439941,1881110000
2018-07-19,7829.799805,7849.850098,7811.149902,7825.299805,7825.299805,1886300000
2018-07-20,7843.080078,7860.250000,7815.859863,7820.200195,7820.200195,1796530000
2018-07-23,7806.930176,7846.759766,7776.549805,7841.870117,7841.870117,1668270000
2018-07-24,7914.350098,7928.790039,7814.330078,7840.770020,7840.770020,2021890000
2018-07-25,7839.089844,7933.310059,7838.759766,7932.240234,7932.240234,1943820000
2018-07-26,7848.040039,7881.299805,7834.080078,7852.180176,7852.180176,2289370000
2018-07-27,7889.750000,7889.750000,7698.959961,7737.419922,7737.419922,2193410000
2018-07-30,7735.270020,7740.259766,7604.240234,7630.000000,7630.000000,2154140000
2018-07-31,7654.589844,7709.490234,7614.839844,7671.790039,7671.790039,2208610000
2018-08-01,7701.819824,7732.680176,7670.709961,7707.290039,7707.290039,2228950000
2018-08-02,7659.520020,7808.850098,7659.520020,7802.689941,7802.689941,2115490000
2018-08-03,7819.229980,7824.060059,7783.299805,7812.009766,7812.009766,2035870000
2018-08-06,7809.540039,7859.680176,7801.879883,7859.680176,7859.680176,2245300000
2018-08-07,7878.620117,7898.200195,7868.649902,7883.660156,7883.660156,2206400000
2018-08-08,7880.000000,7901.689941,7864.459961,7888.330078,7888.330078,2098100000
2018-08-09,7886.520020,7923.350098,7881.060059,7891.779785,7891.779785,2048170000
2018-08-10,7834.709961,7866.189941,7818.370117,7839.109863,7839.109863,2107530000
2018-08-13,7848.000000,7888.660156,7814.270020,7819.709961,7819.709961,1934100000
2018-08-14,7847.879883,7878.229980,7815.500000,7870.890137,7870.890137,1938840000
2018-08-15,7810.020020,7832.660156,7732.689941,7774.120117,7774.120117,2294100000
2018-08-16,7826.950195,7849.669922,7795.740234,7806.520020,7806.520020,1991410000
2018-08-17,7786.640137,7830.779785,7752.680176,7816.330078,7816.330078,1850770000
2018-08-20,7834.370117,7837.140137,7787.899902,7821.009766,7821.009766,1709500000
2018-08-21,7840.089844,7897.680176,7836.790039,7859.169922,7859.169922,1788860000
2018-08-22,7844.040039,7897.629883,7840.839844,7889.100098,7889.100098,1669240000
2018-08-23,7886.470215,7926.319824,7866.529785,7878.459961,7878.459961,1888600000
2018-08-24,7907.810059,7949.709961,7907.100098,7945.979980,7945.979980,1892990000
2018-08-27,7989.640137,8024.939941,7976.600098,8017.899902,8017.899902,2333790000
2018-08-28,8039.009766,8046.310059,8009.589844,8030.040039,8030.040039,1980270000
2018-08-29,8044.339844,8113.560059,8042.100098,8109.689941,8109.689941,1909880000
2018-08-30,8094.200195,8133.299805,8069.569824,8088.359863,8088.359863,2022720000
2018-08-31,8079.310059,8119.819824,8079.310059,8109.540039,8109.540039,1906900000
2018-09-04,8087.950195,8104.069824,8042.140137,8091.250000,8091.250000,2238710000
2018-09-05,8073.529785,8077.839844,7962.350098,7995.169922,7995.169922,2602810000
2018-09-06,7998.270020,8001.970215,7885.490234,7922.729980,7922.729980,2375380000
2018-09-07,7878.790039,7962.529785,7873.930176,7902.540039,7902.540039,2158930000
2018-09-10,7939.569824,7945.029785,7890.390137,7924.160156,7924.160156,2055430000
2018-09-11,7894.870117,7986.319824,7880.919922,7972.470215,7972.470215,2345080000
2018-09-12,7958.870117,7965.390137,7884.049805,7954.229980,7954.229980,2372320000
2018-09-13,7999.930176,8037.509766,7989.850098,8013.709961,8013.709961,2332930000
2018-09-14,8026.160156,8040.830078,7979.779785,8010.040039,8010.040039,2069380000
2018-09-17,7992.209961,8002.779785,7890.069824,7895.790039,7895.790039,2303600000
2018-09-18,7903.569824,7986.100098,7901.009766,7956.109863,7956.109863,2328260000
2018-09-19,7962.549805,7976.120117,7917.729980,7950.040039,7950.040039,2167720000
2018-09-20,7993.529785,8039.060059,7986.410156,8028.229980,8028.229980,2306580000
2018-09-21,8041.689941,8057.259766,7979.669922,7986.959961,7986.959961,3729890000
2018-09-24,7939.379883,7997.899902,7912.470215,7993.250000,7993.250000,2433260000
2018-09-25,8001.589844,8014.120117,7979.290039,8007.470215,8007.470215,2328660000
2018-09-26,8011.680176,8067.029785,7982.759766,7990.370117,7990.370117,2342370000
2018-09-27,8021.220215,8071.560059,8017.910156,8041.970215,8041.970215,2073930000
2018-09-28,8024.500000,8065.060059,8015.870117,8046.350098,8046.350098,2342120000
2018-10-01,8091.500000,8107.379883,8019.770020,8037.299805,8037.299805,2299520000
2018-10-02,8024.470215,8054.149902,7983.990234,7999.549805,7999.549805,2416800000
2018-10-03,8034.649902,8053.930176,8012.029785,8025.089844,8025.089844,3095630000
2018-10-04,7993.330078,7997.169922,7833.160156,7879.509766,7879.509766,3302690000
2018-10-05,7874.759766,7902.669922,7715.970215,7788.450195,7788.450195,2699370000
2018-10-08,7747.100098,7797.319824,7654.839844,7735.950195,7735.950195,2259300000
2018-10-09,7728.509766,7799.750000,7718.950195,7738.020020,7738.020020,2466440000
2018-10-10,7694.080078,7701.200195,7420.560059,7422.049805,7422.049805,3111680000
2018-10-11,7388.069824,7493.209961,7274.040039,7329.060059,7329.060059,3154520000
2018-10-12,7507.839844,7516.689941,7368.330078,7496.890137,7496.890137,2674210000
2018-10-15,7473.330078,7500.930176,7400.069824,7430.740234,7430.740234,2167000000
2018-10-16,7501.779785,7658.140137,7493.439941,7645.490234,7645.490234,2639760000
2018-10-17,7669.259766,7670.490234,7563.089844,7642.700195,7642.700195,2385070000
2018-10-18,7616.470215,7616.859863,7452.459961,7485.140137,7485.140137,2567980000
2018-10-19,7530.160156,7582.890137,7428.299805,7449.029785,7449.029785,2547790000
2018-10-22,7486.740234,7520.540039,7424.740234,7468.629883,7468.629883,2301010000
2018-10-23,7328.549805,7472.580078,7260.129883,7437.540039,7437.540039,2752010000
2018-10-24,7423.209961,7435.689941,7099.000000,7108.399902,7108.399902,2959560000
2018-10-25,7197.490234,7364.819824,7178.540039,7318.339844,7318.339844,2788090000
2018-10-26,7125.180176,7283.319824,7057.000000,7167.209961,7167.209961,2971530000
2018-10-29,7272.419922,7295.609863,6922.830078,7050.290039,7050.290039,2711900000
2018-10-30,7017.870117,7166.839844,7001.479980,7161.649902,7161.649902,2699220000
2018-10-31,7276.620117,7368.490234,7270.629883,7305.899902,7305.899902,2918880000
2018-11-01,7327.819824,7435.879883,7286.500000,7434.060059,7434.060059,2728760000
2018-11-02,7424.020020,7466.529785,7298.680176,7356.990234,7356.990234,2899670000
2018-11-05,7344.080078,7349.229980,7255.879883,7328.850098,7328.850098,2186310000
2018-11-06,7326.069824,7400.640137,7320.890137,7375.959961,7375.959961,2300920000
2018-11-07,7446.089844,7572.930176,7435.870117,7570.750000,7570.750000,2687410000
2018-11-08,7544.169922,7566.930176,7499.709961,7530.879883,7530.879883,2475160000
2018-11-09,7468.509766,7474.339844,7349.479980,7406.899902,7406.899902,2426750000
2018-11-12,7364.049805,7371.089844,7193.770020,7200.870117,7200.870117,2305340000
2018-11-13,7230.689941,7319.120117,7182.859863,7200.870117,7200.870117,2361240000
2018-11-14,7265.390137,7285.569824,7101.169922,7136.390137,7136.390137,2566210000
2018-11-15,7112.830078,7274.259766,7072.359863,7259.029785,7259.029785,2523500000
2018-11-16,7193.600098,7274.859863,7171.700195,7247.870117,7247.870117,2466980000
2018-11-19,7217.240234,7224.120117,7011.399902,7028.479980,7028.479980,2381430000
2018-11-20,6867.430176,6994.750000,6830.759766,6908.819824,6908.819824,2672250000
2018-11-21,6985.509766,7029.930176,6951.620117,6972.250000,6972.250000,1867840000
2018-11-23,6919.520020,6987.890137,6919.160156,6938.979980,6938.979980,958950000
2018-11-26,7026.500000,7083.930176,7003.120117,7081.850098,7081.850098,2036910000
2018-11-27,7041.229980,7105.140137,7014.359863,7082.700195,7082.700195,2076790000
2018-11-28,7135.080078,7292.709961,7090.979980,7291.589844,7291.589844,2413120000
2018-11-29,7267.370117,7319.959961,7217.689941,7273.080078,7273.080078,2018190000
2018-11-30,7279.299805,7332.790039,7255.680176,7330.540039,7330.540039,2547970000
2018-12-03,7486.129883,7486.509766,7392.220215,7441.509766,7441.509766,2643150000
2018-12-04,7407.950195,7421.109863,7150.109863,7158.430176,7158.430176,2655720000
2018-12-06,7017.049805,7189.520020,6984.339844,7188.259766,7188.259766,2857650000
2018-12-07,7163.490234,7205.370117,6945.270020,6969.250000,6969.250000,2504680000
2018-12-10,6959.629883,7047.620117,6878.990234,7020.520020,7020.520020,2380270000
2018-12-11,7121.660156,7129.830078,6983.009766,7031.830078,7031.830078,2286810000
2018-12-12,7127.000000,7197.290039,7096.560059,7098.310059,7098.310059,2427080000
2018-12-13,7135.279785,7154.640137,7034.819824,7070.330078,7070.330078,2162210000
2018-12-14,6986.370117,7027.169922,6898.990234,6910.660156,6910.660156,2218330000
2018-12-17,6886.459961,6931.810059,6710.009766,6753.729980,6753.729980,2697400000
2018-12-18,6809.819824,6847.270020,6733.709961,6783.910156,6783.910156,2623270000
2018-12-19,6777.589844,6868.859863,6586.500000,6636.830078,6636.830078,2919140000
2018-12-20,6607.759766,6666.200195,6447.910156,6528.410156,6528.410156,3282440000
2018-12-21,6573.490234,6586.680176,6304.629883,6332.990234,6332.990234,4571670000
2018-12-24,6278.490234,6355.180176,6190.169922,6192.919922,6192.919922,1647440000
2018-12-26,6257.859863,6555.529785,6214.339844,6554.359863,6554.359863,2572890000
2018-12-27,6457.189941,6583.009766,6336.970215,6579.490234,6579.490234,2449110000
2018-12-28,6616.790039,6684.180176,6529.220215,6584.520020,6584.520020,2216250000
2018-12-31,6649.520020,6659.959961,6570.060059,6635.279785,6635.279785,2109320000
2019-01-02,6506.910156,6693.709961,6506.879883,6665.939941,6665.939941,2261800000
2019-01-03,6584.770020,6600.209961,6457.129883,6463.500000,6463.500000,2631550000
2019-01-04,6567.140137,6760.689941,6554.240234,6738.859863,6738.859863,2596150000
2019-01-07,6757.529785,6855.600098,6741.399902,6823.470215,6823.470215,2523450000
2019-01-08,6893.439941,6909.580078,6795.859863,6897.000000,6897.000000,2407340000
2019-01-09,6923.060059,6985.220215,6899.560059,6957.080078,6957.080078,2434500000
2019-01-10,6908.649902,6991.370117,6877.080078,6986.069824,6986.069824,2190110000
2019-01-11,6947.459961,6975.649902,6933.600098,6971.479980,6971.479980,2074310000
2019-01-14,6908.029785,6936.220215,6887.479980,6905.919922,6905.919922,1960780000
2019-01-15,6931.390137,7025.850098,6928.120117,7023.830078,7023.830078,2066090000
2019-01-16,7033.750000,7079.629883,7028.120117,7034.689941,7034.689941,2163730000
2019-01-17,7010.129883,7113.950195,7003.620117,7084.459961,7084.459961,2149280000
2019-01-18,7134.100098,7185.379883,7096.620117,7157.229980,7157.229980,2459920000
2019-01-22,7109.569824,7110.160156,6979.810059,7020.359863,7020.359863,2397660000
2019-01-23,7061.649902,7084.850098,6953.229980,7025.770020,7025.770020,2288090000
2019-01-24,7042.250000,7078.959961,7029.950195,7073.459961,7073.459961,2419110000
2019-01-25,7128.180176,7174.560059,7111.089844,7164.859863,7164.859863,2446550000
2019-01-28,7075.009766,7086.299805,7034.250000,7085.680176,7085.680176,2448790000
2019-01-29,7087.490234,7092.290039,7011.470215,7028.290039,7028.290039,2106370000
2019-01-30,7094.790039,7201.310059,7065.569824,7183.080078,7183.080078,2569410000
2019-01-31,7208.169922,7303.120117,7205.950195,7281.740234,7281.740234,2947490000
2019-02-01,7256.370117,7299.939941,7243.410156,7263.870117,7263.870117,2398800000
2019-02-04,7266.279785,7348.229980,7261.069824,7347.540039,7347.540039,2106030000
2019-02-05,7356.339844,7408.680176,7355.359863,7402.080078,7402.080078,2284960000
2019-02-06,7400.439941,7410.770020,7346.720215,7375.279785,7375.279785,2179400000
2019-02-07,7316.500000,7336.740234,7235.049805,7288.350098,7288.350098,2310700000
2019-02-08,7232.299805,7299.439941,7225.140137,7298.200195,7298.200195,2102520000
2019-02-11,7327.370117,7343.560059,7290.029785,7307.899902,7307.899902,1908490000
2019-02-12,7358.850098,7419.430176,7349.799805,7414.620117,7414.620117,2140130000
2019-02-13,7437.459961,7461.660156,7413.839844,7420.379883,7420.379883,2103840000
2019-02-14,7390.250000,7454.419922,7375.709961,7426.950195,7426.950195,2117500000
2019-02-15,7468.569824,7477.279785,7440.259766,7472.410156,7472.410156,2263640000
2019-02-19,7450.750000,7507.790039,7450.270020,7486.770020,7486.770020,2124140000
2019-02-20,7490.310059,7513.700195,7455.250000,7489.069824,7489.069824,2202670000
2019-02-21,7475.410156,7485.750000,7430.890137,7459.709961,7459.709961,2144680000
2019-02-22,7481.629883,7527.540039,7479.009766,7527.540039,7527.540039,2428560000
2019-02-25,7585.299805,7602.689941,7551.609863,7554.459961,7554.459961,2399410000
2019-02-26,7535.290039,7573.220215,7524.310059,7549.299805,7549.299805,2305760000
2019-02-27,7526.419922,7562.290039,7485.390137,7554.509766,7554.509766,2430790000
2019-02-28,7533.310059,7561.899902,7516.479980,7532.529785,7532.529785,2676790000
2019-03-01,7587.450195,7603.040039,7540.750000,7595.350098,7595.350098,2490920000
2019-03-04,7636.620117,7643.660156,7501.560059,7577.569824,7577.569824,2582090000
2019-03-05,7582.290039,7598.660156,7543.540039,7576.359863,7576.359863,2166670000
2019-03-06,7575.379883,7579.020020,7499.870117,7505.919922,7505.919922,2256550000
2019-03-07,7483.790039,7489.080078,7397.189941,7421.459961,7421.459961,2462690000
2019-03-08,7334.350098,7411.520020,7332.919922,7408.140137,7408.140137,2260950000
2019-03-11,7442.560059,7558.229980,7442.399902,7558.060059,7558.060059,2248460000
2019-03-12,7571.850098,7611.129883,7560.459961,7591.029785,7591.029785,2171620000
2019-03-13,7621.379883,7677.069824,7619.459961,7643.410156,7643.410156,2379260000
2019-03-14,7644.790039,7653.100098,7627.020020,7630.910156,7630.910156,2198900000
2019-03-15,7658.410156,7714.959961,7652.040039,7688.529785,7688.529785,3451860000
2019-03-18,7696.379883,7737.669922,7677.740234,7714.479980,7714.479980,2302140000
2019-03-19,7747.399902,7767.890137,7699.149902,7723.950195,7723.950195,2457920000
2019-03-20,7721.950195,7779.240234,7674.040039,7728.970215,7728.970215,2464230000
2019-03-21,7705.430176,7850.109863,7705.430176,7838.959961,7838.959961,2502810000
2019-03-22,7800.250000,7817.830078,7642.569824,7642.669922,7642.669922,2504740000
2019-03-25,7618.979980,7662.379883,7579.290039,7637.540039,7637.540039,2162490000
2019-03-26,7700.000000,7738.169922,7649.209961,7691.520020,7691.520020,2080350000
2019-03-27,7702.049805,7712.839844,7582.089844,7643.379883,7643.379883,2244070000
2019-03-28,7660.069824,7689.160156,7619.819824,7669.169922,7669.169922,1922150000
2019-03-29,7726.709961,7733.620117,7688.509766,7729.319824,7729.319824,2311790000
2019-04-01,7800.240234,7831.450195,7777.089844,7828.910156,7828.910156,2230050000
2019-04-02,7824.609863,7854.919922,7811.279785,7848.689941,7848.689941,2123250000
2019-04-03,7891.180176,7938.259766,7870.899902,7895.549805,7895.549805,2509630000
2019-04-04,7894.259766,7917.649902,7844.959961,7891.779785,7891.779785,2152640000
2019-04-05,7914.509766,7940.450195,7909.140137,7938.689941,7938.689941,2157050000
2019-04-08,7924.890137,7955.899902,7891.850098,7953.879883,7953.879883,2075550000
2019-04-09,7924.770020,7945.549805,7897.609863,7909.279785,7909.279785,2078800000
2019-04-10,7922.729980,7965.330078,7916.899902,7964.240234,7964.240234,2012290000
2019-04-11,7975.200195,7975.200195,7933.410156,7947.359863,7947.359863,1969480000
2019-04-12,7984.149902,7992.089844,7952.609863,7984.160156,7984.160156,1968900000
2019-04-15,7987.160156,7993.330078,7933.569824,7976.009766,7976.009766,1827710000
2019-04-16,8000.569824,8017.560059,7978.810059,8000.229980,8000.229980,2102740000
2019-04-17,8044.970215,8052.399902,7973.379883,7996.080078,7996.080078,2317330000
2019-04-18,7998.450195,8002.310059,7950.970215,7998.060059,7998.060059,2124630000
2019-04-22,7969.370117,8017.149902,7965.899902,8015.270020,8015.270020,1790990000
2019-04-23,8026.750000,8128.870117,8023.810059,8120.819824,8120.819824,2099410000
2019-04-24,8122.879883,8139.549805,8101.700195,8102.009766,8102.009766,2043310000
2019-04-25,8150.850098,8151.839844,8075.410156,8118.680176,8118.680176,2073370000
2019-04-26,8100.279785,8146.419922,8060.890137,8146.399902,8146.399902,1982560000
2019-04-29,8147.649902,8176.080078,8136.410156,8161.850098,8161.850098,1781860000
2019-04-30,8104.910156,8124.609863,8050.549805,8095.390137,8095.390137,2131850000
2019-05-01,8132.930176,8146.000000,8048.229980,8049.640137,8049.640137,2273540000
2019-05-02,8046.479980,8094.060059,7976.770020,8036.770020,8036.770020,2211530000
2019-05-03,8092.879883,8164.709961,8084.799805,8164.000000,8164.000000,2081080000
2019-05-06,7981.850098,8135.540039,7981.850098,8123.290039,8123.290039,1979650000
2019-05-07,8043.520020,8070.970215,7899.020020,7963.759766,7963.759766,2397600000
2019-05-08,7946.240234,8004.490234,7923.350098,7943.319824,7943.319824,2214680000
2019-05-09,7853.209961,7929.779785,7796.160156,7910.589844,7910.589844,2549500000
2019-05-10,7881.310059,7949.339844,7759.339844,7916.939941,7916.939941,2421470000
2019-05-13,7720.069824,7760.830078,7627.220215,7647.020020,7647.020020,2484820000
2019-05-14,7689.660156,7776.200195,7665.299805,7734.490234,7734.490234,2103140000
2019-05-15,7682.799805,7838.720215,7682.240234,7822.149902,7822.149902,2014080000
2019-05-16,7832.580078,7946.229980,7826.669922,7898.049805,7898.049805,2168720000
2019-05-17,7829.029785,7918.709961,7810.350098,7816.279785,7816.279785,2176380000
2019-05-20,7714.060059,7747.270020,7678.350098,7702.379883,7702.379883,2130700000
2019-05-21,7765.569824,7804.439941,7752.919922,7785.720215,7785.720215,2000130000
2019-05-22,7749.799805,7786.330078,7738.350098,7750.839844,7750.839844,1884660000
2019-05-23,7660.720215,7665.149902,7585.319824,7628.279785,7628.279785,2270530000
2019-05-24,7675.569824,7694.149902,7631.250000,7637.009766,7637.009766,1685230000
2019-05-28,7655.660156,7693.740234,7603.759766,7607.350098,7607.350098,2378470000
2019-05-29,7553.020020,7581.109863,7503.939941,7547.310059,7547.310059,2282120000
2019-05-30,7565.459961,7595.899902,7527.660156,7567.720215,7567.720215,1875180000
2019-05-31,7470.950195,7506.859863,7448.229980,7453.149902,7453.149902,2239420000
2019-06-03,7441.209961,7457.660156,7292.220215,7333.020020,7333.020020,2580670000
2019-06-04,7413.939941,7529.500000,7385.020020,7527.120117,7527.120117,2374130000
2019-06-05,7585.680176,7589.470215,7498.169922,7575.479980,7575.479980,2139290000
2019-06-06,7582.240234,7634.120117,7546.220215,7615.549805,7615.549805,2093470000
2019-06-07,7652.970215,7767.020020,7647.910156,7742.100098,7742.100098,2074120000
2019-06-10,7798.870117,7895.439941,7795.759766,7823.169922,7823.169922,2042340000
2019-06-11,7901.040039,7909.990234,7798.629883,7822.569824,7822.569824,2121150000
2019-06-12,7803.129883,7819.160156,7773.970215,7792.720215,7792.720215,1978930000
2019-06-13,7822.560059,7848.359863,7813.600098,7837.129883,7837.129883,1848360000
2019-06-14,7807.189941,7819.209961,7778.120117,7796.660156,7796.660156,1808370000
2019-06-17,7819.430176,7865.979980,7812.609863,7845.020020,7845.020020,1950550000
2019-06-18,7920.979980,8005.209961,7911.669922,7953.879883,7953.879883,2250550000
2019-06-19,7970.259766,7998.589844,7930.379883,7987.319824,7987.319824,2027520000
2019-06-20,8087.450195,8088.879883,7996.870117,8051.339844,8051.339844,2108250000
2019-06-21,8028.689941,8073.020020,8011.200195,8031.709961,8031.709961,2909540000
2019-06-24,8040.580078,8047.560059,8004.629883,8005.700195,8005.700195,2073470000
2019-06-25,8005.270020,8007.310059,7879.149902,7884.720215,7884.720215,2132550000
2019-06-26,7933.919922,7974.279785,7903.069824,7909.970215,7909.970215,2122730000
2019-06-27,7939.359863,7976.580078,7935.470215,7967.759766,7967.759766,2083920000
2019-06-28,7988.759766,8010.149902,7961.459961,8006.240234,8006.240234,4101490000
2019-07-01,8145.850098,8150.450195,8059.290039,8091.160156,8091.160156,2219030000
2019-07-02,8086.649902,8109.370117,8063.109863,8109.089844,8109.089844,1956590000
2019-07-03,8129.569824,8170.229980,8122.339844,8170.229980,8170.229980,1548240000
2019-07-05,8123.279785,8171.970215,8093.660156,8161.790039,8161.790039,1690700000
2019-07-08,8112.910156,8161.790039,8078.390137,8098.379883,8098.379883,1957160000
2019-07-09,8061.410156,8146.979980,8061.319824,8141.729980,8141.729980,1871430000
2019-07-10,8183.189941,8228.599609,8160.560059,8202.530273,8202.530273,2066640000
2019-07-11,8219.280273,8226.179688,8171.629883,8196.040039,8196.040039,1970690000
2019-07-12,8209.200195,8245.660156,8201.519531,8244.139648,8244.139648,1835960000
2019-07-15,8263.179688,8264.780273,8236.269531,8258.190430,8258.190430,1790770000
2019-07-16,8251.660156,8259.750000,8204.230469,8222.799805,8222.799805,1947010000
2019-07-17,8224.000000,8230.669922,8184.660156,8185.209961,8185.209961,1887120000
2019-07-18,8151.759766,8215.580078,8135.120117,8207.240234,8207.240234,2063790000
2019-07-19,8241.339844,8245.780273,8144.629883,8146.490234,8146.490234,1893050000
2019-07-22,8171.990234,8218.419922,8171.540039,8204.139648,8204.139648,1860440000
2019-07-23,8242.500000,8251.830078,8193.889648,8251.400391,8251.400391,1845050000
2019-07-24,8227.360352,8321.809570,8226.500000,8321.500000,8321.500000,1953670000
2019-07-25,8294.679688,8295.950195,8233.400391,8238.540039,8238.540039,2058090000
2019-07-26,8294.299805,8339.639648,8291.120117,8330.209961,8330.209961,1975110000
2019-07-29,8325.099609,8325.280273,8247.370117,8293.330078,8293.330078,1882980000
2019-07-30,8231.769531,8295.459961,8228.019531,8273.610352,8273.610352,1893610000
2019-07-31,8290.799805,8299.830078,8110.020020,8175.419922,8175.419922,2679230000
2019-08-01,8190.560059,8311.040039,8080.520020,8111.120117,8111.120117,2815420000
2019-08-02,8056.419922,8068.799805,7953.669922,8004.069824,8004.069824,2262550000
2019-08-05,7823.330078,7836.450195,7662.899902,7726.040039,7726.040039,2661780000
2019-08-06,7804.509766,7845.009766,7739.569824,7833.270020,7833.270020,2217620000
2019-08-07,7747.270020,7881.379883,7702.419922,7862.830078,7862.830078,2470170000
2019-08-08,7921.589844,8041.120117,7896.149902,8039.160156,8039.160156,2442950000
2019-08-09,7997.189941,8020.560059,7910.350098,7959.140137,7959.140137,2221180000
2019-08-12,7907.490234,7924.990234,7833.790039,7863.410156,7863.410156,2068920000
2019-08-13,7852.370117,8065.240234,7851.580078,8016.359863,8016.359863,2353570000
2019-08-14,7877.330078,7900.279785,7762.870117,7773.939941,7773.939941,2543670000
2019-08-15,7790.200195,7805.930176,7716.549805,7766.620117,7766.620117,2190810000
2019-08-16,7828.350098,7907.520020,7828.350098,7895.990234,7895.990234,2018710000
2019-08-19,8006.180176,8026.750000,7895.990234,8002.810059,8002.810059,1946440000
2019-08-20,7989.359863,8010.580078,7948.089844,7948.560059,7948.560059,1750730000
2019-08-21,8017.069824,8036.939941,7998.500000,8020.209961,8020.209961,1721410000
2019-08-22,8038.790039,8048.580078,7937.120117,7991.390137,7991.390137,1780760000
2019-08-23,7943.649902,8005.339844,7730.770020,7751.770020,7751.770020,2214370000
2019-08-26,7829.580078,7856.040039,7789.049805,7853.740234,7853.740234,1691990000
2019-08-27,7908.779785,7916.830078,7795.180176,7826.950195,7826.950195,1914930000
2019-08-28,7798.350098,7866.870117,7766.669922,7856.879883,7856.879883,1663450000
2019-08-29,7945.779785,7992.290039,7925.830078,7973.390137,7973.390137,1703760000
2019-08-30,8015.160156,8017.910156,7914.740234,7962.879883,7962.879883,1668110000
2019-09-03,7906.439941,7940.370117,7847.319824,7874.160156,7874.160156,1938780000
2019-09-04,7949.810059,7981.410156,7928.939941,7976.879883,7976.879883,1893740000
2019-09-05,8061.290039,8134.419922,8061.290039,8116.830078,8116.830078,2108700000
2019-09-06,8125.580078,8134.390137,8098.520020,8103.069824,8103.069824,1878730000
2019-09-09,8130.910156,8131.660156,8052.339844,8087.439941,8087.439941,2186660000
2019-09-10,8049.979980,8086.529785,8001.680176,8084.160156,8084.160156,2366080000
2019-09-11,8091.680176,8169.680176,8081.560059,8169.680176,8169.680176,2322610000
2019-09-12,8206.580078,8243.799805,8176.729980,8194.469727,8194.469727,2228100000
2019-09-13,8190.569824,8210.200195,8165.470215,8176.709961,8176.709961,1984570000
2019-09-16,8121.640137,8165.330078,8121.250000,8153.540039,8153.540039,1876540000
2019-09-17,8148.649902,8188.229980,8139.819824,8186.020020,8186.020020,1857350000
2019-09-18,8174.620117,8179.870117,8086.220215,8177.390137,8177.390137,2045590000
2019-09-19,8193.589844,8237.429688,8174.319824,8182.879883,8182.879883,1818430000
2019-09-20,8184.879883,8202.820313,8086.160156,8117.669922,8117.669922,3363230000
2019-09-23,8106.490234,8135.810059,8085.339844,8112.459961,8112.459961,1781750000
2019-09-24,8147.229980,8158.830078,7969.649902,7993.629883,7993.629883,2310940000
2019-09-25,7990.660156,8095.000000,7935.569824,8077.379883,8077.379883,2022080000
2019-09-26,8070.120117,8072.109863,7991.020020,8030.660156,8030.660156,1886310000
2019-09-27,8047.109863,8051.830078,7890.279785,7939.629883,7939.629883,2041250000
2019-09-30,7964.089844,8012.160156,7949.629883,7999.339844,7999.339844,1809050000
2019-10-01,8026.830078,8062.500000,7906.290039,7908.680176,7908.680176,2250500000
2019-10-02,7851.129883,7852.700195,7744.959961,7785.250000,7785.250000,2503630000
2019-10-03,7787.020020,7872.259766,7700.000000,7872.259766,7872.259766,2157220000
2019-10-04,7908.439941,7986.620117,7899.390137,7982.470215,7982.470215,1748000000
2019-10-07,7956.410156,8013.310059,7942.080078,7956.290039,7956.290039,1759580000
2019-10-08,7898.270020,7921.879883,7823.729980,7823.779785,7823.779785,1943700000
2019-10-09,7895.959961,7930.919922,7873.520020,7903.740234,7903.740234,1563500000
2019-10-10,7904.560059,7982.839844,7899.810059,7950.779785,7950.779785,1793470000
2019-10-11,8047.339844,8115.799805,8046.799805,8057.040039,8057.040039,2184790000
2019-10-14,8044.350098,8069.850098,8036.410156,8048.649902,8048.649902,1423700000
2019-10-15,8074.850098,8166.180176,8071.810059,8148.709961,8148.709961,1841660000
2019-10-16,8119.810059,8146.149902,8103.379883,8124.180176,8124.180176,1900010000
2019-10-17,8176.910156,8183.640137,8131.250000,8156.850098,8156.850098,1864020000
2019-10-18,8149.850098,8157.359863,8045.370117,8089.540039,8089.540039,2020020000
2019-10-21,8137.419922,8164.140137,8117.259766,8162.990234,8162.990234,1756640000
2019-10-22,8188.120117,8194.620117,8101.979980,8104.299805,8104.299805,1850870000
2019-10-23,8090.240234,8122.879883,8078.350098,8119.790039,8119.790039,1822180000
2019-10-24,8180.040039,8187.839844,8137.660156,8185.799805,8185.799805,1893620000
2019-10-25,8150.589844,8249.969727,8150.589844,8243.120117,8243.120117,1911580000
2019-10-28,8285.769531,8335.559570,8285.269531,8325.990234,8325.990234,1959920000
2019-10-29,8313.349609,8319.290039,8275.139648,8276.849609,8276.849609,1842720000
2019-10-30,8284.280273,8315.500000,8241.700195,8303.980469,8303.980469,1936060000
2019-10-31,8314.379883,8321.799805,8248.809570,8292.360352,8292.360352,2276140000
2019-11-01,8335.049805,8386.750000,8326.559570,8386.400391,8386.400391,2071350000
2019-11-04,8445.500000,8451.370117,8421.299805,8433.200195,8433.200195,2166830000
2019-11-05,8446.620117,8457.389648,8421.049805,8434.679688,8434.679688,2327420000
2019-11-06,8426.570313,8426.570313,8379.330078,8410.629883,8410.629883,2342570000
2019-11-07,8455.110352,8483.160156,8415.870117,8434.519531,8434.519531,2403680000
2019-11-08,8422.669922,8475.570313,8405.889648,8475.309570,8475.309570,1982140000
2019-11-11,8431.259766,8467.290039,8425.480469,8464.280273,8464.280273,1719300000
2019-11-12,8471.070313,8514.839844,8462.990234,8486.089844,8486.089844,2001440000
2019-11-13,8455.019531,8496.900391,8451.339844,8482.099609,8482.099609,2180010000
2019-11-14,8461.059570,8485.360352,8441.580078,8479.019531,8479.019531,2113840000
2019-11-15,8524.480469,8540.830078,8506.799805,8540.830078,8540.830078,2199480000
2019-11-18,8529.160156,8559.780273,8503.620117,8549.940430,8549.940430,2053260000
2019-11-19,8578.019531,8589.759766,8536.730469,8570.660156,8570.660156,2094030000
2019-11-20,8543.570313,8578.269531,8468.629883,8526.730469,8526.730469,2608780000
2019-11-21,8527.870117,8530.730469,8487.290039,8506.209961,8506.209961,2073720000
2019-11-22,8530.540039,8535.459961,8477.490234,8519.879883,8519.879883,1885730000
2019-11-25,8559.650391,8633.150391,8559.650391,8632.490234,8632.490234,2262750000
2019-11-26,8635.400391,8659.730469,8625.620117,8647.929688,8647.929688,2439370000
2019-11-27,8669.589844,8705.910156,8662.580078,8705.179688,8705.179688,1748520000
2019-11-29,8682.009766,8697.320313,8664.040039,8665.469727,8665.469727,1099090000
2019-12-02,8672.839844,8672.839844,8540.160156,8567.990234,8567.990234,2240300000
2019-12-03,8460.719727,8523.980469,8435.400391,8520.639648,8520.639648,2318760000
2019-12-04,8557.450195,8584.879883,8552.379883,8566.669922,8566.669922,2158870000
2019-12-05,8587.929688,8588.889648,8541.919922,8570.700195,8570.700195,2133380000
2019-12-06,8634.250000,8665.440430,8630.580078,8656.530273,8656.530273,2057020000
2019-12-09,8650.860352,8678.849609,8619.769531,8621.830078,8621.830078,2123870000
2019-12-10,8623.559570,8650.759766,8600.820313,8616.179688,8616.179688,2058760000
2019-12-11,8631.120117,8658.480469,8622.360352,8654.049805,8654.049805,1982080000
2019-12-12,8645.360352,8745.820313,8633.599609,8717.320313,8717.320313,2396400000
2019-12-13,8713.910156,8768.870117,8697.580078,8734.879883,8734.879883,2219630000
2019-12-16,8791.309570,8833.450195,8789.769531,8814.230469,8814.230469,2368050000
2019-12-17,8829.469727,8831.990234,8804.599609,8823.360352,8823.360352,2382450000
2019-12-18,8834.650391,8848.759766,8820.419922,8827.740234,8827.740234,2742330000
2019-12-19,8838.969727,8888.129883,8838.969727,8887.219727,8887.219727,2446890000
2019-12-20,8911.839844,8931.910156,8901.870117,8924.959961,8924.959961,3830200000
2019-12-23,8950.200195,8956.639648,8934.549805,8945.650391,8945.650391,2028670000
2019-12-24,8955.009766,8957.120117,8934.360352,8952.879883,8952.879883,1014530000
2019-12-26,8970.209961,9022.459961,8968.459961,9022.389648,9022.389648,1639960000
2019-12-27,9049.469727,9052.000000,8987.320313,9006.620117,9006.620117,1833740000
2019-12-30,9004.450195,9006.360352,8909.190430,8945.990234,8945.990234,2051320000
2019-12-31,8918.740234,8975.360352,8912.769531,8972.599609,8972.599609,2186830000
2020-01-02,9039.459961,9093.429688,9010.889648,9092.190430,9092.190430,2862700000
2020-01-03,8976.429688,9065.759766,8976.429688,9020.769531,9020.769531,2586520000
2020-01-06,8943.500000,9072.410156,8943.500000,9071.469727,9071.469727,2810450000
2020-01-07,9076.639648,9091.929688,9042.549805,9068.580078,9068.580078,2381740000
2020-01-08,9068.030273,9168.889648,9059.379883,9129.240234,9129.240234,2472620000
2020-01-09,9202.269531,9215.950195,9158.500000,9203.429688,9203.429688,2540960000
2020-01-10,9232.950195,9235.200195,9164.660156,9178.860352,9178.860352,2382900000
2020-01-13,9213.719727,9274.490234,9193.059570,9273.929688,9273.929688,2536820000
2020-01-14,9270.610352,9298.330078,9226.490234,9251.330078,9251.330078,2553160000
2020-01-15,9253.759766,9298.820313,9231.139648,9258.700195,9258.700195,2443220000
2020-01-16,9313.450195,9357.919922,9301.320313,9357.129883,9357.129883,2312110000
2020-01-17,9392.370117,9393.480469,9346.809570,9388.940430,9388.940430,2542540000
2020-01-21,9361.070313,9397.580078,9350.200195,9370.809570,9370.809570,2686610000
2020-01-22,9413.610352,9439.290039,9375.129883,9383.769531,9383.769531,2454580000
2020-01-23,9377.719727,9409.200195,9334.129883,9402.480469,9402.480469,2465850000
2020-01-24,9446.209961,9451.429688,9273.230469,9314.910156,9314.910156,2622970000
2020-01-27,9092.459961,9185.450195,9088.040039,9139.309570,9139.309570,2593910000
2020-01-28,9201.820313,9288.870117,9182.330078,9269.679688,9269.679688,2169020000
2020-01-29,9318.259766,9329.120117,9249.040039,9275.160156,9275.160156,2234620000
2020-01-30,9211.150391,9303.000000,9185.179688,9298.929688,9298.929688,2345370000
2020-01-31,9324.330078,9324.799805,9123.219727,9150.940430,9150.940430,2696090000
2020-02-03,9190.719727,9299.849609,9188.549805,9273.400391,9273.400391,2427320000
2020-02-04,9398.389648,9485.379883,9374.049805,9467.969727,9467.969727,2447340000
2020-02-05,9574.099609,9574.940430,9454.929688,9508.679688,9508.679688,2470240000
2020-02-06,9540.980469,9575.660156,9505.679688,9572.150391,9572.150391,2313860000
2020-02-07,9526.639648,9570.089844,9496.530273,9520.509766,9520.509766,2243720000
2020-02-10,9493.629883,9628.660156,9493.629883,9628.389648,9628.389648,2187520000
2020-02-11,9680.889648,9714.740234,9617.209961,9638.940430,9638.940430,2450070000
2020-02-12,9688.599609,9728.769531,9666.690430,9725.959961,9725.959961,2366510000
2020-02-13,9657.040039,9748.320313,9650.019531,9711.969727,9711.969727,2254870000
2020-02-14,9728.900391,9746.360352,9693.049805,9731.179688,9731.179688,2226720000
2020-02-18,9679.040039,9747.679688,9675.799805,9732.740234,9732.740234,2279420000
2020-02-19,9782.809570,9838.370117,9777.099609,9817.179688,9817.179688,2470860000
2020-02-20,9799.200195,9820.860352,9636.940430,9750.969727,9750.969727,2745730000
2020-02-21,9708.009766,9715.950195,9542.330078,9576.589844,9576.589844,2750160000
2020-02-24,9188.440430,9322.879883,9166.009766,9221.280273,9221.280273,3188590000
2020-02-25,9301.200195,9315.259766,8940.490234,8965.610352,8965.610352,3595520000
2020-02-26,9011.549805,9148.320313,8927.799805,8980.780273,8980.780273,3587950000
2020-02-27,8744.030273,8904.110352,8562.049805,8566.480469,8566.480469,4559900000
2020-02-28,8269.740234,8591.820313,8264.160156,8567.370117,8567.370117,5320020000
2020-03-02,8667.139648,8952.809570,8543.349609,8952.169922,8952.169922,4249020000
2020-03-03,8965.099609,9070.320313,8602.889648,8684.089844,8684.089844,4336700000
2020-03-04,8834.099609,9019.959961,8757.660156,9018.089844,9018.089844,3634760000
2020-03-05,8790.089844,8921.080078,8677.389648,8738.589844,8738.589844,3763860000
2020-03-06,8469.019531,8612.360352,8375.129883,8575.620117,8575.620117,4292730000
2020-03-09,7957.930176,8243.309570,7943.160156,7950.680176,7950.680176,4554110000
2020-03-10,8219.759766,8347.400391,7930.430176,8344.250000,8344.250000,4447260000
2020-03-11,8136.250000,8181.359863,7850.950195,7952.049805,7952.049805,4302610000
2020-03-12,7398.580078,7712.330078,7194.669922,7201.799805,7201.799805,5099350000
2020-03-13,7610.390137,7875.930176,7219.089844,7874.879883,7874.879883,4701070000
2020-03-16,7392.729980,7422.200195,6882.859863,6904.589844,6904.589844,4618120000
2020-03-17,7072.000000,7406.229980,6828.910156,7334.779785,7334.779785,4920210000
2020-03-18,6902.319824,7182.830078,6686.359863,6989.839844,6989.839844,4935000000
2020-03-19,6996.450195,7341.379883,6858.379883,7150.580078,7150.580078,4778490000
2020-03-20,7248.069824,7354.439941,6854.669922,6879.520020,6879.520020,5260300000
2020-03-23,6847.279785,6984.939941,6631.419922,6860.669922,6860.669922,4348410000
2020-03-24,7196.149902,7418.370117,7169.859863,7417.859863,7417.859863,4441080000
2020-03-25,7421.359863,7671.209961,7276.399902,7384.299805,7384.299805,4683630000
2020-03-26,7462.209961,7809.830078,7462.209961,7797.540039,7797.540039,4014670000
2020-03-27,7554.250000,7716.240234,7491.140137,7502.379883,7502.379883,3989120000
2020-03-30,7583.459961,7784.350098,7539.970215,7774.149902,7774.149902,3870770000
2020-03-31,7740.060059,7880.310059,7642.859863,7700.100098,7700.100098,4078960000
2020-04-01,7459.500000,7566.370117,7301.979980,7360.580078,7360.580078,3700040000
2020-04-02,7317.450195,7501.700195,7307.950195,7487.310059,7487.310059,3622170000
2020-04-03,7477.270020,7518.720215,7288.109863,7373.080078,7373.080078,3294260000
2020-04-06,7660.169922,7938.330078,7617.790039,7913.240234,7913.240234,3849130000
2020-04-07,8129.990234,8146.430176,7881.220215,7887.259766,7887.259766,4085960000
2020-04-08,7975.720215,8114.430176,7901.939941,8090.899902,8090.899902,3487440000
2020-04-09,8169.009766,8227.910156,8072.319824,8153.580078,8153.580078,4145460000
2020-04-13,8127.689941,8200.440430,8035.950195,8192.419922,8192.419922,3184660000
2020-04-14,8353.209961,8531.110352,8338.080078,8515.740234,8515.740234,3767410000
2020-04-15,8355.959961,8464.660156,8308.790039,8393.179688,8393.179688,3347920000
2020-04-16,8479.110352,8560.160156,8393.269531,8532.360352,8532.360352,4057800000
2020-04-17,8667.480469,8670.299805,8531.690430,8650.139648,8650.139648,4348310000
2020-04-20,8553.379883,8684.910156,8553.379883,8560.730469,8560.730469,3827370000
2020-04-21,8460.690430,8480.290039,8215.690430,8263.230469,8263.230469,3788180000
2020-04-22,8434.549805,8537.309570,8404.540039,8495.379883,8495.379883,3041520000
2020-04-23,8528.839844,8635.230469,8475.200195,8494.750000,8494.750000,3759890000
2020-04-24,8530.080078,8642.929688,8464.419922,8634.519531,8634.519531,3696020000
2020-04-27,8717.980469,8754.570313,8697.370117,8730.160156,8730.160156,3694980000
2020-04-28,8825.690430,8830.570313,8600.700195,8607.730469,8607.730469,3730350000
2020-04-29,8802.700195,8957.269531,8765.009766,8914.709961,8914.709961,4407140000
2020-04-30,8911.019531,8926.110352,8825.830078,8889.549805,8889.549805,4335660000
2020-05-01,8681.290039,8754.459961,8566.839844,8604.950195,8604.950195,3741300000
2020-05-04,8555.320313,8715.820313,8537.830078,8710.709961,8710.709961,3443140000
2020-05-05,8809.660156,8909.959961,8781.309570,8809.120117,8809.120117,3933550000
2020-05-06,8874.700195,8933.250000,8819.370117,8854.389648,8854.389648,3656750000
2020-05-07,8973.780273,9015.990234,8932.860352,8979.660156,8979.660156,3787220000
2020-05-08,9056.889648,9125.980469,9018.209961,9121.320313,9121.320313,3813630000
2020-05-11,9054.910156,9241.919922,9053.169922,9192.339844,9192.339844,3925450000
2020-05-12,9225.150391,9250.959961,9000.070313,9002.549805,9002.549805,4336510000
2020-05-13,9006.049805,9074.160156,8752.679688,8863.169922,8863.169922,4273210000
2020-05-14,8788.040039,8945.709961,8705.250000,8943.719727,8943.719727,3965970000
2020-05-15,8839.990234,9018.400391,8821.379883,9014.559570,9014.559570,4240690000
2020-05-18,9177.150391,9267.219727,9154.349609,9234.830078,9234.830078,4341820000
2020-05-19,9227.459961,9317.250000,9183.250000,9185.099609,9185.099609,4193550000
2020-05-20,9305.620117,9392.820313,9304.200195,9375.780273,9375.780273,4315500000
2020-05-21,9375.190430,9405.250000,9254.849609,9284.879883,9284.879883,3745270000
2020-05-22,9278.549805,9328.280273,9239.410156,9324.589844,9324.589844,3668070000
2020-05-26,9501.209961,9501.209961,9333.160156,9340.219727,9340.219727,4448950000
2020-05-27,9346.120117,9414.620117,9144.280273,9412.360352,9412.360352,4489110000
2020-05-28,9392.990234,9523.639648,9345.280273,9368.990234,9368.990234,4113660000
2020-05-29,9382.349609,9505.549805,9324.730469,9489.870117,9489.870117,4742290000
2020-06-01,9471.419922,9571.280273,9462.320313,9552.049805,9552.049805,3847770000
2020-06-02,9566.530273,9611.219727,9472.080078,9608.379883,9608.379883,3990080000
2020-06-03,9651.860352,9707.780273,9627.169922,9682.910156,9682.910156,4679030000
2020-06-04,9649.650391,9716.139648,9560.410156,9615.809570,9615.809570,6141320000
2020-06-05,9703.540039,9845.690430,9685.349609,9814.080078,9814.080078,6607730000
2020-06-08,9823.440430,9927.129883,9780.610352,9924.750000,9924.750000,6197330000
2020-06-09,9867.190430,10002.500000,9863.269531,9953.750000,9953.750000,5319450000
2020-06-10,10012.320313,10086.889648,9962.580078,10020.349609,10020.349609,5170860000
2020-06-11,9791.240234,9868.080078,9491.309570,9492.730469,9492.730469,5300850000
2020-06-12,9715.870117,9768.639648,9413.620117,9588.809570,9588.809570,4388990000
2020-06-15,9426.900391,9756.070313,9403.000000,9726.019531,9726.019531,4476010000
2020-06-16,9949.780273,9963.629883,9748.379883,9895.870117,9895.870117,4669320000
2020-06-17,9943.309570,9991.209961,9891.809570,9910.530273,9910.530273,4279700000
2020-06-18,9892.480469,9959.200195,9885.660156,9943.049805,9943.049805,4335320000
2020-06-19,10042.129883,10053.910156,9872.940430,9946.120117,9946.120117,6093830000
2020-06-22,9945.490234,10059.610352,9916.599609,10056.480469,10056.480469,4506960000
2020-06-23,10130.830078,10221.849609,10112.440430,10131.370117,10131.370117,5755170000
2020-06-24,10092.919922,10137.500000,9842.219727,9909.169922,9909.169922,5589130000
2020-06-25,9899.360352,10023.280273,9810.469727,10017.000000,10017.000000,4779640000
2020-06-26,9995.120117,10000.669922,9749.070313,9757.219727,9757.219727,7309380000
2020-06-29,9771.719727,9877.339844,9663.610352,9874.150391,9874.150391,4336290000
2020-06-30,9875.290039,10085.589844,9863.669922,10058.769531,10058.769531,4510190000
2020-07-01,10063.669922,10197.190430,10048.040039,10154.629883,10154.629883,4624430000
2020-07-02,10268.669922,10310.360352,10194.059570,10207.629883,10207.629883,4038920000
2020-07-06,10360.379883,10462.049805,10354.980469,10433.650391,10433.650391,4570260000
2020-07-07,10412.459961,10518.980469,10337.980469,10343.889648,10343.889648,4337130000
2020-07-08,10409.349609,10494.629883,10350.959961,10492.500000,10492.500000,4030210000
2020-07-09,10563.719727,10578.099609,10379.910156,10547.750000,10547.750000,4013180000
2020-07-10,10545.910156,10622.349609,10447.009766,10617.440430,10617.440430,3537510000
2020-07-13,10729.919922,10824.780273,10368.040039,10390.839844,10390.839844,4851880000
2020-07-14,10310.250000,10497.830078,10182.459961,10488.580078,10488.580078,4461770000
2020-07-15,10576.719727,10604.669922,10420.540039,10550.490234,10550.490234,4647070000
2020-07-16,10443.870117,10499.790039,10364.389648,10473.830078,10473.830078,4277760000
2020-07-17,10500.519531,10532.620117,10421.209961,10503.190430,10503.190430,4361480000
2020-07-20,10526.019531,10783.799805,10488.040039,10767.089844,10767.089844,4314630000
2020-07-21,10837.879883,10839.929688,10650.459961,10680.360352,10680.360352,5350750000
2020-07-22,10687.580078,10745.320313,10627.450195,10706.129883,10706.129883,4128960000
2020-07-23,10689.500000,10728.120117,10407.870117,10461.419922,10461.419922,4501540000
2020-07-24,10294.410156,10418.750000,10217.309570,10363.179688,10363.179688,4233390000
2020-07-27,10421.700195,10546.440430,10399.860352,10536.269531,10536.269531,4244570000
2020-07-28,10509.200195,10523.639648,10397.870117,10402.089844,10402.089844,3894660000
2020-07-29,10474.700195,10567.910156,10464.000000,10542.940430,10542.940430,4009640000
2020-07-30,10450.120117,10609.589844,10412.089844,10587.809570,10587.809570,4185810000
2020-07-31,10741.469727,10747.799805,10557.700195,10745.269531,10745.269531,4438730000
2020-08-03,10848.639648,10927.559570,10831.150391,10902.799805,10902.799805,4203890000
2020-08-04,10897.889648,10941.910156,10852.900391,10941.169922,10941.169922,4016520000
2020-08-05,10967.870117,11002.110352,10943.719727,10998.400391,10998.400391,4160740000
2020-08-06,10989.980469,11121.190430,10963.410156,11108.070313,11108.070313,4120000000
2020-08-07,11072.530273,11126.040039,10920.370117,11010.980469,11010.980469,4263930000
2020-08-10,11033.730469,11040.240234,10849.459961,10968.360352,10968.360352,4048420000
2020-08-11,10942.660156,10989.419922,10762.709961,10782.820313,10782.820313,4331770000
2020-08-12,10878.120117,11036.719727,10877.160156,11012.240234,11012.240234,3745230000
2020-08-13,11026.860352,11124.849609,11007.500000,11042.500000,11042.500000,3480470000
2020-08-14,11042.240234,11058.440430,10972.059570,11019.299805,11019.299805,3514260000
2020-08-17,11083.250000,11144.530273,11080.299805,11129.730469,11129.730469,3214870000
2020-08-18,11170.750000,11230.620117,11103.830078,11210.839844,11210.839844,3228590000
2020-08-19,11214.799805,11257.419922,11132.099609,11146.459961,11146.459961,3496480000
2020-08-20,11096.400391,11283.620117,11090.030273,11264.950195,11264.950195,4215130000
2020-08-21,11258.440430,11326.209961,11245.440430,11311.799805,11311.799805,3929290000
2020-08-24,11449.250000,11462.049805,11297.530273,11379.719727,11379.719727,3907310000
2020-08-25,11370.230469,11468.259766,11343.040039,11466.469727,11466.469727,3475280000
2020-08-26,11516.620117,11672.049805,11507.459961,11665.059570,11665.059570,3471520000
2020-08-27,11688.190430,11730.009766,11551.009766,11625.339844,11625.339844,3547400000
2020-08-28,11689.280273,11708.769531,11634.769531,11695.629883,11695.629883,3012980000
2020-08-31,11718.809570,11829.839844,11697.419922,11775.459961,11775.459961,3612050000
2020-09-01,11850.959961,11945.719727,11794.780273,11939.669922,11939.669922,3511060000
2020-09-02,12047.259766,12074.059570,11836.179688,12056.440430,12056.440430,3982360000
2020-09-03,11861.900391,11894.400391,11361.360352,11458.099609,11458.099609,4465010000
2020-09-04,11396.240234,11531.179688,10875.870117,11313.129883,11313.129883,4284440000
2020-09-08,10900.700195,11131.500000,10837.200195,10847.690430,10847.690430,3905420000
2020-09-09,11064.759766,11217.690430,10970.450195,11141.559570,11141.559570,3550660000
2020-09-10,11235.530273,11299.530273,10875.019531,10919.589844,10919.589844,3840010000
2020-09-11,11010.070313,11033.040039,10728.030273,10853.549805,10853.549805,3630250000
2020-09-14,11010.139648,11118.290039,10982.259766,11056.650391,11056.650391,3737610000
2020-09-15,11193.959961,11244.459961,11127.980469,11190.320313,11190.320313,3786110000
2020-09-16,11222.080078,11245.419922,11046.429688,11050.469727,11050.469727,3678020000
2020-09-17,10796.049805,10974.450195,10783.809570,10910.280273,10910.280273,3740110000
2020-09-18,10973.450195,10977.679688,10639.950195,10793.280273,10793.280273,5759090000
2020-09-21,10610.139648,10782.740234,10519.490234,10778.799805,10778.799805,3900970000
2020-09-22,10873.299805,10979.650391,10737.519531,10963.639648,10963.639648,3515440000
2020-09-23,10950.820313,10962.030273,10612.910156,10632.990234,10632.990234,4097320000
2020-09-24,10551.019531,10799.549805,10520.219727,10672.269531,10672.269531,4086360000
2020-09-25,10680.459961,10939.549805,10639.980469,10913.559570,10913.559570,3785270000
2020-09-28,11084.379883,11120.790039,11019.139648,11117.530273,11117.530273,3591740000
2020-09-29,11109.000000,11153.230469,11065.629883,11085.250000,11085.250000,3389040000
2020-09-30,11092.900391,11277.959961,11092.900391,11167.509766,11167.509766,4260630000
2020-10-01,11291.990234,11344.129883,11240.530273,11326.509766,11326.509766,4005900000
2020-10-02,11082.530273,11244.870117,11033.690430,11075.019531,11075.019531,3731510000
2020-10-05,11169.110352,11335.209961,11162.519531,11332.490234,11332.490234,3623920000
2020-10-06,11314.530273,11392.410156,11124.450195,11154.599609,11154.599609,4390960000
2020-10-07,11271.679688,11380.559570,11258.349609,11364.599609,11364.599609,3910770000
2020-10-08,11443.349609,11448.230469,11384.330078,11420.980469,11420.980469,3507570000
2020-10-09,11487.599609,11581.230469,11476.660156,11579.940430,11579.940430,3504230000
2020-10-12,11732.330078,11965.540039,11704.129883,11876.259766,11876.259766,3885030000
2020-10-13,11901.759766,11946.980469,11821.830078,11863.900391,11863.900391,3634130000
2020-10-14,11889.070313,11939.919922,11714.349609,11768.730469,11768.730469,3410410000
2020-10-15,11559.879883,11740.679688,11559.099609,11713.870117,11713.870117,3325270000
2020-10-16,11761.830078,11827.419922,11648.530273,11671.559570,11671.559570,3166980000
2020-10-19,11732.339844,11778.110352,11454.570313,11478.879883,11478.879883,3477410000
2020-10-20,11531.830078,11632.889648,11471.230469,11516.490234,11516.490234,3510040000
2020-10-21,11530.389648,11613.790039,11476.080078,11484.690430,11484.690430,3467310000
2020-10-22,11526.969727,11548.769531,11369.290039,11506.009766,11506.009766,3434040000
2020-10-23,11536.009766,11548.849609,11434.860352,11548.280273,11548.280273,3145570000
2020-10-26,11440.639648,11545.629883,11221.059570,11358.940430,11358.940430,3205100000
2020-10-27,11409.339844,11465.059570,11361.860352,11431.349609,11431.349609,3104770000
2020-10-28,11230.900391,11249.950195,10999.070313,11004.870117,11004.870117,3930690000
2020-10-29,11064.469727,11287.629883,11030.190430,11185.589844,11185.589844,3244190000
2020-10-30,11103.469727,11129.809570,10822.570313,10911.589844,10911.589844,3671600000
2020-11-02,11010.450195,11071.080078,10830.950195,10957.610352,10957.610352,3209000000
2020-11-03,11038.660156,11213.919922,11004.839844,11160.570313,11160.570313,3216580000
2020-11-04,11443.769531,11663.309570,11394.209961,11590.780273,11590.780273,3620760000
2020-11-05,11816.330078,11924.280273,11784.150391,11890.929688,11890.929688,3848160000
2020-11-06,11869.900391,11920.540039,11737.129883,11895.230469,11895.230469,4183220000
2020-11-09,12046.660156,12108.070313,11703.490234,11713.780273,11713.780273,5863900000
2020-11-10,11622.440430,11665.870117,11424.610352,11553.860352,11553.860352,4736560000
2020-11-11,11656.650391,11793.570313,11638.900391,11786.429688,11786.429688,3854680000
2020-11-12,11802.500000,11847.839844,11666.370117,11709.589844,11709.589844,3886670000
2020-11-13,11794.940430,11849.790039,11715.519531,11829.290039,11829.290039,3654230000
2020-11-16,11847.110352,11937.719727,11814.889648,11924.129883,11924.129883,4172570000
2020-11-17,11913.349609,11950.179688,11852.410156,11899.339844,11899.339844,4145030000
2020-11-18,11896.059570,11942.490234,11799.959961,11801.599609,11801.599609,4731420000
2020-11-19,11779.040039,11912.629883,11760.980469,11904.709961,11904.709961,5385190000
2020-11-20,11892.700195,11935.469727,11852.509766,11854.969727,11854.969727,5350970000
2020-11-23,11916.759766,11949.330078,11796.530273,11880.629883,11880.629883,5473250000
2020-11-24,11939.330078,12049.879883,11863.450195,12036.790039,12036.790039,6339580000
2020-11-25,12053.889648,12114.769531,12020.950195,12094.400391,12094.400391,4448640000
2020-11-27,12159.179688,12236.230469,12154.570313,12205.849609,12205.849609,3401830000
2020-11-30,12224.250000,12244.650391,12027.160156,12198.740234,12198.740234,7760390000
2020-12-01,12313.360352,12405.790039,12263.929688,12355.110352,12355.110352,6512420000
2020-12-02,12285.750000,12360.059570,12217.349609,12349.370117,12349.370117,5194960000
2020-12-03,12369.259766,12439.019531,12356.990234,12377.179688,12377.179688,5209980000
2020-12-04,12399.320313,12464.230469,12376.440430,12464.230469,12464.230469,5086900000
2020-12-07,12461.000000,12536.230469,12460.549805,12519.950195,12519.950195,4771820000
2020-12-08,12503.169922,12594.540039,12453.209961,12582.769531,12582.769531,4809480000
2020-12-09,12591.690430,12607.139648,12290.780273,12338.950195,12338.950195,5168450000
2020-12-10,12247.549805,12431.559570,12214.740234,12405.809570,12405.809570,4518580000
2020-12-11,12336.790039,12383.500000,12246.769531,12377.870117,12377.870117,4292680000
2020-12-14,12447.440430,12543.000000,12432.709961,12440.040039,12440.040039,4491930000
2020-12-15,12543.259766,12596.129883,12465.419922,12595.059570,12595.059570,4423650000
2020-12-16,12611.040039,12687.320313,12566.379883,12658.190430,12658.190430,4592700000
2020-12-17,12730.780273,12765.250000,12696.349609,12764.750000,12764.750000,5029830000
2020-12-18,12804.929688,12809.599609,12654.599609,12755.639648,12755.639648,7125800000
2020-12-21,12596.139648,12751.269531,12525.219727,12742.519531,12742.519531,5192860000
2020-12-22,12785.219727,12840.570313,12695.309570,12807.919922,12807.919922,5811850000
2020-12-23,12834.940430,12841.919922,12758.669922,12771.110352,12771.110352,7100250000
2020-12-24,12791.540039,12833.549805,12767.639648,12804.730469,12804.730469,3305960000
2020-12-28,12914.639648,12930.889648,12827.450195,12899.419922,12899.419922,5109140000
2020-12-29,12965.389648,12973.330078,12821.959961,12850.219727,12850.219727,4726920000
2020-12-30,12906.509766,12924.929688,12857.759766,12870.000000,12870.000000,5343010000
2020-12-31,12877.089844,12902.070313,12821.230469,12888.280273,12888.280273,4815840000
2021-01-04,12958.519531,12958.719727,12543.240234,12698.450195,12698.450195,6636170000
2021-01-05,12665.650391,12828.269531,12665.650391,12818.959961,12818.959961,6971860000
2021-01-06,12666.150391,12909.629883,12649.990234,12740.790039,12740.790039,7689880000
2021-01-07,12867.339844,13090.910156,12867.339844,13067.480469,13067.480469,6841480000
2021-01-08,13160.219727,13208.089844,13036.549805,13201.980469,13201.980469,7289390000
2021-01-11,13048.780273,13138.269531,12999.509766,13036.429688,13036.429688,6960470000
2021-01-12,13062.059570,13105.040039,12963.919922,13072.429688,13072.429688,7264070000
2021-01-13,13088.009766,13171.150391,13051.059570,13128.950195,13128.950195,7104810000
2021-01-14,13174.750000,13220.160156,13098.410156,13112.639648,13112.639648,6734100000
2021-01-15,13099.900391,13139.830078,12949.759766,12998.500000,12998.500000,6458360000
2021-01-19,13132.730469,13206.860352,13078.700195,13197.179688,13197.179688,6297860000
2021-01-20,13342.549805,13486.129883,13329.769531,13457.250000,13457.250000,6820990000
2021-01-21,13521.480469,13560.349609,13454.070313,13530.910156,13530.910156,7258640000
2021-01-22,13474.809570,13567.139648,13463.660156,13543.059570,13543.059570,5972750000
2021-01-25,13681.209961,13728.980469,13368.679688,13635.990234,13635.990234,7193710000
2021-01-26,13681.719727,13702.690430,13603.190430,13626.059570,13626.059570,6849600000
2021-01-27,13486.580078,13538.419922,13192.910156,13270.599609,13270.599609,11621190000
2021-01-28,13323.290039,13507.639648,13316.519531,13337.160156,13337.160156,9959270000
2021-01-29,13284.719727,13322.000000,12985.049805,13070.690430,13070.690430,7872250000
2021-02-01,13226.179688,13431.459961,13132.469727,13403.389648,13403.389648,7092520000
2021-02-02,13543.099609,13652.700195,13535.860352,13612.780273,13612.780273,7325270000
2021-02-03,13718.309570,13723.830078,13585.339844,13610.540039,13610.540039,7546940000
2021-02-04,13674.059570,13778.419922,13631.620117,13777.740234,13777.740234,7295370000
2021-02-05,13824.879883,13878.160156,13761.660156,13856.299805,13856.299805,6792910000
2021-02-08,13937.059570,13987.740234,13894.150391,13987.639648,13987.639648,8564530000
2021-02-09,13966.820313,14044.950195,13966.549805,14007.700195,14007.700195,8766770000
2021-02-10,14093.349609,14109.120117,13845.469727,13972.530273,13972.530273,10785930000
2021-02-11,14045.209961,14058.910156,13916.849609,14025.769531,14025.769531,10916780000
2021-02-12,13979.209961,14102.040039,13937.709961,14095.469727,14095.469727,7416940000
2021-02-16,14152.209961,14175.120117,13995.450195,14047.500000,14047.500000,7722100000
2021-02-17,13911.650391,13976.429688,13804.259766,13965.490234,13965.490234,7280500000
2021-02-18,13814.669922,13905.959961,13714.349609,13865.360352,13865.360352,6499420000
2021-02-19,13929.200195,13985.580078,13842.599609,13874.459961,13874.459961,6737820000
2021-02-22,13714.200195,13757.059570,13530.959961,13533.049805,13533.049805,6483740000
2021-02-23,13262.610352,13526.089844,13003.980469,13465.200195,13465.200195,7516510000
2021-02-24,13400.250000,13607.360352,13286.589844,13597.969727,13597.969727,5886230000
2021-02-25,13512.639648,13602.860352,13066.379883,13119.429688,13119.429688,6390380000
2021-02-26,13232.900391,13368.059570,13024.530273,13192.349609,13192.349609,5906110000
2021-03-01,13406.160156,13596.589844,13362.660156,13588.830078,13588.830078,5079530000
2021-03-02,13599.450195,13601.330078,13352.000000,13358.790039,13358.790039,4948140000
2021-03-03,13336.250000,13372.519531,12995.070313,12997.750000,12997.750000,5529980000
2021-03-04,12953.990234,13068.709961,12553.959961,12723.469727,12723.469727,7864380000
2021-03-05,12860.040039,12941.209961,12397.049805,12920.150391,12920.150391,7725200000
2021-03-08,12904.259766,13001.000000,12599.230469,12609.160156,12609.160156,6010230000
2021-03-09,12923.070313,13151.540039,12882.490234,13073.820313,13073.820313,6345560000
2021-03-10,13234.730469,13277.110352,13035.440430,13068.830078,13068.830078,6023880000
2021-03-11,13273.309570,13433.620117,13246.330078,13398.669922,13398.669922,6008850000
2021-03-12,13222.809570,13324.690430,13158.719727,13319.860352,13319.860352,5497210000
2021-03-15,13323.469727,13460.349609,13272.500000,13459.709961,13459.709961,5972370000
2021-03-16,13523.169922,13620.709961,13397.080078,13471.570313,13471.570313,5493890000
2021-03-17,13336.910156,13595.000000,13272.690430,13525.200195,13525.200195,5536110000
2021-03-18,13349.200195,13384.459961,13101.919922,13116.169922,13116.169922,5739720000
2021-03-19,13119.900391,13252.370117,13039.450195,13215.240234,13215.240234,7630590000
2021-03-22,13278.780273,13455.639648,13278.780273,13377.540039,13377.540039,5321760000
2021-03-23,13381.429688,13405.150391,13202.429688,13227.700195,13227.700195,5675010000
2021-03-24,13289.240234,13292.919922,12961.349609,12961.889648,12961.889648,6248650000
2021-03-25,12844.580078,13021.860352,12786.809570,12977.679688,12977.679688,5634290000
2021-03-26,12996.030273,13149.549805,12878.719727,13138.730469,13138.730469,5224360000
2021-03-29,13103.969727,13143.410156,12968.160156,13059.650391,13059.650391,4965090000
2021-03-30,13008.799805,13075.750000,12922.570313,13045.389648,13045.389648,4721950000
2021-03-31,13122.570313,13325.540039,13118.379883,13246.870117,13246.870117,5004720000
2021-04-01,13414.320313,13487.080078,13404.179688,13480.110352,13480.110352,4576480000
2021-04-05,13594.900391,13720.580078,13582.759766,13705.589844,13705.589844,4459000000
2021-04-06,13681.669922,13776.709961,13674.280273,13698.379883,13698.379883,4073710000
2021-04-07,13675.299805,13733.030273,13653.589844,13688.839844,13688.839844,4098740000
2021-04-08,13796.889648,13830.139648,13758.709961,13829.309570,13829.309570,4153600000
2021-04-09,13787.019531,13905.410156,13748.349609,13900.190430,13900.190430,3926110000
2021-04-12,13854.440430,13877.000000,13783.950195,13850.000000,13850.000000,4250900000
2021-04-13,13902.450195,14011.509766,13902.450195,13996.099609,13996.099609,4219360000
2021-04-14,14004.080078,14033.629883,13839.040039,13857.839844,13857.839844,4120770000
2021-04-15,13983.230469,14049.129883,13970.419922,14038.759766,14038.759766,4406880000
2021-04-16,14059.110352,14062.500000,13977.049805,14052.339844,14052.339844,4427780000
2021-04-19,13984.580078,14041.790039,13842.570313,13914.769531,13914.769531,4379610000
2021-04-20,13894.459961,13927.669922,13698.669922,13786.269531,13786.269531,4245120000
2021-04-21,13745.769531,13951.349609,13706.860352,13950.219727,13950.219727,3999620000
2021-04-22,13952.570313,14015.870117,13771.040039,13818.410156,13818.410156,4420820000
2021-04-23,13861.370117,14062.740234,13856.830078,14016.809570,14016.809570,4355100000
2021-04-26,14052.379883,14154.030273,14019.500000,14138.780273,14138.780273,4506210000
2021-04-27,14170.910156,14171.240234,14064.280273,14090.219727,14090.219727,4691460000
2021-04-28,14082.780273,14133.650391,14034.700195,14051.030273,14051.030273,4559710000
2021-04-29,14204.509766,14211.570313,13952.799805,14082.549805,14082.549805,4928030000
2021-04-30,13970.730469,14084.759766,13941.629883,13962.679688,13962.679688,4792460000
2021-05-03,14031.769531,14042.120117,13881.509766,13895.120117,13895.120117,4761430000
2021-05-04,13774.509766,13795.570313,13485.589844,13633.500000,13633.500000,5879730000
2021-05-05,13731.129883,13753.049805,13553.929688,13582.419922,13582.419922,4535690000
2021-05-06,13557.830078,13635.730469,13439.389648,13632.839844,13632.839844,5021400000
2021-05-07,13723.089844,13828.620117,13690.750000,13752.240234,13752.240234,4391100000
2021-05-10,13687.589844,13687.929688,13401.740234,13401.860352,13401.860352,4818670000
2021-05-11,13115.849609,13423.309570,13107.669922,13389.429688,13389.429688,4738390000
2021-05-12,13215.490234,13288.610352,13002.540039,13031.679688,13031.679688,4752930000
2021-05-13,13150.940430,13247.870117,13007.240234,13124.990234,13124.990234,4698110000
2021-05-14,13255.650391,13460.879883,13242.969727,13429.980469,13429.980469,4022610000
2021-05-17,13368.799805,13399.169922,13265.400391,13379.049805,13379.049805,3997780000
2021-05-18,13416.900391,13485.339844,13299.929688,13303.639648,13303.639648,4301300000
2021-05-19,13078.190430,13304.610352,13072.230469,13299.740234,13299.740234,4333520000
2021-05-20,13356.629883,13563.519531,13355.709961,13535.740234,13535.740234,3990760000
2021-05-21,13616.190430,13616.580078,13463.259766,13470.990234,13470.990234,3733940000
2021-05-24,13557.209961,13708.849609,13551.009766,13661.169922,13661.169922,3509470000
2021-05-25,13721.540039,13751.139648,13631.799805,13657.169922,13657.169922,4128990000
2021-05-26,13693.940430,13750.160156,13679.589844,13738.000000,13738.000000,4264500000
2021-05-27,13742.589844,13776.519531,13701.629883,13736.280273,13736.280273,5087180000
2021-05-28,13792.049805,13820.870117,13747.610352,13748.740234,13748.740234,4447940000
2021-06-01,13829.059570,13836.169922,13678.769531,13736.480469,13736.480469,4186280000
2021-06-02,13743.240234,13775.889648,13689.740234,13756.330078,13756.330078,5097630000
2021-06-03,13655.750000,13684.129883,13548.929688,13614.509766,13614.509766,5396250000
2021-06-04,13697.250000,13826.820313,13692.009766,13814.490234,13814.490234,4360710000
2021-06-07,13802.820313,13889.110352,13784.889648,13881.719727,13881.719727,4639210000
2021-06-08,13946.320313,13981.719727,13831.980469,13924.910156,13924.910156,5958410000
2021-06-09,13980.230469,14003.500000,13906.450195,13911.750000,13911.750000,5640490000
2021-06-10,13933.879883,14031.190430,13904.400391,14020.330078,14020.330078,4919880000
2021-06-11,14030.849609,14069.419922,14006.589844,14069.419922,14069.419922,4157580000
2021-06-14,14083.469727,14175.450195,14056.669922,14174.139648,14174.139648,4415160000
2021-06-15,14166.639648,14171.019531,14052.160156,14072.860352,14072.860352,4554580000
2021-06-16,14085.549805,14129.690430,13903.730469,14039.679688,14039.679688,4683030000
2021-06-17,13999.129883,14196.209961,13998.929688,14161.349609,14161.349609,4558280000
2021-06-18,14096.929688,14129.219727,14009.040039,14030.379883,14030.379883,6126070000
2021-06-21,14047.419922,14150.780273,13960.040039,14141.480469,14141.480469,4562010000
2021-06-22,14138.290039,14269.769531,14121.000000,14253.269531,14253.269531,4433140000
2021-06-23,14263.379883,14317.660156,14246.299805,14271.730469,14271.730469,4417470000
2021-06-24,14357.269531,14414.459961,14333.700195,14369.709961,14369.709961,4324620000
2021-06-25,14400.809570,14409.080078,14337.650391,14360.389648,14360.389648,7468090000
2021-06-28,14417.809570,14505.190430,14417.200195,14500.509766,14500.509766,4283000000
2021-06-29,14509.190430,14535.969727,14471.379883,14528.330078,14528.330078,4901300000
2021-06-30,14509.849609,14526.809570,14478.059570,14503.950195,14503.950195,5293810000
2021-07-01,14493.690430,14533.549805,14439.400391,14522.379883,14522.379883,4410470000
2021-07-02,14582.980469,14649.110352,14555.339844,14639.330078,14639.330078,3751420000
2021-07-06,14661.549805,14687.000000,14529.799805,14663.639648,14663.639648,4489540000
2021-07-07,14753.410156,14755.330078,14580.790039,14665.059570,14665.059570,4605630000
2021-07-08,14409.200195,14610.059570,14371.589844,14559.780273,14559.780273,4575010000
2021-07-09,14578.429688,14710.200195,14552.259766,14701.919922,14701.919922,3826500000
2021-07-12,14743.860352,14761.080078,14672.629883,14733.240234,14733.240234,3897090000
2021-07-13,14715.129883,14803.679688,14660.190430,14677.650391,14677.650391,4583460000
2021-07-14,14780.900391,14790.549805,14632.950195,14644.950195,14644.950195,4496220000
2021-07-15,14635.780273,14650.370117,14451.799805,14543.129883,14543.129883,4512550000
2021-07-16,14597.509766,14623.019531,14413.320313,14427.240234,14427.240234,4069530000
2021-07-19,14235.980469,14313.599609,14178.660156,14274.980469,14274.980469,4537130000
2021-07-20,14330.459961,14555.750000,14271.230469,14498.879883,14498.879883,4652450000
2021-07-21,14508.750000,14633.139648,14498.650391,14631.950195,14631.950195,4098520000
2021-07-22,14652.719727,14694.190430,14617.870117,14684.599609,14684.599609,3597540000
2021-07-23,14753.059570,14846.059570,14698.769531,14836.990234,14836.990234,3997250000
2021-07-26,14821.030273,14863.650391,14790.490234,14840.709961,14840.709961,4437090000
2021-07-27,14807.950195,14811.080078,14503.759766,14660.580078,14660.580078,4329230000
2021-07-28,14715.660156,14798.879883,14645.629883,14762.580078,14762.580078,4268210000
2021-07-29,14771.169922,14833.740234,14761.379883,14778.259766,14778.259766,3928640000
2021-07-30,14615.849609,14728.780273,14615.849609,14672.679688,14672.679688,3645050000
2021-08-02,14758.599609,14770.410156,14665.669922,14681.070313,14681.070313,3746130000
2021-08-03,14713.990234,14762.599609,14584.089844,14761.290039,14761.290039,4141370000
2021-08-04,14747.209961,14812.370117,14734.120117,14780.530273,14780.530273,4337330000
2021-08-05,14794.080078,14896.469727,14776.030273,14895.120117,14895.120117,4107300000
2021-08-06,14864.219727,14890.179688,14788.589844,14835.759766,14835.759766,4173090000
2021-08-09,14855.759766,14883.809570,14802.690430,14860.179688,14860.179688,4111640000
2021-08-10,14887.750000,14894.610352,14754.480469,14788.089844,14788.089844,3991770000
2021-08-11,14834.379883,14842.500000,14692.410156,14765.139648,14765.139648,4002340000
2021-08-12,14751.360352,14824.309570,14698.940430,14816.259766,14816.259766,4049000000
2021-08-13,14825.070313,14850.610352,14797.219727,14822.900391,14822.900391,4061070000
2021-08-16,14771.530273,14794.679688,14610.019531,14793.759766,14793.759766,3973920000
2021-08-17,14670.559570,14716.950195,14550.879883,14656.179688,14656.179688,4168880000
2021-08-18,14636.240234,14697.250000,14516.299805,14525.910156,14525.910156,3841840000
2021-08-19,14423.160156,14610.759766,14423.160156,14541.790039,14541.790039,4191490000
2021-08-20,14571.530273,14722.160156,14571.530273,14714.660156,14714.660156,3886340000
2021-08-23,14776.980469,14963.469727,14776.980469,14942.650391,14942.650391,3906780000
2021-08-24,14978.139648,15034.889648,14965.540039,15019.799805,15019.799805,3809750000
2021-08-25,15039.030273,15059.429688,15011.580078,15041.860352,15041.860352,3654150000
2021-08-26,15025.169922,15059.629883,14939.559570,14945.809570,14945.809570,3630900000
2021-08-27,14969.769531,15144.480469,14966.519531,15129.500000,15129.500000,4048610000
2021-08-30,15165.940430,15288.080078,15165.120117,15265.889648,15265.889648,4061760000
2021-08-31,15262.879883,15278.959961,15202.669922,15259.240234,15259.240234,4188020000
2021-09-01,15308.980469,15379.500000,15302.110352,15309.379883,15309.379883,4271690000
2021-09-02,15358.469727,15380.070313,15285.349609,15331.179688,15331.179688,4050510000
2021-09-03,15313.410156,15375.559570,15283.669922,15363.519531,15363.519531,3706990000
2021-09-07,15375.980469,15403.440430,15343.280273,15374.330078,15374.330078,4014250000
2021-09-08,15360.349609,15360.349609,15206.610352,15286.639648,15286.639648,4131560000
2021-09-09,15296.059570,15352.379883,15245.169922,15248.250000,15248.250000,4031140000
2021-09-10,15332.919922,15349.469727,15111.309570,15115.490234,15115.490234,4587150000
2021-09-13,15211.429688,15215.440430,15030.849609,15105.580078,15105.580078,4723370000
2021-09-14,15168.450195,15181.190430,15008.299805,15037.759766,15037.759766,4593140000
2021-09-15,15071.339844,15174.379883,14984.679688,15161.530273,15161.530273,4465140000
2021-09-16,15120.089844,15205.500000,15047.139648,15181.919922,15181.919922,3701500000
2021-09-17,15163.360352,15166.559570,14998.730469,15043.969727,15043.969727,6709540000
2021-09-20,14758.139648,14841.820313,14530.070313,14713.900391,14713.900391,4879490000
2021-09-21,14803.360352,14847.030273,14696.469727,14746.400391,14746.400391,4083010000
2021-09-22,14800.589844,14950.120117,14767.009766,14896.849609,14896.849609,4252490000
2021-09-23,14960.000000,15085.440430,14932.509766,15052.240234,15052.240234,4196130000
2021-09-24,14961.610352,15067.559570,14946.570313,15047.700195,15047.700195,3992150000
2021-09-27,14954.179688,15003.160156,14864.959961,14969.969727,14969.969727,4650790000
2021-09-28,14787.209961,14817.740234,14539.879883,14546.679688,14546.679688,4989510000
2021-09-29,14614.879883,14676.620117,14493.669922,14512.440430,14512.440430,5294600000
2021-09-30,14582.599609,14632.360352,14444.299805,14448.580078,14448.580078,5950950000
2021-10-01,14494.929688,14606.820313,14324.009766,14566.700195,14566.700195,4710720000
2021-10-04,14493.120117,14499.740234,14181.690430,14255.480469,14255.480469,4557110000
2021-10-05,14312.860352,14508.650391,14299.780273,14433.830078,14433.830078,4176390000
2021-10-06,14289.450195,14509.549805,14259.070313,14501.910156,14501.910156,4465910000
2021-10-07,14631.799805,14755.719727,14615.139648,14654.019531,14654.019531,3984180000
2021-10-08,14694.719727,14699.910156,14569.679688,14579.540039,14579.540039,3571380000
2021-10-11,14540.080078,14665.990234,14482.620117,14486.200195,14486.200195,3539540000
2021-10-12,14539.089844,14552.709961,14441.599609,14465.919922,14465.919922,4063830000
2021-10-13,14537.169922,14589.280273,14471.879883,14571.639648,14571.639648,4053580000
2021-10-14,14717.500000,14827.559570,14699.519531,14823.429688,14823.429688,4262400000
2021-10-15,14891.240234,14904.980469,14847.959961,14897.339844,14897.339844,4494440000
2021-10-18,14839.740234,15026.679688,14833.280273,15021.809570,15021.809570,4167740000
2021-10-19,15073.129883,15137.849609,15049.730469,15129.089844,15129.089844,4483400000
2021-10-20,15160.000000,15178.389648,15071.150391,15121.679688,15121.679688,4117050000
2021-10-21,15104.799805,15222.250000,15094.139648,15215.700195,15215.700195,4961860000
2021-10-22,15158.070313,15193.009766,15021.019531,15090.200195,15090.200195,5775770000
2021-10-25,15142.919922,15259.629883,15070.750000,15226.709961,15226.709961,5750200000
2021-10-26,15317.500000,15384.000000,15198.230469,15235.709961,15235.709961,7173230000
2021-10-27,15276.000000,15364.540039,15235.839844,15235.839844,15235.839844,6130110000
2021-10-28,15304.740234,15452.299805,15290.309570,15448.120117,15448.120117,5714890000
2021-10-29,15323.290039,15504.120117,15323.290039,15498.389648,15498.389648,5338290000
2021-11-01,15541.259766,15598.950195,15470.820313,15595.919922,15595.919922,5273950000
2021-11-02,15583.980469,15656.599609,15569.269531,15649.599609,15649.599609,5129370000
2021-11-03,15658.519531,15821.570313,15616.440430,15811.580078,15811.580078,5325110000
2021-11-04,15849.740234,15966.089844,15827.660156,15940.309570,15940.309570,5297250000
2021-11-05,16003.559570,16053.389648,15900.780273,15971.589844,15971.589844,5566400000
2021-11-08,15995.719727,16038.230469,15961.809570,15982.360352,15982.360352,5723650000
2021-11-09,16024.129883,16035.209961,15836.679688,15886.540039,15886.540039,5574660000
2021-11-10,15753.839844,15867.240234,15543.679688,15622.709961,15622.709961,5369110000
2021-11-11,15752.080078,15768.030273,15695.769531,15704.280273,15704.280273,4570460000
2021-11-12,15752.620117,15874.570313,15705.379883,15860.959961,15860.959961,5446540000
2021-11-15,15894.820313,15918.450195,15778.309570,15853.849609,15853.849609,5020180000
2021-11-16,15840.320313,15989.610352,15825.000000,15973.860352,15973.860352,5533020000
2021-11-17,15973.620117,15998.570313,15909.389648,15921.570313,15921.570313,5049320000
2021-11-18,15973.389648,16010.879883,15848.830078,15993.709961,15993.709961,5391360000
2021-11-19,16042.160156,16121.120117,16017.230469,16057.440430,16057.440430,4875310000
2021-11-22,16120.919922,16212.230469,15851.040039,15854.759766,15854.759766,5567830000
2021-11-23,15809.500000,15895.860352,15601.459961,15775.139648,15775.139648,5434380000
2021-11-24,15677.879883,15848.559570,15591.360352,15845.230469,15845.230469,4197090000
2021-11-26,15664.379883,15731.540039,15456.089844,15491.660156,15491.660156,3502170000
2021-11-29,15719.419922,15833.110352,15644.610352,15782.830078,15782.830078,4836230000
2021-11-30,15716.500000,15828.200195,15451.389648,15537.690430,15537.690430,6631470000
2021-12-01,15752.269531,15816.820313,15243.929688,15254.049805,15254.049805,6320260000
2021-12-02,15181.820313,15444.540039,15150.120117,15381.320313,15381.320313,5418340000
2021-12-03,15428.709961,15470.360352,14931.059570,15085.469727,15085.469727,5900290000
2021-12-06,15117.629883,15281.990234,14931.610352,15225.150391,15225.150391,5115230000
2021-12-07,15510.910156,15720.089844,15507.660156,15686.919922,15686.919922,5116490000
2021-12-08,15690.650391,15792.639648,15618.879883,15786.990234,15786.990234,4615390000
2021-12-09,15720.540039,15796.049805,15511.120117,15517.370117,15517.370117,4515600000
2021-12-10,15629.589844,15677.599609,15477.849609,15630.599609,15630.599609,4426210000
2021-12-13,15621.269531,15637.059570,15408.250000,15413.280273,15413.280273,4573920000
2021-12-14,15215.959961,15317.549805,15097.349609,15237.639648,15237.639648,4865990000
2021-12-15,15230.709961,15575.759766,15055.230469,15565.580078,15565.580078,5343920000
2021-12-16,15629.080078,15633.190430,15119.490234,15180.429688,15180.429688,4906480000
2021-12-17,15036.769531,15288.780273,14960.370117,15169.679688,15169.679688,7668770000
2021-12-20,14933.000000,15007.299805,14860.040039,14980.940430,14980.940430,4602640000
2021-12-21,15140.429688,15349.059570,15015.030273,15341.089844,15341.089844,4581720000
2021-12-22,15319.160156,15525.969727,15303.059570,15521.889648,15521.889648,4107900000
2021-12-23,15544.790039,15697.980469,15528.910156,15653.370117,15653.370117,3935010000
2021-12-27,15696.830078,15871.400391,15696.830078,15871.259766,15871.259766,3743920000
2021-12-28,15895.200195,15901.469727,15757.070313,15781.719727,15781.719727,3648500000
2021-12-29,15794.919922,15821.809570,15679.849609,15766.219727,15766.219727,3714380000
2021-12-30,15758.980469,15868.089844,15729.160156,15741.559570,15741.559570,3750920000
2021-12-31,15722.910156,15777.429688,15643.940430,15644.969727,15644.969727,3392580000
2022-01-03,15732.500000,15832.799805,15644.089844,15832.799805,15832.799805,4429960000
2022-01-04,15852.139648,15852.139648,15512.410156,15622.719727,15622.719727,5131110000
2022-01-05,15547.160156,15586.299805,15095.179688,15100.169922,15100.169922,5031850000
2022-01-06,15024.150391,15198.450195,14914.870117,15080.860352,15080.860352,4790820000
2022-01-07,15095.719727,15171.019531,14877.629883,14935.900391,14935.900391,4238070000
2022-01-10,14751.780273,14953.849609,14530.230469,14942.830078,14942.830078,5317180000
2022-01-11,14919.259766,15158.709961,14837.629883,15153.450195,15153.450195,4390710000
2022-01-12,15263.099609,15319.030273,15117.290039,15188.389648,15188.389648,4338530000
2022-01-13,15245.040039,15259.709961,14782.240234,14806.809570,14806.809570,4302020000
2022-01-14,14708.019531,14897.679688,14689.429688,14893.750000,14893.750000,4374020000
2022-01-18,14681.830078,14740.540039,14482.940430,14506.900391,14506.900391,5060790000
2022-01-19,14582.219727,14658.889648,14331.650391,14340.259766,14340.259766,4665340000
2022-01-20,14462.849609,14642.030273,14140.780273,14154.019531,14154.019531,5102050000
2022-01-21,14046.219727,14171.719727,13764.240234,13768.919922,13768.919922,5870830000
2022-01-24,13481.500000,13876.610352,13094.650391,13855.129883,13855.129883,6998770000
2022-01-25,13610.870117,13781.620117,13414.139648,13539.290039,13539.290039,5019380000
2022-01-26,13871.769531,14002.650391,13392.190430,13542.120117,13542.120117,5771140000
2022-01-27,13710.990234,13765.910156,13322.660156,13352.780273,13352.780273,5177380000
2022-01-28,13436.709961,13771.910156,13236.559570,13770.570313,13770.570313,4971930000
2022-01-31,13812.190430,14242.900391,13767.709961,14239.879883,14239.879883,5124940000
2022-02-01,14277.429688,14358.690430,14070.769531,14346.000000,14346.000000,4671850000
2022-02-02,14494.469727,14504.820313,14264.650391,14417.549805,14417.549805,4673140000
2022-02-03,14045.830078,14207.889648,13851.740234,13878.820313,13878.820313,4326300000
2022-02-04,13958.480469,14222.759766,13850.389648,14098.009766,14098.009766,4121340000
2022-02-07,14118.790039,14236.309570,13974.099609,14015.669922,14015.669922,4268730000
2022-02-08,13984.429688,14226.480469,13934.780273,14194.450195,14194.450195,4293770000
2022-02-09,14368.160156,14490.719727,14330.870117,14490.370117,14490.370117,4729730000
2022-02-10,14228.679688,14509.559570,14118.200195,14185.639648,14185.639648,5212510000
2022-02-11,14213.620117,14246.700195,13733.160156,13791.150391,13791.150391,5237320000
2022-02-14,13768.969727,13921.709961,13664.759766,13790.919922,13790.919922,4347350000
2022-02-15,13997.179688,14142.490234,13976.290039,14139.759766,14139.759766,4416840000
2022-02-16,14038.919922,14163.730469,13931.990234,14124.089844,14124.089844,4238560000
2022-02-17,14004.190430,14020.820313,13704.700195,13716.719727,13716.719727,4278370000
2022-02-18,13735.400391,13762.400391,13465.559570,13548.070313,13548.070313,4501940000
2022-02-22,13424.360352,13618.719727,13249.650391,13381.519531,13381.519531,4849170000
2022-02-23,13511.750000,13533.780273,13032.169922,13037.490234,13037.490234,4639330000
2022-02-24,12587.879883,13486.110352,12587.879883,13473.589844,13473.589844,6180200000
2022-02-25,13485.259766,13696.860352,13358.290039,13694.620117,13694.620117,4628720000
2022-02-28,13570.830078,13810.639648,13549.900391,13751.400391,13751.400391,5928130000
2022-03-01,13716.700195,13777.040039,13441.320313,13532.459961,13532.459961,6131350000
2022-03-02,13597.530273,13796.549805,13493.910156,13752.019531,13752.019531,5246390000
2022-03-03,13837.589844,13837.589844,13472.639648,13537.940430,13537.940430,5092580000
2022-03-04,13455.230469,13486.709961,13224.980469,13313.440430,13313.440430,5343900000
2022-03-07,13328.360352,13353.280273,12828.019531,12830.959961,12830.959961,6195370000
2022-03-08,12800.040039,13159.440430,12670.080078,12795.549805,12795.549805,6683960000
2022-03-09,13113.700195,13301.160156,13039.790039,13255.549805,13255.549805,5396550000
2022-03-10,13098.349609,13163.500000,12946.280273,13129.959961,13129.959961,5071250000
2022-03-11,13229.769531,13239.349609,12830.370117,12843.809570,12843.809570,5288210000
2022-03-14,12795.120117,12918.009766,12555.349609,12581.219727,12581.219727,5876710000
2022-03-15,12685.230469,12973.879883,12616.589844,12948.620117,12948.620117,5440100000
2022-03-16,13119.370117,13440.120117,12992.200195,13436.549805,13436.549805,6552210000
2022-03-17,13360.719727,13620.799805,13317.139648,13614.780273,13614.780273,5612090000
2022-03-18,13564.629883,13899.280273,13528.059570,13893.839844,13893.839844,8149290000
2022-03-21,13860.389648,13945.809570,13682.549805,13838.459961,13838.459961,5673940000
2022-03-22,13866.429688,14141.070313,13857.290039,14108.820313,14108.820313,5445100000
2022-03-23,13990.349609,14152.139648,13921.650391,13922.599609,13922.599609,5024230000
2022-03-24,14001.320313,14193.549805,13897.200195,14191.839844,14191.839844,5149520000
2022-03-25,14194.719727,14218.759766,14010.790039,14169.299805,14169.299805,5585100000
2022-03-28,14177.209961,14356.000000,14101.339844,14354.900391,14354.900391,5129500000
2022-03-29,14500.389648,14646.900391,14419.400391,14619.639648,14619.639648,6060890000
2022-03-30,14558.589844,14609.250000,14383.450195,14442.269531,14442.269531,5479200000
2022-03-31,14444.780273,14456.740234,14217.719727,14220.519531,14220.519531,5453890000
2022-04-01,14269.530273,14306.940430,14131.809570,14261.500000,14261.500000,5002790000
2022-04-04,14304.349609,14534.379883,14286.450195,14532.549805,14532.549805,4630100000
2022-04-05,14490.259766,14500.290039,14169.120117,14204.169922,14204.169922,4727710000
2022-04-06,14002.580078,14032.839844,13788.900391,13888.820313,13888.820313,5360420000
2022-04-07,13861.490234,13978.250000,13689.230469,13897.299805,13897.299805,4856090000
2022-04-08,13830.469727,13866.059570,13693.690430,13711.000000,13711.000000,4574080000
2022-04-11,13547.290039,13585.080078,13401.389648,13411.959961,13411.959961,4946680000
2022-04-12,13584.690430,13685.950195,13317.740234,13371.570313,13371.570313,4991720000
2022-04-13,13373.120117,13679.429688,13353.660156,13643.589844,13643.589844,4909720000
2022-04-14,13647.429688,13662.929688,13345.219727,13351.080078,13351.080078,4642240000
2022-04-18,13319.389648,13414.269531,13222.030273,13332.360352,13332.360352,4365230000
2022-04-19,13312.440430,13643.969727,13281.219727,13619.660156,13619.660156,4562840000
2022-04-20,13665.379883,13678.549805,13426.129883,13453.070313,13453.070313,4678930000
2022-04-21,13623.700195,13710.700195,13140.830078,13174.650391,13174.650391,5233110000
2022-04-22,13168.799805,13212.599609,12828.019531,12839.290039,12839.290039,4475090000
2022-04-25,12749.169922,13011.450195,12722.589844,13004.849609,13004.849609,4845160000
2022-04-26,12918.040039,12918.040039,12490.740234,12490.740234,12490.740234,5168160000
2022-04-27,12500.879883,12703.790039,12430.900391,12488.929688,12488.929688,4810720000
2022-04-28,12712.860352,12948.519531,12487.860352,12871.530273,12871.530273,5067150000
2022-04-29,12710.419922,12861.830078,12315.740234,12334.639648,12334.639648,4733070000
2022-05-02,12331.690430,12542.540039,12202.410156,12536.019531,12536.019531,4918240000
2022-05-03,12511.459961,12645.830078,12460.990234,12563.759766,12563.759766,4547280000
2022-05-04,12574.730469,12985.009766,12367.019531,12964.860352,12964.860352,5498050000
2022-05-05,12787.519531,12787.519531,12183.559570,12317.690430,12317.690430,5308920000
2022-05-06,12246.830078,12358.419922,11990.150391,12144.660156,12144.660156,5324480000
2022-05-09,11923.030273,11990.610352,11574.940430,11623.250000,11623.250000,5939140000
2022-05-10,11900.339844,11944.940430,11566.280273,11737.669922,11737.669922,6218260000
2022-05-11,11645.570313,11844.509766,11339.179688,11364.240234,11364.240234,6152370000
2022-05-12,11199.250000,11547.330078,11108.759766,11370.959961,11370.959961,6679470000
2022-05-13,11555.969727,11856.709961,11510.259766,11805.000000,11805.000000,5894020000
2022-05-16,11727.139648,11804.589844,11627.530273,11662.790039,11662.790039,4930250000
2022-05-17,11905.570313,11988.429688,11754.280273,11984.519531,11984.519531,5093960000
2022-05-18,11790.679688,11826.219727,11381.690430,11418.150391,11418.150391,5064120000
2022-05-19,11364.400391,11562.820313,11313.309570,11388.500000,11388.500000,5154410000
2022-05-20,11542.669922,11552.209961,11035.690430,11354.620117,11354.620117,5434370000
2022-05-23,11396.280273,11552.070313,11304.559570,11535.269531,11535.269531,4552200000
2022-05-24,11326.440430,11351.610352,11092.480469,11264.450195,11264.450195,4724430000
2022-05-25,11225.030273,11511.900391,11211.849609,11434.740234,11434.740234,4519690000
2022-05-26,11409.839844,11796.969727,11406.160156,11740.650391,11740.650391,4672620000
2022-05-27,11869.690430,12131.660156,11856.820313,12131.129883,12131.129883,4793900000
2022-05-31,12137.540039,12190.080078,11942.500000,12081.389648,12081.389648,6045500000
2022-06-01,12176.889648,12237.940430,11901.429688,11994.459961,11994.459961,4719900000
2022-06-02,11945.570313,12320.120117,11901.450195,12316.900391,12316.900391,4445840000
2022-06-03,12097.120117,12167.440430,11966.620117,12012.730469,12012.730469,4130040000
2022-06-06,12200.330078,12245.400391,12004.200195,12061.370117,12061.370117,4647010000
2022-06-07,11925.809570,12194.860352,11888.610352,12175.230469,12175.230469,4411240000
2022-06-08,12147.280273,12235.780273,12052.700195,12086.269531,12086.269531,4708980000
2022-06-09,12016.469727,12115.059570,11751.980469,11754.230469,11754.230469,5408460000
2022-06-10,11543.879883,11569.150391,11328.269531,11340.019531,11340.019531,5152020000
2022-06-13,10986.849609,11071.480469,10775.139648,10809.230469,10809.230469,5937320000
2022-06-14,10897.429688,10926.809570,10733.040039,10828.349609,10828.349609,4819890000
2022-06-15,10968.400391,11244.259766,10866.389648,11099.150391,11099.150391,5368500000
2022-06-16,10806.019531,10831.070313,10565.139648,10646.099609,10646.099609,5696630000
2022-06-17,10697.549805,10884.709961,10638.719727,10798.349609,10798.349609,7452830000
2022-06-21,10974.049805,11164.990234,10974.049805,11069.299805,11069.299805,5226260000
2022-06-22,10941.950195,11216.769531,10938.059570,11053.080078,11053.080078,5238180000
2022-06-23,11137.679688,11260.269531,11046.280273,11232.190430,11232.190430,5258200000
2022-06-24,11351.309570,11613.230469,11337.780273,11607.620117,11607.620117,9468130000
2022-06-27,11661.019531,11677.490234,11487.070313,11524.549805,11524.549805,5047860000
2022-06-28,11542.240234,11635.849609,11177.679688,11181.540039,11181.540039,5433220000
2022-06-29,11160.219727,11226.330078,11072.190430,11177.889648,11177.889648,5650860000
2022-06-30,11048.250000,11160.919922,10850.009766,11028.740234,11028.740234,5654520000
2022-07-01,11006.830078,11132.549805,10922.709961,11127.849609,11127.849609,4865730000
2022-07-05,10964.179688,11323.889648,10911.450195,11322.240234,11322.240234,5053570000
2022-07-06,11337.900391,11443.150391,11250.320313,11361.849609,11361.849609,4851170000
2022-07-07,11422.599609,11644.469727,11412.879883,11621.349609,11621.349609,4685050000
2022-07-08,11503.610352,11689.700195,11479.769531,11635.309570,11635.309570,4526570000
2022-07-11,11524.490234,11541.099609,11348.059570,11372.599609,11372.599609,4362910000
2022-07-12,11420.889648,11483.169922,11207.080078,11264.730469,11264.730469,4317860000
2022-07-13,11056.549805,11325.669922,11031.269531,11247.580078,11247.580078,4433060000
2022-07-14,11151.209961,11279.969727,11005.929688,11251.190430,11251.190430,4481070000
2022-07-15,11379.360352,11454.690430,11295.330078,11452.419922,11452.419922,4369060000
2022-07-18,11561.639648,11629.030273,11322.839844,11360.049805,11360.049805,5057920000
2022-07-19,11515.000000,11721.219727,11448.969727,11713.150391,11713.150391,5302740000
2022-07-20,11726.089844,11939.959961,11703.360352,11897.650391,11897.650391,5467080000
2022-07-21,11914.150391,12060.589844,11812.719727,12059.610352,12059.610352,4680930000
2022-07-22,12025.370117,12093.019531,11767.190430,11834.110352,11834.110352,4721880000
2022-07-25,11837.959961,11855.110352,11707.530273,11782.669922,11782.669922,4346520000
2022-07-26,11701.530273,11711.309570,11533.370117,11562.570313,11562.570313,4349760000
2022-07-27,11756.190430,12081.730469,11718.379883,12032.419922,12032.419922,4588480000
2022-07-28,12036.480469,12179.089844,11886.669922,12162.589844,12162.589844,4924950000
2022-07-29,12239.690430,12426.259766,12181.129883,12390.690430,12390.690430,4907410000
2022-08-01,12317.959961,12499.719727,12271.980469,12368.980469,12368.980469,4396390000
2022-08-02,12287.669922,12503.339844,12260.480469,12348.759766,12348.759766,4792140000
2022-08-03,12433.870117,12699.639648,12425.209961,12668.160156,12668.160156,5667990000
2022-08-04,12675.040039,12736.190430,12600.780273,12720.580078,12720.580078,5451470000
2022-08-05,12538.799805,12720.440430,12525.769531,12657.549805,12657.549805,4911300000
2022-08-08,12703.719727,12855.150391,12597.750000,12644.459961,12644.459961,5238600000
2022-08-09,12557.490234,12582.910156,12438.860352,12493.929688,12493.929688,5307340000
2022-08-10,12793.440430,12861.440430,12698.610352,12854.799805,12854.799805,5196210000
2022-08-11,12944.820313,13026.240234,12760.089844,12779.910156,12779.910156,5815960000
2022-08-12,12866.309570,13047.190430,12821.219727,13047.190430,13047.190430,4782610000
2022-08-15,12996.629883,13146.059570,12993.780273,13128.049805,13128.049805,4476040000
2022-08-16,13082.639648,13181.089844,12979.240234,13102.549805,13102.549805,5028410000
2022-08-17,12968.629883,13053.509766,12863.009766,12938.120117,12938.120117,5229520000
2022-08-18,12937.790039,13002.660156,12873.490234,12965.339844,12965.339844,4724350000
2022-08-19,12832.269531,12859.009766,12674.870117,12705.219727,12705.219727,4628170000
2022-08-22,12523.160156,12538.549805,12353.730469,12381.570313,12381.570313,4270980000
2022-08-23,12380.370117,12490.849609,12352.030273,12381.299805,12381.299805,3836180000
2022-08-24,12375.150391,12504.330078,12350.160156,12431.530273,12431.530273,3917170000
2022-08-25,12506.370117,12641.259766,12471.980469,12639.269531,12639.269531,4323470000
2022-08-26,12630.580078,12655.839844,12141.519531,12141.709961,12141.709961,4530000000
2022-08-29,12021.049805,12124.870117,11981.419922,12017.669922,12017.669922,4209850000
2022-08-30,12093.059570,12101.849609,11790.019531,11883.139648,11883.139648,4681520000
2022-08-31,11972.559570,12027.429688,11814.169922,11816.200195,11816.200195,4952010000
2022-09-01,11707.440430,11798.370117,11546.519531,11785.129883,11785.129883,4792890000
2022-09-02,11899.139648,11945.910156,11573.509766,11630.860352,11630.860352,4257410000
2022-09-06,11643.030273,11679.429688,11471.500000,11544.910156,11544.910156,4622940000
2022-09-07,11559.379883,11819.070313,11555.080078,11791.900391,11791.900391,4445640000
2022-09-08,11679.860352,11896.730469,11660.530273,11862.129883,11862.129883,4329910000
2022-09-09,11958.610352,12132.669922,11958.610352,12112.309570,12112.309570,4401590000
2022-09-12,12174.940430,12270.190430,12169.280273,12266.410156,12266.410156,4146680000
2022-09-13,11908.809570,11957.969727,11604.429688,11633.570313,11633.570313,5188380000
2022-09-14,11680.410156,11746.830078,11602.759766,11719.679688,11719.679688,4861530000
2022-09-15,11633.240234,11760.730469,11497.110352,11552.360352,11552.360352,4805910000
2022-09-16,11401.209961,11460.429688,11316.919922,11448.400391,11448.400391,7451840000
2022-09-19,11338.570313,11538.129883,11337.830078,11535.019531,11535.019531,4168670000
2022-09-20,11440.139648,11520.990234,11343.719727,11425.049805,11425.049805,4028100000
2022-09-21,11466.209961,11613.570313,11218.990234,11220.190430,11220.190430,4471000000
2022-09-22,11167.379883,11203.769531,11024.639648,11066.809570,11066.809570,4916470000
2022-09-23,10952.690430,10958.290039,10732.719727,10867.929688,10867.929688,5134350000
2022-09-26,10833.379883,11024.000000,10789.049805,10802.919922,10802.919922,4697730000
2022-09-27,10955.290039,11040.980469,10741.019531,10829.500000,10829.500000,4445050000
2022-09-28,10817.519531,11101.500000,10776.339844,11051.639648,11051.639648,4556100000
2022-09-29,10894.440430,10899.469727,10623.219727,10737.509766,10737.509766,4516630000
2022-09-30,10697.709961,10883.040039,10572.330078,10575.620117,10575.620117,4649710000
2022-10-03,10659.009766,10875.459961,10577.889648,10815.429688,10815.429688,4415440000
2022-10-04,11054.719727,11189.959961,11044.040039,11176.410156,11176.410156,5004780000
2022-10-05,11022.669922,11210.320313,10910.759766,11148.639648,11148.639648,4091860000
2022-10-06,11129.040039,11230.440430,11051.269531,11073.309570,11073.309570,4423320000
2022-10-07,10877.280273,10891.929688,10608.519531,10652.400391,10652.400391,4634190000
2022-10-10,10659.950195,10669.929688,10449.040039,10542.099609,10542.099609,3989640000
2022-10-11,10484.370117,10608.839844,10351.980469,10426.190430,10426.190430,4738840000
2022-10-12,10437.000000,10494.530273,10372.209961,10417.099609,10417.099609,4091030000
2022-10-13,10131.820313,10697.709961,10088.830078,10649.150391,10649.150391,5300080000
2022-10-14,10742.809570,10766.690430,10308.809570,10321.389648,10321.389648,4393000000
2022-10-17,10575.650391,10696.589844,10569.690430,10675.799805,10675.799805,4439190000
2022-10-18,10963.990234,10972.969727,10670.120117,10772.400391,10772.400391,5047360000
2022-10-19,10689.309570,10808.040039,10592.879883,10680.509766,10680.509766,4955090000
2022-10-20,10657.410156,10837.299805,10574.549805,10614.839844,10614.839844,4628010000
2022-10-21,10576.040039,10875.719727,10542.429688,10859.719727,10859.719727,4706440000
2022-10-24,10867.070313,10983.519531,10713.330078,10952.610352,10952.610352,4808710000
2022-10-25,10996.969727,11210.379883,10996.969727,11199.120117,11199.120117,5141760000
2022-10-26,10969.019531,11205.839844,10948.379883,10970.990234,10970.990234,5224440000
2022-10-27,10971.950195,10998.730469,10780.500000,10792.669922,10792.669922,4773520000
2022-10-28,10766.200195,11117.040039,10766.200195,11102.450195,11102.450195,4731940000
2022-10-31,11028.429688,11047.940430,10914.009766,10988.150391,10988.150391,4753740000
2022-11-01,11154.740234,11156.349609,10881.190430,10890.849609,10890.849609,4677520000
2022-11-02,10885.009766,10993.240234,10522.900391,10524.799805,10524.799805,5436420000
2022-11-03,10399.450195,10486.009766,10319.540039,10342.940430,10342.940430,5102190000
2022-11-04,10548.139648,10553.629883,10262.929688,10475.250000,10475.250000,5453750000
2022-11-07,10516.940430,10587.959961,10428.910156,10564.519531,10564.519531,4456690000
2022-11-08,10611.530273,10745.639648,10472.730469,10616.200195,10616.200195,5134500000
2022-11-09,10528.450195,10564.969727,10344.009766,10353.169922,10353.169922,4977460000
2022-11-10,10869.169922,11119.120117,10779.950195,11114.150391,11114.150391,6433000000
2022-11-11,11124.750000,11352.429688,11069.830078,11323.330078,11323.330078,5867750000
2022-11-14,11233.900391,11350.120117,11167.169922,11196.219727,11196.219727,5004060000
2022-11-15,11474.820313,11492.620117,11241.150391,11358.410156,11358.410156,5617310000
2022-11-16,11260.099609,11286.099609,11162.919922,11183.660156,11183.660156,4585190000
2022-11-17,11008.669922,11198.839844,11006.209961,11144.959961,11144.959961,4354360000
2022-11-18,11257.009766,11259.440430,11059.160156,11146.059570,11146.059570,4175420000
2022-11-21,11091.009766,11128.780273,10999.750000,11024.509766,11024.509766,3977130000
2022-11-22,11058.559570,11179.870117,10975.660156,11174.410156,11174.410156,4186360000
2022-11-23,11174.610352,11310.820313,11174.610352,11285.320313,11285.320313,4431530000
2022-11-25,11231.000000,11261.570313,11206.379883,11226.360352,11226.360352,2184080000
2022-11-28,11147.570313,11217.750000,11020.690430,11049.500000,11049.500000,4271360000
2022-11-29,11060.019531,11086.019531,10944.370117,10983.780273,10983.780273,4592830000
2022-11-30,10995.200195,11468.469727,10966.530273,11468.000000,11468.000000,6653460000
2022-12-01,11475.169922,11546.769531,11378.750000,11482.450195,11482.450195,5158120000
2022-12-02,11308.379883,11492.320313,11296.719727,11461.500000,11461.500000,4523010000
2022-12-05,11380.990234,11425.509766,11193.019531,11239.940430,11239.940430,4510030000
2022-12-06,11228.419922,11241.419922,10956.200195,11014.889648,11014.889648,4713330000
2022-12-07,10963.950195,11039.809570,10910.620117,10958.549805,10958.549805,4343860000
2022-12-08,11011.330078,11119.160156,10939.469727,11082.000000,11082.000000,4281800000
2022-12-09,11038.169922,11138.700195,10999.259766,11004.620117,11004.620117,4337440000
2022-12-12,11015.480469,11144.669922,10984.820313,11143.740234,11143.740234,4829990000
2022-12-13,11542.839844,11571.639648,11160.540039,11256.809570,11256.809570,6126890000
2022-12-14,11248.089844,11352.089844,11065.240234,11170.889648,11170.889648,5485150000
2022-12-15,11012.620117,11029.570313,10775.610352,10810.530273,10810.530273,5536070000
2022-12-16,10767.629883,10833.240234,10642.099609,10705.410156,10705.410156,7968170000
2022-12-19,10707.440430,10713.969727,10497.549805,10546.030273,10546.030273,4631820000
2022-12-20,10490.889648,10609.459961,10446.820313,10547.110352,10547.110352,4707190000
2022-12-21,10592.000000,10753.570313,10569.200195,10709.370117,10709.370117,4401420000
2022-12-22,10586.459961,10599.339844,10313.320313,10476.120117,10476.120117,5125070000
2022-12-23,10437.750000,10514.759766,10361.820313,10497.860352,10497.860352,3544680000
2022-12-27,10462.190430,10472.320313,10340.730469,10353.230469,10353.230469,3827290000
2022-12-28,10339.200195,10414.820313,10207.469727,10213.290039,10213.290039,3842970000
2022-12-29,10321.459961,10502.080078,10301.059570,10478.089844,10478.089844,4154100000
2022-12-30,10368.370117,10468.309570,10324.700195,10466.480469,10466.480469,3959030000
2023-01-03,10562.059570,10613.059570,10309.160156,10386.980469,10386.980469,4780650000
2023-01-04,10467.820313,10515.219727,10337.639648,10458.759766,10458.759766,5085380000
2023-01-05,10390.309570,10393.219727,10295.250000,10305.240234,10305.240234,4764270000
2023-01-06,10363.959961,10604.139648,10265.040039,10569.290039,10569.290039,5199780000
2023-01-09,10662.099609,10807.259766,10619.120117,10635.650391,10635.650391,5132190000
2023-01-10,10607.719727,10743.669922,10589.589844,10742.629883,10742.629883,4710680000
2023-01-11,10794.990234,10932.440430,10762.730469,10931.669922,10931.669922,5284390000
2023-01-12,10969.259766,11027.750000,10797.120117,11001.099609,11001.099609,5681240000
2023-01-13,10906.370117,11084.009766,10900.160156,11079.160156,11079.160156,5077990000
2023-01-17,11070.000000,11145.440430,11024.719727,11095.110352,11095.110352,5138410000
2023-01-18,11170.950195,11223.410156,10952.049805,10957.009766,10957.009766,5288630000
2023-01-19,10890.400391,10932.519531,10804.570313,10852.269531,10852.269531,4660800000
2023-01-20,10924.660156,11143.169922,10885.650391,11140.429688,11140.429688,5980110000
2023-01-23,11171.940430,11405.500000,11144.030273,11364.410156,11364.410156,5997810000
2023-01-24,11302.929688,11378.150391,11282.650391,11334.269531,11334.269531,5670860000
2023-01-25,11146.530273,11334.219727,11069.179688,11313.360352,11313.360352,5485570000
2023-01-26,11458.400391,11516.049805,11341.190430,11512.410156,11512.410156,5732890000
2023-01-27,11470.469727,11691.889648,11470.269531,11621.709961,11621.709961,6243800000
2023-01-30,11512.339844,11553.309570,11388.540039,11393.809570,11393.809570,5122320000
2023-01-31,11398.580078,11586.009766,11398.370117,11584.549805,11584.549805,5695150000
2023-02-01,11573.139648,11904.019531,11500.330078,11816.320313,11816.320313,6336040000
2023-02-02,12065.150391,12269.549805,12024.139648,12200.820313,12200.820313,7038210000
2023-02-03,11946.860352,12231.309570,11946.860352,12006.950195,12006.950195,5954490000
2023-02-06,11904.410156,11973.410156,11843.490234,11887.450195,11887.450195,5538350000
2023-02-07,11891.250000,12150.219727,11836.780273,12113.790039,12113.790039,5720240000
2023-02-08,12069.120117,12096.389648,11890.089844,11910.519531,11910.519531,5052870000
2023-02-09,12069.099609,12070.959961,11745.110352,11789.580078,11789.580078,5536290000
2023-02-10,11714.599609,11775.799805,11630.540039,11718.120117,11718.120117,4885030000
2023-02-13,11759.089844,11910.919922,11719.730469,11891.790039,11891.790039,4752880000
2023-02-14,11808.200195,11999.849609,11760.559570,11960.150391,11960.150391,5032430000
2023-02-15,11905.120117,12071.290039,11876.820313,12070.589844,12070.589844,5056640000
2023-02-16,11896.309570,12040.339844,11853.360352,11855.830078,11855.830078,5159410000
2023-02-17,11777.500000,11803.219727,11673.209961,11787.269531,11787.269531,4925230000
2023-02-21,11640.370117,11684.139648,11491.179688,11492.299805,11492.299805,5002540000
2023-02-22,11517.200195,11582.519531,11445.169922,11507.070313,11507.070313,4671270000
2023-02-23,11636.929688,11638.980469,11432.580078,11590.400391,11590.400391,4714580000
2023-02-24,11404.179688,11434.360352,11334.469727,11394.940430,11394.940430,4432650000
2023-02-27,11517.190430,11565.230469,11444.599609,11466.980469,11466.980469,4494000000
2023-02-28,11451.049805,11548.230469,11435.389648,11455.540039,11455.540039,5340950000
2023-03-01,11447.580078,11479.000000,11349.870117,11379.480469,11379.480469,4927530000
2023-03-02,11273.769531,11487.589844,11273.610352,11462.980469,11462.980469,5313760000
2023-03-03,11524.650391,11699.629883,11514.740234,11689.009766,11689.009766,5102210000
2023-03-06,11736.870117,11827.919922,11667.480469,11675.740234,11675.740234,4982880000
2023-03-07,11670.980469,11705.959961,11512.030273,11530.330078,11530.330078,5422820000
2023-03-08,11553.089844,11601.230469,11487.750000,11576.000000,11576.000000,5085970000
2023-03-09,11578.309570,11667.120117,11319.980469,11338.349609,11338.349609,5061790000
2023-03-10,11325.360352,11373.809570,11093.860352,11138.889648,11138.889648,6193500000
2023-03-13,11041.459961,11326.730469,10982.799805,11188.839844,11188.839844,6201490000
2023-03-14,11357.730469,11467.019531,11284.929688,11428.150391,11428.150391,5533120000
2023-03-15,11291.169922,11447.900391,11238.440430,11434.049805,11434.049805,5912430000
2023-03-16,11384.870117,11733.799805,11365.490234,11717.280273,11717.280273,5498920000
2023-03-17,11696.339844,11773.110352,11562.629883,11630.509766,11630.509766,7903090000
2023-03-20,11614.389648,11695.549805,11550.690430,11675.540039,11675.540039,4970630000
2023-03-21,11764.790039,11879.160156,11724.910156,11860.110352,11860.110352,4829870000
2023-03-22,11857.500000,12013.990234,11666.849609,11669.959961,11669.959961,4981590000
2023-03-23,11811.320313,11962.690430,11684.519531,11787.400391,11787.400391,4917460000
2023-03-24,11747.620117,11826.230469,11670.669922,11823.959961,11823.959961,4363650000
2023-03-27,11868.540039,11903.209961,11739.049805,11768.839844,11768.839844,4330320000
2023-03-28,11752.759766,11752.759766,11635.030273,11716.080078,11716.080078,4036910000
2023-03-29,11855.589844,11941.599609,11823.349609,11926.240234,11926.240234,4493540000
2023-03-30,12010.450195,12044.790039,11953.370117,12013.469727,12013.469727,4738880000
2023-03-31,12031.540039,12227.929688,12030.440430,12221.910156,12221.910156,5521150000
2023-04-03,12146.089844,12196.339844,12086.519531,12189.450195,12189.450195,4816440000
2023-04-04,12208.490234,12224.679688,12081.809570,12126.330078,12126.330078,4298760000
2023-04-05,12081.759766,12086.750000,11931.849609,11996.860352,11996.860352,4378590000
2023-04-06,11939.080078,12098.500000,11898.360352,12087.959961,12087.959961,3862800000
2023-04-10,11975.129883,12084.950195,11924.200195,12084.360352,12084.360352,4334070000
2023-04-11,12080.240234,12091.269531,12011.400391,12031.879883,12031.879883,4676960000
2023-04-12,12110.870117,12134.500000,11916.540039,11929.339844,11929.339844,4909770000
2023-04-13,11997.419922,12178.799805,11995.940430,12166.269531,12166.269531,4942990000
2023-04-14,12117.910156,12205.719727,12026.549805,12123.469727,12123.469727,4655740000
2023-04-17,12108.230469,12159.019531,12064.099609,12157.719727,12157.719727,4823180000
2023-04-18,12234.559570,12245.429688,12110.230469,12153.410156,12153.410156,4851810000
2023-04-19,12063.679688,12191.099609,12060.169922,12157.230469,12157.230469,4972700000
2023-04-20,12039.080078,12155.959961,12011.950195,12059.559570,12059.559570,4590530000
2023-04-21,12046.030273,12097.150391,11986.820313,12072.459961,12072.459961,4868050000
2023-04-24,12053.469727,12103.580078,11960.299805,12037.200195,12037.200195,4854050000
2023-04-25,11968.809570,11990.459961,11798.769531,11799.160156,11799.160156,4806020000
2023-04-26,11913.230469,11967.990234,11833.070313,11854.349609,11854.349609,5281970000
2023-04-27,11972.150391,12154.009766,11950.919922,12142.240234,12142.240234,5253710000
2023-04-28,12117.540039,12227.719727,12082.570313,12226.580078,12226.580078,5331380000
2023-05-01,12210.049805,12261.320313,12181.080078,12212.599609,12212.599609,5168430000
2023-05-02,12198.019531,12206.580078,12015.230469,12080.509766,12080.509766,5501410000
2023-05-03,12097.040039,12212.549805,12022.459961,12025.330078,12025.330078,5782160000
2023-05-04,11997.339844,12033.150391,11925.370117,11966.400391,11966.400391,4745780000
2023-05-05,12073.030273,12264.830078,12065.719727,12235.410156,12235.410156,4574790000
2023-05-08,12231.679688,12264.990234,12178.259766,12256.919922,12256.919922,4216360000
2023-05-09,12195.780273,12216.129883,12174.059570,12179.549805,12179.549805,4126780000
2023-05-10,12286.660156,12337.690430,12180.860352,12306.440430,12306.440430,4948260000
2023-05-11,12321.259766,12347.379883,12255.440430,12328.509766,12328.509766,4489490000
2023-05-12,12350.519531,12364.650391,12209.580078,12284.740234,12284.740234,4170000000
2023-05-15,12301.169922,12376.400391,12263.349609,12365.209961,12365.209961,3979290000
2023-05-16,12327.049805,12403.809570,12324.519531,12343.049805,12343.049805,4067510000
2023-05-17,12388.580078,12514.070313,12335.019531,12500.570313,12500.570313,4501820000
2023-05-18,12513.870117,12698.500000,12512.259766,12688.839844,12688.839844,4532890000
2023-05-19,12709.459961,12731.730469,12624.059570,12657.900391,12657.900391,3935780000
2023-05-22,12664.440430,12756.230469,12655.259766,12720.780273,12720.780273,4278920000
2023-05-23,12652.879883,12709.740234,12554.429688,12560.250000,12560.250000,4347440000
2023-05-24,12481.889648,12529.629883,12415.849609,12484.160156,12484.160156,4088270000
2023-05-25,12706.440430,12736.919922,12604.889648,12698.089844,12698.089844,4651640000
2023-05-26,12736.419922,13001.910156,12729.740234,12975.690430,12975.690430,4434070000
2023-05-30,13109.099609,13154.290039,12968.120117,13017.429688,13017.429688,4843470000
2023-05-31,12968.379883,13029.080078,12889.370117,12935.290039,12935.290039,5905760000
2023-06-01,12944.459961,13141.830078,12903.629883,13100.980469,13100.980469,4610310000
2023-06-02,13190.480469,13256.209961,13125.860352,13240.769531,13240.769531,4426760000
2023-06-05,13238.480469,13330.650391,13194.950195,13229.429688,13229.429688,4344280000
2023-06-06,13199.589844,13306.209961,13165.650391,13276.419922,13276.419922,4810910000
2023-06-07,13295.259766,13361.900391,13089.480469,13104.900391,13104.900391,5270600000
2023-06-08,13113.269531,13248.599609,13101.179688,13238.519531,13238.519531,4280160000
2023-06-09,13312.389648,13385.950195,13229.330078,13259.139648,13259.139648,4412710000
2023-06-12,13326.370117,13465.910156,13302.580078,13461.919922,13461.919922,4722680000
2023-06-13,13566.530273,13594.400391,13473.190430,13573.320313,13573.320313,5522100000
2023-06-14,13570.559570,13661.740234,13455.990234,13626.480469,13626.480469,5772550000
2023-06-15,13572.879883,13828.169922,13561.370117,13782.820313,13782.820313,5667520000
2023-06-16,13859.070313,13864.059570,13680.950195,13689.570313,13689.570313,8076530000
2023-06-20,13642.290039,13711.179688,13561.839844,13667.290039,13667.290039,5237710000
2023-06-21,13620.870117,13638.570313,13460.940430,13502.200195,13502.200195,5194640000
2023-06-22,13443.410156,13631.849609,13441.559570,13630.610352,13630.610352,4499550000
2023-06-23,13484.099609,13572.190430,13442.650391,13492.519531,13492.519531,7734500000
2023-06-26,13468.740234,13573.570313,13334.419922,13335.780273,13335.780273,4430600000
2023-06-27,13389.250000,13578.799805,13366.969727,13555.669922,13555.669922,5053660000
2023-06-28,13506.019531,13654.139648,13495.730469,13591.750000,13591.750000,4533270000
2023-06-29,13592.360352,13618.530273,13540.259766,13591.330078,13591.330078,4388140000
2023-06-30,13719.980469,13816.679688,13716.160156,13787.919922,13787.919922,4661120000
2023-07-03,13798.700195,13839.089844,13773.410156,13816.769531,13816.769531,2902300000
2023-07-05,13772.099609,13844.500000,13764.250000,13791.650391,13791.650391,5339340000
2023-07-06,13653.169922,13689.519531,13567.250000,13679.040039,13679.040039,6113080000
2023-07-07,13668.070313,13804.509766,13656.730469,13660.719727,13660.719727,5098120000
2023-07-10,13645.370117,13692.410156,13584.870117,13685.480469,13685.480469,5275390000
2023-07-11,13709.809570,13774.830078,13643.320313,13760.700195,13760.700195,4840950000
2023-07-12,13915.639648,13963.450195,13842.129883,13918.959961,13918.959961,5230620000
2023-07-13,14021.150391,14163.799805,14012.240234,14138.570313,14138.570313,5183560000
2023-07-14,14166.660156,14232.110352,14081.959961,14113.700195,14113.700195,5366890000
2023-07-17,14149.919922,14274.410156,14138.009766,14244.950195,14244.950195,4593160000
2023-07-18,14212.250000,14396.690430,14176.110352,14353.639648,14353.639648,4824070000
2023-07-19,14398.530273,14446.549805,14317.089844,14358.019531,14358.019531,5112420000
2023-07-20,14273.290039,14309.919922,14030.620117,14063.309570,14063.309570,5128020000
2023-07-21,14148.179688,14179.009766,14020.450195,14032.809570,14032.809570,5254180000
2023-07-24,14081.629883,14110.150391,13997.129883,14058.870117,14058.870117,4083070000
2023-07-25,14093.240234,14201.910156,14092.519531,14144.559570,14144.559570,3812470000
2023-07-26,14123.519531,14187.349609,14041.950195,14127.280273,14127.280273,4322000000
2023-07-27,14319.160156,14360.200195,14006.929688,14050.110352,14050.110352,5115840000
2023-07-28,14199.830078,14344.349609,14188.099609,14316.660156,14316.660156,4453520000
2023-07-31,14337.900391,14370.910156,14292.750000,14346.019531,14346.019531,4934440000
2023-08-01,14274.929688,14309.209961,14215.639648,14283.910156,14283.910156,4633770000
2023-08-02,14132.730469,14133.849609,13914.809570,13973.450195,13973.450195,5481960000
2023-08-03,13899.759766,14032.280273,13881.349609,13959.719727,13959.719727,6036970000
2023-08-04,14025.959961,14119.219727,13897.929688,13909.240234,13909.240234,5349450000
2023-08-07,13972.450195,13997.150391,13864.919922,13994.400391,13994.400391,4892330000
2023-08-08,13875.450195,13899.740234,13769.339844,13884.320313,13884.320313,5284550000
2023-08-09,13897.610352,13898.540039,13698.389648,13722.019531,13722.019531,5591360000
2023-08-10,13818.250000,13947.160156,13686.509766,13737.990234,13737.990234,5299080000
2023-08-11,13633.650391,13720.330078,13609.980469,13644.849609,13644.849609,4638880000
2023-08-14,13599.000000,13789.160156,13582.490234,13788.330078,13788.330078,4272020000
2023-08-15,13760.480469,13774.980469,13611.940430,13631.049805,13631.049805,4473320000
2023-08-16,13593.169922,13644.320313,13473.030273,13474.629883,13474.629883,6243760000
2023-08-17,13527.299805,13535.089844,13303.450195,13316.929688,13316.929688,5280180000
2023-08-18,13190.019531,13335.870117,13161.759766,13290.780273,13290.780273,4801910000
2023-08-21,13347.259766,13516.860352,13325.589844,13497.589844,13497.589844,4363070000
2023-08-22,13593.950195,13598.769531,13484.379883,13505.870117,13505.870117,4282430000
2023-08-23,13532.429688,13757.000000,13532.429688,13721.030273,13721.030273,4127850000
2023-08-24,13834.309570,13834.690430,13462.839844,13463.969727,13463.969727,4383820000
2023-08-25,13514.370117,13633.419922,13376.349609,13590.650391,13590.650391,3970060000
2023-08-28,13695.360352,13735.980469,13626.639648,13705.129883,13705.129883,3666680000
2023-08-29,13687.230469,13959.809570,13677.059570,13943.759766,13943.759766,4748180000
2023-08-30,13961.769531,14050.820313,13924.200195,14019.309570,14019.309570,4364600000
2023-08-31,14041.540039,14114.669922,14010.480469,14034.969727,14034.969727,4568610000
2023-09-01,14129.959961,14149.620117,13982.419922,14031.809570,14031.809570,4033960000
2023-09-05,13994.540039,14060.849609,13945.650391,14020.950195,14020.950195,4379790000
2023-09-06,13988.809570,14001.950195,13802.419922,13872.469727,13872.469727,4215320000
2023-09-07,13675.110352,13774.629883,13642.469727,13748.830078,13748.830078,4320830000
2023-09-08,13754.709961,13843.370117,13733.179688,13761.530273,13761.530273,4160360000
2023-09-11,13884.030273,13937.469727,13805.129883,13917.889648,13917.889648,4538870000
2023-09-12,13858.940430,13913.599609,13763.690430,13773.610352,13773.610352,4595490000
2023-09-13,13773.669922,13868.570313,13733.820313,13813.589844,13813.589844,4840310000
2023-09-14,13889.759766,13957.570313,13810.660156,13926.049805,13926.049805,4649010000
2023-09-15,13889.200195,13895.750000,13684.240234,13708.330078,13708.330078,8162210000
2023-09-18,13669.959961,13751.280273,13663.459961,13710.240234,13710.240234,4855880000
2023-09-19,13649.440430,13705.150391,13578.870117,13678.190430,13678.190430,4453460000
2023-09-20,13710.259766,13727.809570,13467.280273,13469.129883,13469.129883,4782440000
2023-09-21,13328.059570,13362.230469,13222.559570,13223.980469,13223.980469,5014890000
2023-09-22,13287.169922,13353.219727,13200.639648,13211.809570,13211.809570,4302700000
2023-09-25,13172.540039,13277.830078,13132.000000,13271.320313,13271.320313,4100290000
2023-09-26,13180.959961,13199.129883,13033.400391,13063.610352,13063.610352,4693540000
2023-09-27,13115.360352,13156.370117,12963.160156,13092.849609,13092.849609,4841410000
2023-09-28,13043.370117,13270.969727,13025.110352,13201.280273,13201.280273,4648390000
2023-09-29,13337.709961,13382.980469,13177.089844,13219.320313,13219.320313,5138500000
2023-10-02,13217.980469,13364.030273,13204.080078,13307.769531,13307.769531,4554700000
2023-10-03,13229.679688,13280.040039,13008.599609,13059.469727,13059.469727,4684310000
2023-10-04,13092.919922,13258.759766,13072.509766,13236.009766,13236.009766,4308070000
2023-10-05,13228.120117,13251.179688,13087.570313,13219.830078,13219.830078,4167470000
2023-10-06,13127.679688,13472.269531,13099.030273,13431.339844,13431.339844,4309420000
2023-10-09,13326.219727,13509.299805,13277.480469,13484.240234,13484.240234,3835930000
2023-10-10,13505.809570,13659.629883,13491.809570,13562.839844,13562.839844,4301350000
2023-10-11,13619.209961,13671.110352,13549.290039,13659.679688,13659.679688,4160440000
2023-10-12,13672.469727,13714.139648,13491.559570,13574.219727,13574.219727,4858620000
2023-10-13,13613.589844,13619.540039,13361.849609,13407.230469,13407.230469,4251550000
2023-10-16,13453.809570,13598.049805,13447.169922,13567.980469,13567.980469,4308690000
2023-10-17,13419.870117,13602.250000,13364.740234,13533.750000,13533.750000,4417640000
2023-10-18,13439.679688,13499.740234,13275.299805,13314.299805,13314.299805,4617140000
2023-10-19,13354.799805,13404.730469,13157.330078,13186.179688,13186.179688,5014790000
2023-10-20,13157.769531,13177.349609,12977.429688,12983.809570,12983.809570,4622840000
2023-10-23,12930.849609,13143.219727,12848.830078,13018.330078,13018.330078,4669060000
2023-10-24,13084.990234,13170.389648,13022.849609,13139.870117,13139.870117,4604720000
2023-10-25,13039.860352,13042.519531,12804.299805,12821.219727,12821.219727,4599850000
2023-10-26,12768.969727,12818.139648,12543.860352,12595.610352,12595.610352,4894900000
2023-10-27,12718.690430,12772.429688,12600.570313,12643.009766,12643.009766,4172100000
2023-10-30,12750.469727,12842.959961,12691.559570,12789.480469,12789.480469,4149320000
2023-10-31,12786.620117,12859.400391,12697.040039,12851.240234,12851.240234,4315630000
2023-11-01,12887.059570,13072.419922,12875.200195,13061.469727,13061.469727,4545120000
2023-11-02,13230.490234,13302.179688,13177.639648,13294.190430,13294.190430,4962950000
2023-11-03,13362.849609,13520.280273,13344.730469,13478.280273,13478.280273,4918750000
2023-11-06,13514.080078,13551.620117,13435.990234,13518.780273,13518.780273,4345850000
2023-11-07,13555.790039,13675.459961,13516.559570,13639.860352,13639.860352,4354460000
2023-11-08,13660.219727,13684.870117,13573.580078,13650.410156,13650.410156,4685550000
2023-11-09,13693.700195,13697.820313,13506.019531,13521.450195,13521.450195,5313970000
2023-11-10,13571.190430,13802.530273,13556.349609,13798.110352,13798.110352,4722140000
2023-11-13,13745.959961,13805.110352,13687.780273,13767.740234,13767.740234,4349590000
2023-11-14,14015.370117,14124.059570,14003.139648,14094.379883,14094.379883,5332490000
2023-11-15,14147.269531,14194.360352,14060.700195,14103.839844,14103.839844,5063830000
2023-11-16,14066.879883,14130.450195,14033.790039,14113.669922,14113.669922,4545180000
2023-11-17,14101.440430,14154.320313,14063.929688,14125.480469,14125.480469,4408640000
2023-11-20,14134.750000,14309.799805,14134.200195,14284.530273,14284.530273,4561810000
2023-11-21,14217.230469,14237.500000,14146.309570,14199.980469,14199.980469,4128600000
2023-11-22,14283.820313,14359.610352,14226.629883,14265.860352,14265.860352,3855240000
2023-11-24,14238.040039,14270.280273,14214.129883,14250.849609,14250.849609,2541840000
2023-11-27,14239.309570,14305.709961,14205.240234,14241.019531,14241.019531,4205880000
2023-11-28,14224.629883,14303.660156,14195.719727,14281.759766,14281.759766,4474400000
2023-11-29,14367.110352,14423.219727,14247.889648,14258.490234,14258.490234,4890220000
2023-11-30,14265.049805,14289.200195,14127.049805,14226.219727,14226.219727,5678070000
2023-12-01,14181.349609,14311.950195,14135.000000,14305.030273,14305.030273,5607000000
2023-12-04,14168.660156,14197.519531,14058.519531,14185.490234,14185.490234,6270020000
2023-12-05,14126.400391,14285.660156,14121.759766,14229.910156,14229.910156,6179120000
2023-12-06,14325.620117,14327.629883,14138.509766,14146.709961,14146.709961,5167030000
2023-12-07,14230.429688,14353.110352,14220.870117,14339.990234,14339.990234,5694310000
2023-12-08,14279.459961,14416.919922,14264.959961,14403.969727,14403.969727,5430840000
2023-12-11,14340.129883,14436.080078,14324.570313,14432.490234,14432.490234,5607820000
2023-12-12,14423.009766,14533.400391,14385.389648,14533.400391,14533.400391,4950100000
2023-12-13,14555.679688,14743.549805,14517.519531,14733.959961,14733.959961,6732040000
2023-12-14,14798.719727,14855.620117,14642.230469,14761.559570,14761.559570,8033170000
2023-12-15,14797.459961,14848.400391,14753.160156,14813.919922,14813.919922,8377630000
2023-12-18,14814.019531,14938.040039,14811.820313,14904.809570,14904.809570,5866080000
2023-12-19,14923.019531,15003.799805,14921.599609,15003.219727,15003.219727,5757180000
2023-12-20,14973.360352,15069.290039,14776.290039,14777.940430,14777.940430,6294700000
2023-12-21,14923.139648,14970.809570,14837.469727,14963.870117,14963.870117,5465640000
2023-12-22,15006.179688,15047.190430,14927.120117,14992.969727,14992.969727,4796600000
2023-12-26,15028.690430,15101.179688,15024.059570,15074.570313,15074.570313,6120600000
2023-12-27,15089.660156,15114.080078,15051.669922,15099.179688,15099.179688,7480170000
2023-12-28,15142.089844,15150.070313,15087.219727,15095.139648,15095.139648,5090570000
2023-12-29,15099.200195,15111.410156,14955.370117,15011.349609,15011.349609,5441060000
2024-01-02,14873.700195,14887.799805,14682.379883,14765.940430,14765.940430,5791170000
2024-01-03,14641.469727,14694.580078,14577.440430,14592.209961,14592.209961,5449950000
2024-01-04,14532.230469,14632.769531,14504.780273,14510.299805,14510.299805,5289220000
2024-01-05,14500.110352,14625.190430,14477.570313,14524.070313,14524.070313,5232820000
2024-01-08,14564.469727,14846.900391,14560.200195,14843.769531,14843.769531,6337770000
2024-01-09,14744.129883,14894.320313,14716.709961,14857.709961,14857.709961,5068410000
2024-01-10,14877.700195,14998.200195,14842.700195,14969.650391,14969.650391,4404590000
2024-01-11,15020.950195,15063.610352,14800.379883,14970.190430,14970.190430,5044690000
2024-01-12,15001.009766,15047.250000,14931.879883,14972.759766,14972.759766,4958940000
2024-01-16,14908.259766,15004.349609,14863.809570,14944.349609,14944.349609,6386180000
2024-01-17,14814.769531,14865.759766,14706.230469,14855.620117,14855.620117,5181740000
2024-01-18,14994.519531,15066.809570,14911.110352,15055.650391,15055.650391,5587440000
2024-01-19,15122.379883,15310.969727,15087.200195,15310.969727,15310.969727,5604950000
2024-01-22,15393.049805,15438.849609,15333.629883,15360.290039,15360.290039,5456240000
2024-01-23,15391.410156,15432.349609,15337.230469,15425.940430,15425.940430,5207680000
2024-01-24,15560.610352,15629.070313,15468.910156,15481.919922,15481.919922,4983210000
2024-01-25,15555.620117,15597.250000,15430.679688,15510.500000,15510.500000,5281570000
2024-01-26,15474.849609,15538.839844,15433.040039,15455.360352,15455.360352,4510530000
2024-01-29,15470.660156,15630.580078,15449.870117,15628.040039,15628.040039,4979310000
2024-01-30,15604.080078,15619.230469,15484.669922,15509.900391,15509.900391,4719240000
2024-01-31,15324.190430,15405.559570,15158.490234,15164.009766,15164.009766,5875610000
2024-02-01,15254.019531,15372.129883,15208.879883,15361.639648,15361.639648,5046920000
2024-02-02,15403.160156,15664.209961,15366.780273,15628.950195,15628.950195,4800690000
2024-02-05,15613.990234,15637.879883,15471.679688,15597.679688,15597.679688,4831020000
2024-02-06,15638.190430,15652.750000,15515.250000,15609.000000,15609.000000,4759640000
2024-02-07,15690.349609,15770.679688,15645.809570,15756.639648,15756.639648,4567580000
2024-02-08,15762.230469,15813.269531,15739.179688,15793.709961,15793.709961,5675850000
2024-02-09,15842.379883,16007.290039,15831.759766,15990.660156,15990.660156,5797260000
2024-02-12,15980.620117,16080.070313,15917.870117,15942.549805,15942.549805,5458490000
2024-02-13,15598.879883,15770.419922,15551.440430,15655.599609,15655.599609,5599860000
2024-02-14,15781.709961,15865.509766,15683.940430,15859.150391,15859.150391,5092660000
2024-02-15,15865.299805,15911.219727,15779.719727,15906.169922,15906.169922,6049100000
2024-02-16,15910.429688,15917.410156,15752.019531,15775.650391,15775.650391,5223800000
2024-02-20,15679.839844,15730.469727,15508.500000,15630.780273,15630.780273,5595700000
2024-02-21,15532.120117,15583.679688,15451.650391,15580.870117,15580.870117,4845740000
2024-02-22,15904.480469,16061.820313,15869.240234,16041.620117,16041.620117,5653930000
2024-02-23,16094.799805,16134.219727,15954.500000,15996.820313,15996.820313,5077910000
2024-02-26,16014.450195,16054.900391,15973.900391,15976.250000,15976.250000,5417630000
2024-02-27,16013.980469,16046.099609,15940.509766,16035.299805,16035.299805,5423020000
2024-02-28,15969.139648,16003.559570,15924.719727,15947.740234,15947.740234,5581690000
2024-02-29,16059.339844,16115.959961,15931.700195,16091.919922,16091.919922,6265340000
2024-03-01,16109.830078,16302.240234,16096.599609,16274.940430,16274.940430,5457910000
2024-03-04,16264.209961,16289.059570,16199.059570,16207.509766,16207.509766,5725470000
2024-03-05,16077.740234,16087.570313,15862.629883,15939.589844,15939.589844,6356800000
2024-03-06,16092.000000,16128.559570,15956.660156,16031.540039,16031.540039,5511370000
2024-03-07,16147.320313,16309.019531,16096.009766,16273.379883,16273.379883,5072790000
2024-03-08,16322.099609,16449.699219,16059.500000,16085.110352,16085.110352,5411790000
2024-03-11,16052.629883,16085.950195,15978.040039,16019.269531,16019.269531,4917620000
2024-03-12,16116.980469,16275.450195,15992.980469,16265.639648,16265.639648,5100330000
2024-03-13,16220.110352,16233.299805,16143.339844,16177.769531,16177.769531,4839000000
2024-03-14,16209.190430,16245.320313,16039.679688,16128.530273,16128.530273,5450980000
2024-03-15,16043.580078,16055.330078,15925.910156,15973.169922,15973.169922,8261950000
2024-03-18,16154.919922,16247.589844,16094.169922,16103.450195,16103.450195,5025040000
2024-03-19,16031.929688,16175.589844,15951.860352,16166.790039,16166.790039,4758740000
2024-03-20,16185.759766,16377.440430,16127.480469,16369.410156,16369.410156,5298380000
2024-03-21,16517.240234,16538.859375,16393.900391,16401.839844,16401.839844,5134740000
2024-03-22,16387.830078,16467.619141,16361.000000,16428.820313,16428.820313,4339930000
2024-03-25,16335.299805,16441.169922,16315.719727,16384.470703,16384.470703,4636940000
2024-03-26,16446.849609,16476.380859,16312.950195,16315.700195,16315.700195,5144260000
2024-03-27,16424.759766,16431.820313,16279.169922,16399.519531,16399.519531,4768930000
2024-03-28,16377.230469,16420.919922,16347.379883,16379.459961,16379.459961,5174450000
2024-04-01,16397.050781,16490.650391,16327.889648,16396.830078,16396.830078,4798390000
2024-04-02,16199.240234,16251.410156,16137.240234,16240.450195,16240.450195,4710280000
2024-04-03,16178.799805,16340.740234,16169.309570,16277.459961,16277.459961,5151500000
2024-04-04,16418.570313,16468.039063,16046.559570,16049.080078,16049.080078,5368700000
2024-04-05,16095.400391,16326.500000,16080.480469,16248.519531,16248.519531,4578130000
2024-04-08,16285.179688,16323.599609,16220.719727,16253.959961,16253.959961,4386700000
2024-04-09,16328.759766,16348.179688,16141.150391,16306.639648,16306.639648,4869190000
2024-04-10,16104.009766,16200.099609,16092.019531,16170.360352,16170.360352,5308250000
2024-04-11,16236.200195,16464.599609,16154.650391,16442.199219,16442.199219,4714750000
2024-04-12,16293.030273,16341.459961,16125.330078,16175.089844,16175.089844,4552740000
2024-04-15,16276.469727,16295.269531,15863.879883,15885.019531,15885.019531,4910550000
2024-04-16,15856.379883,15965.790039,15822.019531,15865.250000,15865.250000,5001860000
2024-04-17,15942.290039,15957.030273,15654.509766,15683.370117,15683.370117,4991470000
2024-04-18,15705.690430,15786.120117,15587.500000,15601.500000,15601.500000,4932540000
2024-04-19,15547.099609,15576.700195,15222.780273,15282.009766,15282.009766,5316010000
2024-04-22,15396.129883,15539.000000,15265.660156,15451.309570,15451.309570,4616730000
2024-04-23,15525.549805,15730.349609,15510.589844,15696.639648,15696.639648,4951670000
2024-04-24,15805.599609,15839.000000,15634.440430,15712.750000,15712.750000,4735870000
2024-04-25,15375.259766,15644.509766,15343.910156,15611.759766,15611.759766,4743640000
2024-04-26,15821.339844,15981.000000,15770.719727,15927.900391,15927.900391,4694400000
2024-04-29,16007.000000,16021.490234,15885.889648,15983.080078,15983.080078,4972520000
2024-04-30,15920.889648,15979.360352,15655.669922,15657.820313,15657.820313,5229400000
2024-05-01,15646.089844,15926.219727,15557.639648,15605.480469,15605.480469,5277790000
2024-05-02,15758.110352,15862.790039,15604.730469,15840.959961,15840.959961,4901610000
2024-05-03,16147.480469,16204.709961,16068.339844,16156.330078,16156.330078,4887310000
2024-05-06,16208.540039,16350.080078,16197.860352,16349.250000,16349.250000,4460130000
2024-05-07,16358.339844,16397.390625,16303.839844,16332.559570,16332.559570,5041870000
2024-05-08,16226.070313,16341.650391,16226.070313,16302.759766,16302.759766,4530190000
2024-05-09,16323.740234,16362.790039,16241.980469,16346.259766,16346.259766,4505120000
2024-05-10,16389.019531,16437.390625,16293.519531,16340.870117,16340.870117,4402110000
2024-05-13,16400.310547,16407.050781,16334.860352,16388.240234,16388.240234,4452750000
2024-05-14,16391.160156,16526.269531,16386.429688,16511.179688,16511.179688,7270240000
2024-05-15,16601.140625,16749.740234,16544.089844,16742.390625,16742.390625,8538990000
2024-05-16,16738.109375,16797.830078,16693.449219,16698.320313,16698.320313,11932600000
2024-05-17,16708.490234,16726.410156,16613.839844,16685.970703,16685.970703,9587280000
2024-05-20,16702.019531,16823.830078,16695.689453,16794.869141,16794.869141,6861320000
2024-05-21,16736.099609,16839.019531,16719.970703,16832.619141,16832.619141,6245090000
2024-05-22,16839.019531,16855.269531,16712.089844,16801.539063,16801.539063,7277340000
2024-05-23,16996.390625,16996.390625,16678.369141,16736.029297,16736.029297,7752800000
2024-05-24,16786.789063,16947.800781,16771.580078,16920.789063,16920.789063,5836040000
2024-05-28,16988.310547,17032.660156,16917.509766,17019.880859,17019.880859,6293380000
2024-05-29,16879.349609,16989.599609,16873.970703,16920.580078,16920.580078,6652480000
2024-05-30,16878.630859,16900.460938,16690.359375,16737.080078,16737.080078,6659290000
2024-05-31,16771.900391,16789.269531,16445.539063,16735.019531,16735.019531,6674090000
2024-06-03,16865.699219,16909.890625,16646.429688,16828.669922,16828.669922,5422040000